method,conflict_id,content_class,style_class,decision,clean_prediction_is_content,texture_rank_clean,texture_rank_conflict,texture_prob_clean,texture_prob_conflict,shape_prob_clean,shape_prob_conflict
resnet50,c0_s1_0000_7975_3588,airplane,bird,other,True,2,3,0.003126160241663456,0.19095589220523834,0.993979811668396,0.12008205056190491
resnet50,c0_s1_0001_6500_5425,airplane,bird,texture,True,2,1,0.005030629690736532,0.9576960206031799,0.9927934408187866,0.03483344241976738
resnet50,c0_s1_0002_359_3161,airplane,bird,other,True,4,4,0.00014220202865544707,0.09996252506971359,0.9928145408630371,0.1940837949514389
resnet50,c0_s1_0003_808_6982,airplane,bird,texture,True,7,1,0.00029580603586509824,0.7673476338386536,0.9912864565849304,0.015261045657098293
resnet50,c0_s1_0004_422_5240,airplane,bird,other,True,7,2,3.3383097616024315e-05,0.4633912742137909,0.9987485408782959,1.4734822798345704e-05
resnet50,c0_s1_0005_7782_4188,airplane,bird,shape,True,2,3,0.004579527303576469,0.08013642579317093,0.9865108728408813,0.607397735118866
resnet50,c0_s1_0009_5067_5093,airplane,bird,texture,True,2,1,0.006893991958349943,0.9399359822273254,0.9873036742210388,0.006613792385905981
resnet50,c0_s1_0010_5276_1428,airplane,bird,texture,True,2,1,0.00010592945181997493,0.9977053999900818,0.9998001456260681,0.0015622625360265374
resnet50,c0_s1_0011_298_4361,airplane,bird,texture,True,8,1,2.6571542548481375e-05,0.997191846370697,0.996465802192688,4.3913045374210924e-05
resnet50,c0_s1_0012_480_4188,airplane,bird,texture,True,2,1,0.005357136484235525,0.5387275815010071,0.9899613857269287,0.23503407835960388
resnet50,c0_s1_0013_5068_6498,airplane,bird,shape,True,7,5,4.172408443992026e-05,0.0024200931657105684,0.9964306950569153,0.5052125453948975
resnet50,c0_s1_0014_5068_564,airplane,bird,texture,True,7,1,4.172408443992026e-05,0.9717497229576111,0.9964306950569153,0.0002466269943397492
resnet50,c0_s1_0015_241_1428,airplane,bird,texture,True,2,1,0.00015130621613934636,0.5419487357139587,0.999467670917511,0.0015300614759325981
resnet50,c0_s1_0016_1463_3530,airplane,bird,texture,True,2,1,0.010657573118805885,0.9927822351455688,0.9882358908653259,0.0011435687774792314
resnet50,c0_s1_0017_2937_5394,airplane,bird,texture,True,6,1,2.0387703898450127e-06,0.8517325520515442,0.9998045563697815,0.0007933960296213627
resnet50,c0_s1_0018_5624_5830,airplane,bird,shape,True,3,2,0.001722676563076675,0.023806490004062653,0.9898223876953125,0.9649896621704102
resnet50,c0_s1_0020_5068_4709,airplane,bird,texture,True,7,1,4.172408443992026e-05,0.9939190149307251,0.9964306950569153,1.6135702026076615e-05
resnet50,c0_s1_0022_1463_3834,airplane,bird,texture,True,2,1,0.010657573118805885,0.9998244643211365,0.9882358908653259,0.00013421133917290717
resnet50,c0_s1_0023_241_6410,airplane,bird,other,True,2,2,0.00015130621613934636,0.26523783802986145,0.999467670917511,0.05245039984583855
resnet50,c0_s1_0024_5785_1428,airplane,bird,shape,True,3,7,4.1523435356793925e-05,0.00024086162738967687,0.9998377561569214,0.9560725092887878
resnet50,c1_s0_0000_6014_4533,bird,airplane,shape,True,5,4,1.2855172144554672e-06,7.281316356966272e-06,0.9999597072601318,0.9999326467514038
resnet50,c1_s0_0001_3144_7165,bird,airplane,shape,True,5,6,0.024256998673081398,0.0007241524290293455,0.8063724040985107,0.9888551831245422
resnet50,c1_s0_0002_963_7334,bird,airplane,shape,True,5,8,2.914793640229618e-06,3.5418358379502024e-07,0.9991647005081177,0.9996627569198608
resnet50,c1_s0_0003_1428_3999,bird,airplane,shape,True,7,2,2.6120399070350686e-06,0.015409840270876884,0.9998512268066406,0.9751452207565308
resnet50,c1_s0_0005_4709_2210,bird,airplane,shape,True,7,7,0.00044289565994404256,5.088448688184144e-06,0.9932377338409424,0.9997521042823792
resnet50,c1_s0_0008_4188_7334,bird,airplane,shape,True,4,3,0.00010748367640189826,4.2205203499179333e-05,0.9993637204170227,0.9998326301574707
resnet50,c1_s0_0010_5830_3999,bird,airplane,shape,True,2,2,0.00015585900109726936,0.006456426344811916,0.9995583891868591,0.9932077527046204
resnet50,c1_s0_0011_2988_339,bird,airplane,shape,True,4,9,3.977492087869905e-05,2.7920432188466293e-08,0.9997574687004089,0.9999871253967285
resnet50,c1_s0_0012_5546_60,bird,airplane,shape,True,2,2,9.695484914118424e-05,0.00018817270756699145,0.9997531771659851,0.9995666146278381
resnet50,c1_s0_0013_1218_5276,bird,airplane,shape,True,2,5,9.07550856936723e-05,1.4375067394212238e-06,0.9997571110725403,0.9999877214431763
resnet50,c1_s0_0014_3161_728,bird,airplane,shape,True,7,6,8.692451956449077e-06,2.215993504250946e-07,0.9996402263641357,0.9999775886535645
resnet50,c1_s0_0015_5929_3759,bird,airplane,shape,True,5,7,2.7623048026725883e-06,6.173445399326738e-07,0.9999303817749023,0.9999557733535767
resnet50,c1_s0_0016_1302_7975,bird,airplane,shape,True,3,3,0.001083018141798675,0.0009778328239917755,0.9951769113540649,0.9965908527374268
resnet50,c1_s0_0017_5425_60,bird,airplane,shape,True,2,3,0.00022414728300645947,0.00236329878680408,0.9996229410171509,0.9928755760192871
resnet50,c1_s0_0018_963_3397,bird,airplane,shape,True,5,10,2.914793640229618e-06,0.0005732100107707083,0.9991647005081177,0.9690163731575012
resnet50,c1_s0_0020_3834_298,bird,airplane,shape,True,5,8,2.5561592337908223e-05,6.376682293307567e-09,0.9996942281723022,0.9999990463256836
resnet50,c1_s0_0021_5929_4533,bird,airplane,shape,True,5,6,2.7623048026725883e-06,4.5994955144124106e-05,0.9999303817749023,0.9983578324317932
resnet50,c1_s0_0022_1353_1977,bird,airplane,shape,True,8,2,0.008340245112776756,0.00025766261387616396,0.802504301071167,0.9996083378791809
resnet50,c1_s0_0023_4709_60,bird,airplane,shape,True,7,8,0.00044289565994404256,1.2559322613014956e-06,0.9932377338409424,0.9999110698699951
resnet50,c1_s0_0024_225_3999,bird,airplane,shape,True,2,2,0.0007240199483931065,0.026453841477632523,0.9992043375968933,0.9705426692962646
resnet50,c1_s2_0000_1740_6683,bird,car,shape,True,9,10,5.29112412550603e-06,1.128861003962811e-05,0.9992116689682007,0.9965523481369019
resnet50,c1_s2_0001_225_5577,bird,car,shape,True,10,9,1.4219483546185074e-06,0.0001653858198551461,0.9992043375968933,0.8087195754051208
resnet50,c1_s2_0002_6022_7711,bird,car,shape,True,10,10,9.074533977582178e-07,8.290642654174007e-06,0.9996365308761597,0.9975122213363647
resnet50,c1_s2_0003_5546_6683,bird,car,shape,True,9,8,3.858795480482513e-06,0.00011484908463899046,0.9997531771659851,0.9916977882385254
resnet50,c1_s2_0004_5240_2436,bird,car,shape,True,9,6,3.040689080080483e-06,1.2865756389146554e-06,0.999479353427887,0.999962568283081
resnet50,c1_s2_0006_7066_3067,bird,car,shape,True,8,9,0.00015236595936585218,2.4920843770814827e-06,0.9972175359725952,0.9989603757858276
resnet50,c1_s2_0007_1428_5463,bird,car,shape,True,9,10,1.410855247740983e-06,1.4710143148022325e-07,0.9998512268066406,0.9999779462814331
resnet50,c1_s2_0009_2988_7327,bird,car,shape,True,8,10,7.223346074169967e-06,6.141235786571997e-08,0.9997574687004089,0.9998979568481445
resnet50,c1_s2_0010_5093_2909,bird,car,shape,True,9,10,8.263009658548981e-05,2.578482281023753e-07,0.989983320236206,0.9998922348022461
resnet50,c1_s2_0011_1740_1179,bird,car,shape,True,9,10,5.29112412550603e-06,5.47863201063592e-05,0.9992116689682007,0.9880431890487671
resnet50,c1_s2_0012_6014_6548,bird,car,shape,True,9,7,2.3355681832981645e-07,5.679832975147292e-05,0.9999597072601318,0.9984583854675293
resnet50,c1_s2_0014_5425_6548,bird,car,other,True,9,6,2.8172364636702696e-06,0.006718452554196119,0.9996229410171509,0.03927580639719963
resnet50,c1_s2_0015_5929_2252,bird,car,shape,True,10,10,2.797483205085882e-07,1.635589069337584e-05,0.9999303817749023,0.9854171872138977
resnet50,c1_s2_0016_3537_6795,bird,car,shape,True,7,8,2.4233400836237706e-05,1.19509388696315e-06,0.999576985836029,0.999661922454834
resnet50,c1_s2_0017_2673_313,bird,car,shape,True,9,8,4.4728212742484175e-06,1.7111677152570337e-05,0.999811589717865,0.9736565351486206
resnet50,c1_s2_0018_3530_2611,bird,car,shape,True,9,10,1.0942581866402179e-05,7.879413601585838e-07,0.9995355606079102,0.9998058676719666
resnet50,c1_s2_0019_275_6548,bird,car,other,True,10,5,0.00014082322013564408,0.0023052373435348272,0.9939242005348206,0.1583242118358612
resnet50,c1_s2_0021_5093_6738,bird,car,shape,True,9,9,8.263009658548981e-05,2.562274659112518e-08,0.989983320236206,0.9999815225601196
resnet50,c1_s2_0022_275_2915,bird,car,shape,True,10,7,0.00014082322013564408,0.0003386830212548375,0.9939242005348206,0.9772396087646484
resnet50,c1_s2_0024_225_4316,bird,car,shape,True,10,9,1.4219483546185074e-06,4.5024350470157515e-07,0.9992043375968933,0.9990634322166443
resnet50,c2_s1_0000_7392_3588,car,bird,shape,True,9,8,2.7919157219002955e-05,0.009867459535598755,0.9980716109275818,0.45069050788879395
resnet50,c2_s1_0001_5011_5929,car,bird,shape,True,8,7,9.082399628823623e-06,0.00039697493775747716,0.9994171857833862,0.9902950525283813
resnet50,c2_s1_0002_6216_4733,car,bird,shape,True,7,5,2.671991751412861e-05,0.004391133785247803,0.9992015957832336,0.8478932976722717
resnet50,c2_s1_0004_2436_1302,car,bird,texture,True,5,1,6.425718311220407e-05,0.3771675229072571,0.997503936290741,0.34201377630233765
resnet50,c2_s1_0005_2611_5425,car,bird,shape,True,9,4,8.474240894429386e-05,0.001585731515660882,0.9879218935966492,0.7768656015396118
resnet50,c2_s1_0006_2392_3161,car,bird,shape,True,4,8,7.180130342021585e-05,0.00020040228264406323,0.9986532926559448,0.996493399143219
resnet50,c2_s1_0007_1731_4709,car,bird,texture,True,10,1,3.6881397136312444e-06,0.8058468103408813,0.999570906162262,0.09697141498327255
resnet50,c2_s1_0008_1179_6938,car,bird,shape,True,8,2,0.0004900901112705469,0.20546308159828186,0.9807029962539673,0.7311058044433594
resnet50,c2_s1_0009_6548_1428,car,bird,shape,True,10,2,5.215680357650854e-05,0.011311361566185951,0.9872481226921082,0.9662985801696777
resnet50,c2_s1_0010_1731_6498,car,bird,shape,True,10,10,3.6881397136312444e-06,0.00011828774586319923,0.999570906162262,0.5460785627365112
resnet50,c2_s1_0012_4605_7066,car,bird,shape,True,7,3,1.7175943867187016e-05,0.005904837045818567,0.9995874762535095,0.961205005645752
resnet50,c2_s1_0013_1179_3588,car,bird,shape,True,8,5,0.0004900901112705469,0.020146017894148827,0.9807029962539673,0.7632570862770081
resnet50,c2_s1_0014_2503_3530,car,bird,other,True,6,3,0.0009040393051691353,0.0064769405871629715,0.9836745262145996,0.002455937210470438
resnet50,c2_s1_0015_5577_5093,car,bird,shape,True,7,4,1.6739393686293624e-05,0.006371320690959692,0.9994639754295349,0.9547339081764221
resnet50,c2_s1_0016_6981_3254,car,bird,shape,True,7,7,2.7187539672013372e-05,0.00032566211302764714,0.999541163444519,0.995452344417572
resnet50,c2_s1_0018_3067_3834,car,bird,shape,True,5,2,0.0006708853179588914,0.030277738347649574,0.9931220412254333,0.9541457295417786
resnet50,c2_s1_0019_6738_1081,car,bird,shape,True,6,2,3.3659245673334226e-05,0.1783221811056137,0.9993594288825989,0.6550685167312622
resnet50,c2_s1_0022_2611_7066,car,bird,shape,True,9,3,8.474240894429386e-05,0.08727463334798813,0.9879218935966492,0.759627103805542
resnet50,c2_s1_0023_5004_3161,car,bird,shape,True,9,2,1.0943410416075494e-05,0.00015618684119544923,0.9997151494026184,0.9994576573371887
resnet50,c2_s1_0024_1179_6072,car,bird,shape,True,8,2,0.0004900901112705469,0.1449742615222931,0.9807029962539673,0.56758052110672
resnet50,c1_s3_0001_6938_6094,bird,cat,shape,True,2,3,0.0002322674117749557,4.0426733903586864e-05,0.9992080330848694,0.9998693466186523
resnet50,c1_s3_0002_4733_3375,bird,cat,shape,True,2,2,0.058463893830776215,0.0008048518211580813,0.7940190434455872,0.9987159967422485
resnet50,c1_s3_0003_3388_3375,bird,cat,shape,True,3,4,7.633026689291e-05,5.7081600971287116e-05,0.9996711015701294,0.9997442364692688
resnet50,c1_s3_0004_5425_897,bird,cat,other,True,7,2,4.924958830088144e-06,0.12363997846841812,0.9996229410171509,0.030688120052218437
resnet50,c1_s3_0005_3223_2785,bird,cat,shape,True,4,8,0.0006753724301233888,3.501087849144824e-05,0.9948843121528625,0.999006450176239
resnet50,c1_s3_0006_1081_1563,bird,cat,shape,False,1,2,0.698964536190033,0.012769780121743679,0.3004142642021179,0.9831275939941406
resnet50,c1_s3_0007_6068_6459,bird,cat,shape,True,4,5,0.0009709059959277511,0.00022072122374083847,0.9953243732452393,0.9900463223457336
resnet50,c1_s3_0008_1491_6094,bird,cat,shape,True,8,4,0.00014845204714220017,0.0040461476892232895,0.9960005879402161,0.9638994932174683
resnet50,c1_s3_0009_1353_1531,bird,cat,shape,True,2,3,0.07640853524208069,0.00997235905379057,0.802504301071167,0.96240234375
resnet50,c1_s3_0010_4709_1622,bird,cat,shape,True,3,4,0.0013938836054876447,2.333296652068384e-05,0.9932377338409424,0.9998477697372437
resnet50,c1_s3_0011_5830_6385,bird,cat,shape,True,8,8,1.2960181265952997e-05,2.39700682413968e-07,0.9995583891868591,0.9999568462371826
resnet50,c1_s3_0013_5394_5294,bird,cat,shape,True,4,2,3.7369318306446075e-05,0.00015424114826600999,0.9998327493667603,0.9997058510780334
resnet50,c1_s3_0014_4361_6632,bird,cat,other,True,5,3,0.0008375137695111334,0.017983658239245415,0.9451504349708557,0.016848323866724968
resnet50,c1_s3_0015_5122_1968,bird,cat,shape,True,2,2,0.00013394313282333314,0.0002793283201754093,0.999509334564209,0.9995518326759338
resnet50,c1_s3_0016_3161_1968,bird,cat,shape,True,4,3,1.7747270248946734e-05,4.0447186620440334e-05,0.9996402263641357,0.9995569586753845
resnet50,c1_s3_0019_7066_874,bird,cat,shape,True,5,4,0.00023752755078021437,0.0017951849149540067,0.9972175359725952,0.7976887822151184
resnet50,c1_s3_0020_3144_4184,bird,cat,shape,True,4,3,0.030405404046177864,7.022084173513576e-05,0.8063724040985107,0.9997637867927551
resnet50,c1_s3_0021_2988_3202,bird,cat,shape,True,6,5,1.9613828044384718e-05,1.038307982526021e-05,0.9997574687004089,0.9997389912605286
resnet50,c1_s3_0022_6022_6575,bird,cat,shape,True,5,3,2.4778108127065934e-05,0.0004934034077450633,0.9996365308761597,0.9961726069450378
resnet50,c1_s3_0024_6498_6324,bird,cat,other,True,5,4,0.010194550268352032,0.022387513890862465,0.8859375715255737,0.1155145987868309
resnet50,c3_s1_0000_1563_6938,cat,bird,other,True,6,2,0.0024995175190269947,0.20947688817977905,0.9221372604370117,0.18527068197727203
resnet50,c3_s1_0001_3202_6938,cat,bird,shape,True,7,5,1.3380285054154228e-05,0.00015609902038704604,0.9996044039726257,0.99543696641922
resnet50,c3_s1_0002_5522_6498,cat,bird,shape,True,3,4,1.817807242332492e-05,0.0008951631025411189,0.9999524354934692,0.9638519883155823
resnet50,c3_s1_0004_589_1302,cat,bird,texture,True,3,1,0.0007146830903366208,0.9935559630393982,0.9960150122642517,0.0004516356566455215
resnet50,c3_s1_0006_6385_2988,cat,bird,shape,True,2,2,0.00039397977525368333,0.0033816432114690542,0.9989577531814575,0.9961796998977661
resnet50,c3_s1_0007_4858_6498,cat,bird,shape,True,5,3,2.6200272259302437e-05,3.2489679142599925e-05,0.9997645020484924,0.9998388290405273
resnet50,c3_s1_0008_6324_1302,cat,bird,shape,True,3,2,0.0037728184834122658,0.0311428252607584,0.9857080578804016,0.9377278089523315
resnet50,c3_s1_0009_6826_6498,cat,bird,shape,True,4,3,0.00015856650134082884,0.015849411487579346,0.999057948589325,0.923186719417572
resnet50,c3_s1_0010_2785_6068,cat,bird,other,True,6,5,3.439985675868229e-06,0.0025370335206389427,0.8358624577522278,0.05850311368703842
resnet50,c3_s1_0011_3375_225,cat,bird,shape,True,6,2,0.00013684526493307203,0.23947681486606598,0.956903338432312,0.484809935092926
resnet50,c3_s1_0012_4856_6880,cat,bird,other,True,7,3,3.114630260370177e-07,0.003392786020413041,0.9996623992919922,0.2840491831302643
resnet50,c3_s1_0013_5294_4733,cat,bird,shape,True,6,2,2.9441374863381498e-05,0.33878615498542786,0.9986131191253662,0.529653012752533
resnet50,c3_s1_0014_6459_963,cat,bird,shape,True,3,3,0.0006301032262854278,0.008435570634901524,0.9970499277114868,0.9431304931640625
resnet50,c3_s1_0017_2434_5929,cat,bird,texture,True,3,1,0.0028996604960411787,0.9783431887626648,0.9822418689727783,0.021471945568919182
resnet50,c3_s1_0018_5976_7217,cat,bird,shape,True,2,2,0.0009350719046778977,0.18325765430927277,0.9982360601425171,0.8145808577537537
resnet50,c3_s1_0019_5551_5830,cat,bird,texture,True,2,1,0.00025586734409444034,0.9999065399169922,0.9991751313209534,2.979752025566995e-05
resnet50,c3_s1_0020_4858_3834,cat,bird,shape,True,5,2,2.6200272259302437e-05,0.0025043634232133627,0.9997645020484924,0.9974128603935242
resnet50,c3_s1_0022_6459_3223,cat,bird,shape,True,3,2,0.0006301032262854278,0.0011402425589039922,0.9970499277114868,0.9973543882369995
resnet50,c3_s1_0023_1187_1218,cat,bird,texture,True,6,1,1.6402306073359796e-06,0.9641349911689758,0.9964845180511475,0.013018280267715454
resnet50,c3_s1_0024_2480_3223,cat,bird,shape,True,5,5,3.336496592964977e-05,0.00011536157398950309,0.9991194605827332,0.9963909983634949
resnet50,c2_s4_0001_6053_6441,car,deer,shape,True,8,6,1.197767869598465e-05,0.0013141853269189596,0.9579891562461853,0.986354649066925
resnet50,c2_s4_0002_6981_6122,car,deer,shape,True,9,4,1.4983987966843415e-05,0.0005721822381019592,0.999541163444519,0.9962776303291321
resnet50,c2_s4_0003_3944_3078,car,deer,shape,True,10,4,9.504894114797935e-05,0.017291689291596413,0.8480120301246643,0.5724509358406067
resnet50,c2_s4_0004_7327_1694,car,deer,shape,True,8,4,4.604714922606945e-05,0.002780806738883257,0.9982409477233887,0.9729782938957214
resnet50,c2_s4_0005_6347_490,car,deer,shape,True,8,5,9.017408592626452e-05,0.002349145244807005,0.9983647465705872,0.9818809032440186
resnet50,c2_s4_0006_5577_1223,car,deer,shape,True,5,2,6.282019603531808e-05,0.02116420492529869,0.9994639754295349,0.9579742550849915
resnet50,c2_s4_0008_7843_1223,car,deer,shape,True,5,4,2.6349232939537615e-05,0.009595442563295364,0.9996966123580933,0.941493034362793
resnet50,c2_s4_0009_2252_4262,car,deer,shape,True,5,4,1.9122644516755827e-05,0.0003174841112922877,0.9997826218605042,0.9977912902832031
resnet50,c2_s4_0010_7711_321,car,deer,other,True,7,3,2.4044369638431817e-05,0.11762480437755585,0.9994555115699768,0.2735428512096405
resnet50,c2_s4_0011_6053_4616,car,deer,shape,True,8,6,1.197767869598465e-05,0.0024981778115034103,0.9579891562461853,0.8819357752799988
resnet50,c2_s4_0012_5484_6122,car,deer,shape,True,10,3,0.00012354394129943103,0.03807424008846283,0.9946861267089844,0.7021631598472595
resnet50,c2_s4_0013_7392_1223,car,deer,texture,True,3,1,0.000626869557891041,0.6479880809783936,0.9980716109275818,0.16304078698158264
resnet50,c2_s4_0016_3067_650,car,deer,shape,True,10,7,0.00021313807519618422,0.0014992005890235305,0.9931220412254333,0.9757364392280579
resnet50,c2_s4_0017_4316_3012,car,deer,other,True,9,3,1.3580763152276631e-05,0.02961340919137001,0.9991720914840698,0.06103742495179176
resnet50,c2_s4_0018_6216_1669,car,deer,shape,True,6,3,5.230328315519728e-05,0.002547459676861763,0.9992015957832336,0.9881682991981506
resnet50,c2_s4_0019_1059_2875,car,deer,shape,True,8,8,7.456227194779785e-06,0.002874530153349042,0.9995598196983337,0.8910099864006042
resnet50,c2_s4_0020_88_3444,car,deer,other,False,3,2,0.002776841167360544,0.35089945793151855,0.001974718878045678,0.0009366685408167541
resnet50,c2_s4_0021_6053_490,car,deer,shape,True,8,6,1.197767869598465e-05,0.002740305382758379,0.9579891562461853,0.9706048965454102
resnet50,c2_s4_0022_4440_7728,car,deer,shape,True,6,4,5.6842418416636065e-06,0.00022243383864406496,0.9999059438705444,0.9970928430557251
resnet50,c2_s4_0024_3067_4616,car,deer,shape,True,10,3,0.00021313807519618422,0.0057914662174880505,0.9931220412254333,0.96077960729599
resnet50,c4_s2_0002_6587_2915,deer,car,other,True,9,9,0.00012868664634879678,7.152328180382028e-06,0.9943034648895264,0.06122783198952675
resnet50,c4_s2_0003_321_6683,deer,car,shape,True,10,10,9.664764365879819e-05,1.1215739732506336e-06,0.9769966006278992,0.9953773021697998
resnet50,c4_s2_0004_5765_5663,deer,car,other,True,8,9,2.6054991394630633e-05,0.0001461122155888006,0.9965085387229919,0.014500564895570278
resnet50,c4_s2_0005_7910_6548,deer,car,shape,True,9,6,0.00047254335368052125,0.00023412250448018312,0.9690677523612976,0.9461480379104614
resnet50,c4_s2_0006_1550_1731,deer,car,shape,True,10,6,0.00022126230760477483,1.4375748833117541e-05,0.9875044226646423,0.9976122379302979
resnet50,c4_s2_0007_1694_3641,deer,car,other,True,10,6,0.00018170096154790372,0.001234728842973709,0.9920036196708679,0.017194556072354317
resnet50,c4_s2_0008_4089_4605,deer,car,other,True,8,9,0.001692584133706987,0.00014639405708294362,0.9619056582450867,0.07954099029302597
resnet50,c4_s2_0009_650_517,deer,car,other,False,9,4,1.0620673492667265e-05,0.07840833067893982,0.019262852147221565,0.010387763381004333
resnet50,c4_s2_0010_4616_1731,deer,car,shape,True,6,9,0.00016002595657482743,1.5372752386610955e-06,0.7231912016868591,0.9921829104423523
resnet50,c4_s2_0011_5708_1750,deer,car,other,True,10,9,0.00018793964409269392,0.00024965565535239875,0.9398851990699768,0.13606877624988556
resnet50,c4_s2_0013_4006_1731,deer,car,shape,True,8,6,8.980334678199142e-05,0.0002865293645299971,0.976488471031189,0.924922525882721
resnet50,c4_s2_0014_7910_6053,deer,car,shape,True,9,9,0.00047254335368052125,1.8566433936939575e-06,0.9690677523612976,0.81829434633255
resnet50,c4_s2_0015_1209_7711,deer,car,shape,True,8,10,0.000371883885236457,3.198293052264489e-05,0.9930201172828674,0.9955582618713379
resnet50,c4_s2_0016_2021_1750,deer,car,other,True,8,7,0.00012465327745303512,0.0005190791562199593,0.9651153683662415,0.0037949581164866686
resnet50,c4_s2_0017_4155_7327,deer,car,shape,True,10,7,3.660660240711877e-06,3.7258501834003255e-05,0.9992002844810486,0.9524733424186707
resnet50,c4_s2_0018_1550_2611,deer,car,shape,True,10,9,0.00022126230760477483,1.6602354662609287e-05,0.9875044226646423,0.9955497980117798
resnet50,c4_s2_0019_3928_332,deer,car,shape,True,5,10,0.00024281279183924198,1.7641757949604653e-05,0.8476523756980896,0.9016534090042114
resnet50,c4_s2_0020_4155_5177,deer,car,shape,True,10,6,3.660660240711877e-06,0.0015974510461091995,0.9992002844810486,0.9195235371589661
resnet50,c4_s2_0021_7910_2915,deer,car,shape,True,9,9,0.00047254335368052125,1.4144145552563714e-06,0.9690677523612976,0.9929117560386658
resnet50,c4_s2_0023_4616_313,deer,car,shape,True,6,8,0.00016002595657482743,2.8504699002951384e-05,0.7231912016868591,0.985373854637146
resnet50,c7_s9_0000_6149_7921,monkey,truck,other,True,8,2,0.0002959905250463635,0.22074678540229797,0.9949866533279419,0.002368684159591794
resnet50,c7_s9_0001_7769_1163,monkey,truck,other,True,6,7,0.0017416536575183272,0.00011017165525117889,0.981723427772522,0.003923360724002123
resnet50,c7_s9_0002_680_7705,monkey,truck,other,True,9,8,1.9226297808927484e-05,8.841362432576716e-05,0.9983262419700623,0.001642392249777913
resnet50,c7_s9_0004_2581_3200,monkey,truck,other,True,10,9,0.0003965368086937815,7.775453559588641e-05,0.9783412218093872,0.015623175539076328
resnet50,c7_s9_0005_2207_852,monkey,truck,other,True,7,9,3.8795682485215366e-05,0.0001218352117575705,0.9966155886650085,0.31559309363365173
resnet50,c7_s9_0006_7695_1163,monkey,truck,shape,True,10,10,5.687032899004407e-05,2.8940719857928343e-05,0.9968212842941284,0.9745126962661743
resnet50,c7_s9_0007_2982_7671,monkey,truck,texture,True,7,1,0.0011112620122730732,0.7482473850250244,0.9874362945556641,0.0009320190874859691
resnet50,c7_s9_0008_7505_852,monkey,truck,shape,True,4,9,0.00014854548498988152,0.0019961351063102484,0.9983445405960083,0.7998884916305542
resnet50,c7_s9_0009_2581_7671,monkey,truck,texture,True,10,1,0.0003965368086937815,0.4516657292842865,0.9783412218093872,0.0005749521078541875
resnet50,c7_s9_0011_1473_7767,monkey,truck,shape,True,10,10,0.0005627476493827999,7.266845841513714e-06,0.985547661781311,0.995635449886322
resnet50,c7_s9_0012_230_7767,monkey,truck,shape,True,10,6,6.501750613097101e-05,0.016469806432724,0.9984971284866333,0.34284016489982605
resnet50,c7_s9_0014_1656_7701,monkey,truck,shape,True,6,6,0.0002419001393718645,0.00025116337928920984,0.9977040886878967,0.9945104122161865
resnet50,c7_s9_0015_1122_3103,monkey,truck,other,True,9,7,1.4667000868939795e-05,0.00422482006251812,0.9829869270324707,0.0060689812526106834
resnet50,c7_s9_0016_1224_1522,monkey,truck,shape,True,7,8,0.0005784492823295295,0.0005298174219205976,0.9924696087837219,0.9336755275726318
resnet50,c7_s9_0017_2787_3249,monkey,truck,shape,True,8,9,5.4224456107476726e-05,0.0002179725852329284,0.9989206790924072,0.9906310439109802
resnet50,c7_s9_0018_5535_243,monkey,truck,other,True,10,3,3.9209085116453934e-06,0.15765538811683655,0.9991344809532166,0.019441375508904457
resnet50,c7_s9_0019_2581_243,monkey,truck,other,True,10,8,0.0003965368086937815,0.005189437419176102,0.9783412218093872,0.03043449856340885
resnet50,c7_s9_0020_6225_7049,monkey,truck,other,True,9,9,0.00013504253001883626,0.0006944126216694713,0.9966172575950623,0.046304598450660706
resnet50,c7_s9_0021_6840_4049,monkey,truck,other,True,8,2,8.66454211063683e-05,0.35536569356918335,0.9880479574203491,0.00027190722175873816
resnet50,c7_s9_0022_864_2674,monkey,truck,other,True,10,2,0.00014616496628150344,0.09199927747249603,0.9935981035232544,0.0007382753537967801
resnet50,c9_s7_0001_852_680,truck,monkey,shape,True,9,5,7.681063289055601e-05,0.010749625973403454,0.9976038336753845,0.5611695051193237
resnet50,c9_s7_0002_3428_2207,truck,monkey,shape,True,5,10,0.00047290619113482535,1.7110358385252766e-05,0.992229163646698,0.9376004338264465
resnet50,c9_s7_0003_7147_2982,truck,monkey,shape,True,10,9,6.455133552663028e-05,5.587272426055279e-06,0.9982511401176453,0.9930728077888489
resnet50,c9_s7_0004_7330_5697,truck,monkey,shape,True,6,10,0.00019626348512247205,6.131139525678009e-05,0.9792996048927307,0.9656406044960022
resnet50,c9_s7_0005_5211_4773,truck,monkey,shape,True,9,8,3.2305504191754153e-06,0.0001655433006817475,0.9983976483345032,0.9748445153236389
resnet50,c9_s7_0006_4956_5535,truck,monkey,other,True,6,5,0.00020652422972489148,0.036364223808050156,0.9967725872993469,0.00373748317360878
resnet50,c9_s7_0007_6496_4951,truck,monkey,shape,True,7,7,0.00017081543046515435,0.00020383768423926085,0.9976527094841003,0.9356119632720947
resnet50,c9_s7_0008_3249_6374,truck,monkey,other,False,7,7,0.00041880286880768836,0.0072608995251357555,0.0730389803647995,0.02257237210869789
resnet50,c9_s7_0009_4049_6322,truck,monkey,other,True,7,8,0.00010409670358058065,0.0007706350297667086,0.9976934790611267,0.13875234127044678
resnet50,c9_s7_0010_5621_2773,truck,monkey,shape,True,10,5,0.0001201320337713696,0.013658110983669758,0.9875810146331787,0.8794836401939392
resnet50,c9_s7_0011_7654_6869,truck,monkey,shape,True,7,10,0.0002599779691081494,0.00010572087194304913,0.9958826303482056,0.5919634103775024
resnet50,c9_s7_0012_4049_3590,truck,monkey,shape,True,7,7,0.00010409670358058065,6.130927795311436e-05,0.9976934790611267,0.9986151456832886
resnet50,c9_s7_0013_7654_6840,truck,monkey,shape,True,7,10,0.0002599779691081494,1.384065853926586e-05,0.9958826303482056,0.8550105690956116
resnet50,c9_s7_0014_5621_1985,truck,monkey,shape,True,10,9,0.0001201320337713696,0.0014916207874193788,0.9875810146331787,0.9013185501098633
resnet50,c9_s7_0015_7049_6149,truck,monkey,shape,True,8,10,5.016441355110146e-05,0.0003213830932509154,0.9963397979736328,0.6460667848587036
resnet50,c9_s7_0017_6536_864,truck,monkey,other,True,5,9,0.00016272003995254636,0.00022446825460065156,0.9979602098464966,0.46194225549697876
resnet50,c9_s7_0019_4721_7695,truck,monkey,shape,True,2,6,0.0004625850997399539,0.009151986800134182,0.9985937476158142,0.7813341617584229
resnet50,c9_s7_0020_4721_4951,truck,monkey,other,True,2,2,0.0004625850997399539,0.17887242138385773,0.9985937476158142,0.05878515914082527
resnet50,c9_s7_0021_4049_6149,truck,monkey,shape,True,7,5,0.00010409670358058065,0.0007119464571587741,0.9976934790611267,0.9942067861557007
resnet50,c9_s7_0023_243_2773,truck,monkey,other,True,7,9,3.7818779674125835e-05,5.859969405719312e-06,0.9986544847488403,0.04410586133599281
vit_b_16,c0_s1_0000_7975_3588,airplane,bird,shape,True,2,2,0.0002765776007436216,0.05345601588487625,0.9991771578788757,0.8021030426025391
vit_b_16,c0_s1_0001_6500_5425,airplane,bird,shape,True,3,2,0.000305028457660228,0.0007492269505746663,0.9980961680412292,0.9981350898742676
vit_b_16,c0_s1_0002_359_3161,airplane,bird,shape,True,7,6,1.306953163293656e-05,0.0011619882425293326,0.999723494052887,0.9650729298591614
vit_b_16,c0_s1_0003_808_6982,airplane,bird,shape,True,9,2,7.555654156021774e-05,0.3713700473308563,0.9982019662857056,0.4407746493816376
vit_b_16,c0_s1_0004_422_5240,airplane,bird,shape,True,6,2,0.0010127422865480185,0.3616059124469757,0.9858192205429077,0.37193599343299866
vit_b_16,c0_s1_0005_7782_4188,airplane,bird,shape,True,4,4,9.436327673029155e-05,0.0011074283393099904,0.9994990825653076,0.9868279695510864
vit_b_16,c0_s1_0009_5067_5093,airplane,bird,texture,True,2,1,0.0018098097061738372,0.46468695998191833,0.9941650032997131,0.3286667466163635
vit_b_16,c0_s1_0010_5276_1428,airplane,bird,shape,True,2,4,0.00013736113032791764,0.0009677321068011224,0.9992997646331787,0.9921907782554626
vit_b_16,c0_s1_0011_298_4361,airplane,bird,shape,True,8,4,2.9986080335220322e-05,0.0018560418393462896,0.9993207454681396,0.9816692471504211
vit_b_16,c0_s1_0012_480_4188,airplane,bird,shape,True,3,2,0.00278213107958436,0.0006584357470273972,0.9871081709861755,0.9983804225921631
vit_b_16,c0_s1_0013_5068_6498,airplane,bird,shape,True,9,10,0.00017206415941473097,0.0010919487103819847,0.9923064112663269,0.9188271760940552
vit_b_16,c0_s1_0014_5068_564,airplane,bird,shape,True,9,6,0.00017206415941473097,0.002121132332831621,0.9923064112663269,0.9754659533500671
vit_b_16,c0_s1_0015_241_1428,airplane,bird,shape,True,8,5,0.0016434494173154235,0.09752565622329712,0.9663267135620117,0.23305511474609375
vit_b_16,c0_s1_0016_1463_3530,airplane,bird,shape,True,2,2,0.0034360948484390974,0.005549246445298195,0.9870538115501404,0.9917687177658081
vit_b_16,c0_s1_0017_2937_5394,airplane,bird,shape,True,4,3,0.00010845872020581737,0.004926732741296291,0.9987875819206238,0.9784761071205139
vit_b_16,c0_s1_0018_5624_5830,airplane,bird,shape,True,2,2,0.0009426521137356758,8.449500455753878e-05,0.9972199201583862,0.9997648596763611
vit_b_16,c0_s1_0020_5068_4709,airplane,bird,shape,True,9,7,0.00017206415941473097,0.004784172400832176,0.9923064112663269,0.8675030469894409
vit_b_16,c0_s1_0022_1463_3834,airplane,bird,texture,True,2,1,0.0034360948484390974,0.891663670539856,0.9870538115501404,0.08471035957336426
vit_b_16,c0_s1_0023_241_6410,airplane,bird,shape,True,8,2,0.0016434494173154235,0.11901033669710159,0.9663267135620117,0.6970623731613159
vit_b_16,c0_s1_0024_5785_1428,airplane,bird,texture,True,2,1,0.0005976594984531403,0.43852293491363525,0.9970045685768127,0.1187259629368782
vit_b_16,c1_s0_0000_6014_4533,bird,airplane,shape,True,7,4,1.7238098735106178e-06,1.3589736227004323e-05,0.9999604225158691,0.999909520149231
vit_b_16,c1_s0_0001_3144_7165,bird,airplane,shape,True,8,4,0.004050749354064465,0.0011687417281791568,0.9314551949501038,0.9928007125854492
vit_b_16,c1_s0_0002_963_7334,bird,airplane,shape,True,8,3,1.4530354746966623e-05,0.06903994083404541,0.9990602135658264,0.773078203201294
vit_b_16,c1_s0_0003_1428_3999,bird,airplane,shape,True,9,3,6.9835427893849555e-06,0.1809300035238266,0.9998385906219482,0.3261927366256714
vit_b_16,c1_s0_0005_4709_2210,bird,airplane,shape,True,10,3,1.4695565369038377e-06,0.00017747061792761087,0.9999043941497803,0.9991925358772278
vit_b_16,c1_s0_0008_4188_7334,bird,airplane,shape,True,10,3,9.532122930977494e-06,0.02896537259221077,0.9993273019790649,0.914236307144165
vit_b_16,c1_s0_0010_5830_3999,bird,airplane,shape,True,8,2,0.00011766100215027109,0.007510102819651365,0.9981876015663147,0.9810577630996704
vit_b_16,c1_s0_0011_2988_339,bird,airplane,shape,True,10,9,8.127886758302338e-06,0.00010892549471464008,0.9996352195739746,0.9978821873664856
vit_b_16,c1_s0_0012_5546_60,bird,airplane,shape,True,7,2,0.0040665557608008385,0.11582469195127487,0.9521715044975281,0.7969529032707214
vit_b_16,c1_s0_0013_1218_5276,bird,airplane,shape,True,9,8,8.508878090651706e-05,3.712175748660229e-05,0.9965634942054749,0.9995261430740356
vit_b_16,c1_s0_0014_3161_728,bird,airplane,shape,True,10,9,0.0001151792675955221,0.0007713582599535584,0.9915826916694641,0.8721446394920349
vit_b_16,c1_s0_0015_5929_3759,bird,airplane,shape,True,7,9,0.00011403116513974965,2.4354056222364306e-05,0.997235119342804,0.9977339506149292
vit_b_16,c1_s0_0016_1302_7975,bird,airplane,shape,True,10,4,5.233041156316176e-05,0.00019473502470646054,0.998214602470398,0.9985935091972351
vit_b_16,c1_s0_0017_5425_60,bird,airplane,shape,True,2,2,0.2581341564655304,0.051104094833135605,0.7094380855560303,0.9100529551506042
vit_b_16,c1_s0_0018_963_3397,bird,airplane,shape,True,8,3,1.4530354746966623e-05,0.13107387721538544,0.9990602135658264,0.30510127544403076
vit_b_16,c1_s0_0020_3834_298,bird,airplane,shape,True,9,8,7.63719217502512e-05,9.228413546225056e-06,0.9987583160400391,0.9998037219047546
vit_b_16,c1_s0_0021_5929_4533,bird,airplane,shape,True,7,5,0.00011403116513974965,0.0036673361901193857,0.997235119342804,0.9760206937789917
vit_b_16,c1_s0_0022_1353_1977,bird,airplane,shape,True,9,2,0.015856916084885597,0.0017757435562089086,0.7106701731681824,0.9958136677742004
vit_b_16,c1_s0_0023_4709_60,bird,airplane,shape,True,10,2,1.4695565369038377e-06,1.763872933224775e-05,0.9999043941497803,0.9999103546142578
vit_b_16,c1_s0_0024_225_3999,bird,airplane,shape,True,2,2,0.002833140315487981,0.07605654746294022,0.9958693385124207,0.9167950749397278
vit_b_16,c1_s2_0000_1740_6683,bird,car,shape,True,7,5,8.159638127835933e-06,9.864286403171718e-05,0.998015284538269,0.9981449842453003
vit_b_16,c1_s2_0001_225_5577,bird,car,shape,True,5,6,0.00023479059746023268,0.013685767538845539,0.9958693385124207,0.8636096119880676
vit_b_16,c1_s2_0002_6022_7711,bird,car,shape,True,6,4,0.003285756101831794,0.001911183469928801,0.9503617286682129,0.9856303334236145
vit_b_16,c1_s2_0003_5546_6683,bird,car,shape,True,2,3,0.010457144118845463,0.013390208594501019,0.9521715044975281,0.9318824410438538
vit_b_16,c1_s2_0004_5240_2436,bird,car,shape,True,5,5,9.506163223704789e-06,9.2168731498532e-05,0.9998376369476318,0.9992121458053589
vit_b_16,c1_s2_0006_7066_3067,bird,car,shape,True,4,4,7.901444041635841e-05,0.0017041843384504318,0.9994946718215942,0.987472414970398
vit_b_16,c1_s2_0007_1428_5463,bird,car,shape,True,5,4,1.851862543844618e-05,0.000103848593425937,0.9998385906219482,0.9993253946304321
vit_b_16,c1_s2_0009_2988_7327,bird,car,shape,True,6,6,2.3722795958747156e-05,0.000773279694840312,0.9996352195739746,0.9910098314285278
vit_b_16,c1_s2_0010_5093_2909,bird,car,shape,True,4,6,0.004373347852379084,4.456569877220318e-05,0.9581499099731445,0.9995538592338562
vit_b_16,c1_s2_0011_1740_1179,bird,car,shape,True,7,2,8.159638127835933e-06,0.01873808726668358,0.998015284538269,0.9101705551147461
vit_b_16,c1_s2_0012_6014_6548,bird,car,shape,True,5,4,3.0745916319574462e-06,9.105098433792591e-05,0.9999604225158691,0.9987367987632751
vit_b_16,c1_s2_0014_5425_6548,bird,car,other,True,3,2,0.011964457109570503,0.02320416085422039,0.7094380855560303,0.0016980926739051938
vit_b_16,c1_s2_0015_5929_2252,bird,car,shape,True,10,7,9.293523180531338e-05,0.001349596306681633,0.997235119342804,0.9810941219329834
vit_b_16,c1_s2_0016_3537_6795,bird,car,shape,True,9,3,7.347268547164276e-05,0.004578745923936367,0.9968414306640625,0.976938009262085
vit_b_16,c1_s2_0017_2673_313,bird,car,shape,True,4,2,0.00018226935935672373,0.0028357210103422403,0.9983938336372375,0.9920721650123596
vit_b_16,c1_s2_0018_3530_2611,bird,car,shape,True,6,8,2.148931571355206e-06,2.853068508557044e-05,0.9999353885650635,0.9993541836738586
vit_b_16,c1_s2_0019_275_6548,bird,car,other,True,7,3,0.015618650242686272,0.010112591087818146,0.8176859021186829,0.10886967927217484
vit_b_16,c1_s2_0021_5093_6738,bird,car,shape,True,4,3,0.004373347852379084,2.5206378268194385e-05,0.9581499099731445,0.9998776912689209
vit_b_16,c1_s2_0022_275_2915,bird,car,shape,True,7,3,0.015618650242686272,0.0025042688939720392,0.8176859021186829,0.9785861968994141
vit_b_16,c1_s2_0024_225_4316,bird,car,shape,True,5,4,0.00023479059746023268,0.0006432331865653396,0.9958693385124207,0.9844645857810974
vit_b_16,c2_s1_0000_7392_3588,car,bird,shape,True,9,4,0.0003293378686066717,0.0005000352393835783,0.995332658290863,0.9972163438796997
vit_b_16,c2_s1_0001_5011_5929,car,bird,shape,True,3,3,0.0001199235994135961,0.00017322288476862013,0.9990556836128235,0.9992584586143494
vit_b_16,c2_s1_0002_6216_4733,car,bird,shape,True,2,3,0.0012524410849437118,0.0008857813663780689,0.995433509349823,0.9901595711708069
vit_b_16,c2_s1_0004_2436_1302,car,bird,shape,True,6,5,0.0028695305809378624,0.000643193896394223,0.9508981108665466,0.9923688769340515
vit_b_16,c2_s1_0005_2611_5425,car,bird,shape,True,4,3,0.015724364668130875,0.008352766744792461,0.716381311416626,0.7529361248016357
vit_b_16,c2_s1_0006_2392_3161,car,bird,shape,True,5,2,1.4778211152588483e-05,0.0008548409095965326,0.9998509883880615,0.9979569911956787
vit_b_16,c2_s1_0007_1731_4709,car,bird,shape,True,5,3,0.00014127441681921482,0.00011176698899362236,0.9985960125923157,0.9995291233062744
vit_b_16,c2_s1_0008_1179_6938,car,bird,shape,True,7,2,0.0007551166345365345,0.004162851255387068,0.9874206185340881,0.9871208071708679
vit_b_16,c2_s1_0009_6548_1428,car,bird,shape,True,2,6,0.00044958529178984463,0.00011623388127190992,0.9988932013511658,0.9979648590087891
vit_b_16,c2_s1_0010_1731_6498,car,bird,shape,True,5,4,0.00014127441681921482,6.992161070229486e-05,0.9985960125923157,0.9995723366737366
vit_b_16,c2_s1_0012_4605_7066,car,bird,shape,True,2,2,2.8903748898301274e-05,0.0020672413520514965,0.9999349117279053,0.997104823589325
vit_b_16,c2_s1_0013_1179_3588,car,bird,shape,True,7,5,0.0007551166345365345,0.0005568818305619061,0.9874206185340881,0.9922107458114624
vit_b_16,c2_s1_0014_2503_3530,car,bird,shape,True,4,6,0.0021075222175568342,0.0020763175562024117,0.9872145652770996,0.9720935225486755
vit_b_16,c2_s1_0015_5577_5093,car,bird,shape,True,2,2,0.0022741544526070356,0.08491551131010056,0.991276741027832,0.8635090589523315
vit_b_16,c2_s1_0016_6981_3254,car,bird,shape,True,3,7,0.002708690706640482,0.0004749101062770933,0.9858684539794922,0.9116092324256897
vit_b_16,c2_s1_0018_3067_3834,car,bird,shape,True,3,4,8.76873018569313e-05,6.441157893277705e-05,0.9994903802871704,0.9996100068092346
vit_b_16,c2_s1_0019_6738_1081,car,bird,shape,True,2,2,0.00013337272685021162,0.0005746945389546454,0.999567449092865,0.9982491731643677
vit_b_16,c2_s1_0022_2611_7066,car,bird,other,True,4,4,0.015724364668130875,0.0053573292680084705,0.716381311416626,0.2530664801597595
vit_b_16,c2_s1_0023_5004_3161,car,bird,shape,True,4,4,0.00011534067016327754,4.979462755727582e-05,0.999184787273407,0.9995402097702026
vit_b_16,c2_s1_0024_1179_6072,car,bird,shape,True,7,3,0.0007551166345365345,0.0018984113121405244,0.9874206185340881,0.9903451800346375
vit_b_16,c1_s3_0001_6938_6094,bird,cat,shape,True,3,3,8.520480332663283e-05,7.796656427672133e-05,0.9995786547660828,0.9996662139892578
vit_b_16,c1_s3_0002_4733_3375,bird,cat,shape,True,10,2,0.00628787511959672,0.01518173236399889,0.8904876112937927,0.9245694279670715
vit_b_16,c1_s3_0003_3388_3375,bird,cat,shape,True,4,3,2.161667543987278e-05,1.854943548096344e-05,0.9998176693916321,0.9998776912689209
vit_b_16,c1_s3_0004_5425_897,bird,cat,other,True,6,9,0.0030846043955534697,0.007338800933212042,0.7094380855560303,0.21039924025535583
vit_b_16,c1_s3_0005_3223_2785,bird,cat,shape,True,3,5,5.441339817480184e-05,0.001087198848836124,0.999405026435852,0.9921491146087646
vit_b_16,c1_s3_0006_1081_1563,bird,cat,shape,False,1,2,0.8835588097572327,0.2802928686141968,0.11553671956062317,0.663983166217804
vit_b_16,c1_s3_0007_6068_6459,bird,cat,shape,True,6,2,0.00026486848946660757,0.0009304702398367226,0.9967736601829529,0.9961206316947937
vit_b_16,c1_s3_0008_1491_6094,bird,cat,shape,True,2,9,0.0010075976606458426,0.00036476150853559375,0.9947070479393005,0.9940806031227112
vit_b_16,c1_s3_0009_1353_1531,bird,cat,shape,True,3,7,0.05300625413656235,0.0030241806525737047,0.7106701731681824,0.9573116302490234
vit_b_16,c1_s3_0010_4709_1622,bird,cat,shape,True,3,5,7.95008509157924e-06,3.1728391149954405e-06,0.9999043941497803,0.9999657869338989
vit_b_16,c1_s3_0011_5830_6385,bird,cat,shape,True,5,5,0.00014505255967378616,0.0001764929183991626,0.9981876015663147,0.9981204867362976
vit_b_16,c1_s3_0013_5394_5294,bird,cat,shape,True,5,2,2.5329377422167454e-06,0.0002092766808345914,0.9999758005142212,0.9993106126785278
vit_b_16,c1_s3_0014_4361_6632,bird,cat,shape,True,3,7,0.023367149755358696,0.0037057737354189157,0.8558278679847717,0.9596077799797058
vit_b_16,c1_s3_0015_5122_1968,bird,cat,shape,True,3,5,0.00034113010042347014,0.0007509071147069335,0.9982079267501831,0.9905988574028015
vit_b_16,c1_s3_0016_3161_1968,bird,cat,shape,True,3,3,0.0023463943507522345,0.0031608622521162033,0.9915826916694641,0.9844536185264587
vit_b_16,c1_s3_0019_7066_874,bird,cat,shape,True,5,8,7.498014747397974e-05,2.6821926439879462e-05,0.9994946718215942,0.9992316961288452
vit_b_16,c1_s3_0020_3144_4184,bird,cat,shape,True,9,5,0.004043661057949066,0.0008124482701532543,0.9314551949501038,0.9929432272911072
vit_b_16,c1_s3_0021_2988_3202,bird,cat,shape,True,3,5,4.465339952730574e-05,0.0003409550408832729,0.9996352195739746,0.997599184513092
vit_b_16,c1_s3_0022_6022_6575,bird,cat,shape,True,3,3,0.005859334487468004,0.0006002093432471156,0.9503617286682129,0.9977489113807678
vit_b_16,c1_s3_0024_6498_6324,bird,cat,shape,True,3,4,0.014539062045514584,0.004841795191168785,0.9440379738807678,0.9406205415725708
vit_b_16,c3_s1_0000_1563_6938,cat,bird,shape,True,3,4,0.0010607163421809673,0.011546351946890354,0.9962912797927856,0.7916801571846008
vit_b_16,c3_s1_0001_3202_6938,cat,bird,shape,True,8,4,1.3450484402710572e-05,1.1145319149363786e-05,0.9996892213821411,0.9998593330383301
vit_b_16,c3_s1_0002_5522_6498,cat,bird,shape,True,3,6,6.03985863563139e-05,2.9090580937918276e-05,0.9996733665466309,0.9997100234031677
vit_b_16,c3_s1_0004_589_1302,cat,bird,shape,True,2,2,0.05850270390510559,0.22598624229431152,0.9369385838508606,0.5890746712684631
vit_b_16,c3_s1_0006_6385_2988,cat,bird,shape,True,2,2,0.0006492377142421901,0.00030312829767353833,0.9977909326553345,0.9993595480918884
vit_b_16,c3_s1_0007_4858_6498,cat,bird,shape,True,2,2,0.0009101317264139652,0.0008525416487827897,0.9970855116844177,0.99613356590271
vit_b_16,c3_s1_0008_6324_1302,cat,bird,shape,True,2,3,0.0005782186635769904,0.0010591134196147323,0.9976466298103333,0.9953603148460388
vit_b_16,c3_s1_0009_6826_6498,cat,bird,shape,True,2,7,0.00019274523947387934,0.021230259910225868,0.9994382262229919,0.47163262963294983
vit_b_16,c3_s1_0010_2785_6068,cat,bird,other,False,4,5,0.0033626826480031013,0.004898963496088982,0.45082569122314453,0.006743981037288904
vit_b_16,c3_s1_0011_3375_225,cat,bird,shape,True,3,7,0.0034249071031808853,0.024625856429338455,0.9837485551834106,0.4612206816673279
vit_b_16,c3_s1_0012_4856_6880,cat,bird,shape,True,6,7,4.251815698808059e-05,1.9583012544899248e-05,0.9994080066680908,0.9751827716827393
vit_b_16,c3_s1_0013_5294_4733,cat,bird,other,True,2,3,0.0011740900808945298,0.02862629108130932,0.9963670969009399,0.3069818317890167
vit_b_16,c3_s1_0014_6459_963,cat,bird,shape,True,2,2,0.00046302785631269217,0.0011376326438039541,0.9991474151611328,0.9977032542228699
vit_b_16,c3_s1_0017_2434_5929,cat,bird,shape,True,3,3,0.0010440045734867454,0.04060925170779228,0.9952585101127625,0.8262957334518433
vit_b_16,c3_s1_0018_5976_7217,cat,bird,shape,True,3,2,0.0013130924198776484,0.000986686791293323,0.9949254989624023,0.9978336691856384
vit_b_16,c3_s1_0019_5551_5830,cat,bird,shape,True,3,2,0.0002792485465761274,0.00798887386918068,0.998855710029602,0.9893060326576233
vit_b_16,c3_s1_0020_4858_3834,cat,bird,shape,True,2,2,0.0009101317264139652,0.0025898527819663286,0.9970855116844177,0.9913468956947327
vit_b_16,c3_s1_0022_6459_3223,cat,bird,shape,True,2,2,0.00046302785631269217,1.1457859727670439e-05,0.9991474151611328,0.9999630451202393
vit_b_16,c3_s1_0023_1187_1218,cat,bird,shape,True,5,2,0.000186383884283714,0.000821355264633894,0.9984121322631836,0.9966205358505249
vit_b_16,c3_s1_0024_2480_3223,cat,bird,shape,True,3,2,2.047068664978724e-05,0.0007222014828585088,0.9999186992645264,0.9981338381767273
vit_b_16,c2_s4_0001_6053_6441,car,deer,shape,True,9,8,7.292294412764022e-06,6.0875296185258776e-05,0.9994519352912903,0.9944925308227539
vit_b_16,c2_s4_0002_6981_6122,car,deer,shape,True,6,4,0.0014678913867101073,0.0012286943383514881,0.9858684539794922,0.9828646183013916
vit_b_16,c2_s4_0003_3944_3078,car,deer,shape,True,6,8,7.573983020847663e-05,0.0006074666744098067,0.9280493855476379,0.9447953104972839
vit_b_16,c2_s4_0004_7327_1694,car,deer,shape,True,9,6,5.640294330078177e-05,0.0003588695253711194,0.9986240863800049,0.9965157508850098
vit_b_16,c2_s4_0005_6347_490,car,deer,shape,True,6,10,0.00013850572577212006,0.00020735376165248454,0.9981629252433777,0.9896093606948853
vit_b_16,c2_s4_0006_5577_1223,car,deer,shape,True,4,5,0.0012482224265113473,0.0016750271897763014,0.991276741027832,0.9691453576087952
vit_b_16,c2_s4_0008_7843_1223,car,deer,shape,True,7,7,4.5274855438037775e-06,0.0001436947932234034,0.999861478805542,0.8990064859390259
vit_b_16,c2_s4_0009_2252_4262,car,deer,shape,True,9,7,6.969724199734628e-05,7.931723666843027e-05,0.998928964138031,0.998218834400177
vit_b_16,c2_s4_0010_7711_321,car,deer,shape,True,8,7,5.0701033615041524e-05,0.0002169086510548368,0.9988793730735779,0.9967179894447327
vit_b_16,c2_s4_0011_6053_4616,car,deer,shape,True,9,10,7.292294412764022e-06,2.8531243515317328e-05,0.9994519352912903,0.9908375144004822
vit_b_16,c2_s4_0012_5484_6122,car,deer,shape,True,8,5,0.00010492639557924122,0.0036425290163606405,0.9970755577087402,0.9487445950508118
vit_b_16,c2_s4_0013_7392_1223,car,deer,shape,True,3,3,0.0006489928346127272,0.001770090777426958,0.995332658290863,0.9789709448814392
vit_b_16,c2_s4_0016_3067_650,car,deer,shape,True,8,7,2.81029842881253e-05,6.175555608933792e-05,0.9994903802871704,0.9987084865570068
vit_b_16,c2_s4_0017_4316_3012,car,deer,shape,True,8,6,5.309359494276578e-06,5.3220348490867764e-05,0.9998890161514282,0.9969609379768372
vit_b_16,c2_s4_0018_6216_1669,car,deer,shape,True,10,10,0.00011777988402172923,6.397288962034509e-05,0.995433509349823,0.996661901473999
vit_b_16,c2_s4_0019_1059_2875,car,deer,shape,True,10,6,1.2895728104922455e-05,0.0005291028064675629,0.9994919300079346,0.9933899641036987
vit_b_16,c2_s4_0020_88_3444,car,deer,other,False,1,6,0.2679280936717987,0.01951679214835167,0.14803098142147064,0.08682481944561005
vit_b_16,c2_s4_0021_6053_490,car,deer,shape,True,9,8,7.292294412764022e-06,3.3483789593447e-05,0.9994519352912903,0.9962847232818604
vit_b_16,c2_s4_0022_4440_7728,car,deer,shape,True,7,9,1.2819154108001385e-05,4.375119533506222e-05,0.999743640422821,0.9971377849578857
vit_b_16,c2_s4_0024_3067_4616,car,deer,shape,True,8,7,2.81029842881253e-05,2.0152239812887274e-05,0.9994903802871704,0.9994819760322571
vit_b_16,c4_s2_0002_6587_2915,deer,car,shape,True,9,8,4.011794226244092e-05,0.0002577679988462478,0.9978079199790955,0.9367756843566895
vit_b_16,c4_s2_0003_321_6683,deer,car,shape,True,9,10,2.6351557607995346e-05,0.0026997823733836412,0.9929774403572083,0.8475235104560852
vit_b_16,c4_s2_0004_5765_5663,deer,car,shape,True,9,5,0.0002710539847612381,0.006161956116557121,0.9750577211380005,0.7003939747810364
vit_b_16,c4_s2_0005_7910_6548,deer,car,shape,True,4,4,0.000119867327157408,0.001556207425892353,0.9966641068458557,0.9587132930755615
vit_b_16,c4_s2_0006_1550_1731,deer,car,shape,True,10,6,2.1926447516307235e-05,0.00028487303643487394,0.9981483221054077,0.9905637502670288
vit_b_16,c4_s2_0007_1694_3641,deer,car,other,True,10,8,1.0672149983292911e-05,0.004620444495230913,0.9971574544906616,0.38896507024765015
vit_b_16,c4_s2_0008_4089_4605,deer,car,other,True,9,10,1.0252996617055032e-05,0.01493286807090044,0.9947754144668579,0.1840132474899292
vit_b_16,c4_s2_0009_650_517,deer,car,other,False,4,2,0.02100442536175251,0.2116381973028183,0.1694708913564682,0.002347267000004649
vit_b_16,c4_s2_0010_4616_1731,deer,car,shape,True,8,8,1.0695940545701887e-05,0.0001764100743457675,0.9989801049232483,0.912215530872345
vit_b_16,c4_s2_0011_5708_1750,deer,car,shape,True,5,5,4.628066744771786e-05,0.028068454936146736,0.9980735778808594,0.36385616660118103
vit_b_16,c4_s2_0013_4006_1731,deer,car,shape,True,9,5,3.207996996934526e-05,0.0008843994000926614,0.9991067051887512,0.9841516017913818
vit_b_16,c4_s2_0014_7910_6053,deer,car,shape,True,4,6,0.000119867327157408,0.0006835554959252477,0.9966641068458557,0.981999933719635
vit_b_16,c4_s2_0015_1209_7711,deer,car,shape,True,10,10,0.00027463422156870365,3.6183879274176434e-05,0.9924374222755432,0.9974601864814758
vit_b_16,c4_s2_0016_2021_1750,deer,car,other,True,8,5,0.00010574155021458864,0.019980067387223244,0.9889066219329834,0.10505758970975876
vit_b_16,c4_s2_0017_4155_7327,deer,car,shape,True,8,8,8.274989340861794e-06,0.00011143816664116457,0.999582827091217,0.9906933903694153
vit_b_16,c4_s2_0018_1550_2611,deer,car,shape,True,10,8,2.1926447516307235e-05,5.18765882588923e-05,0.9981483221054077,0.993486762046814
vit_b_16,c4_s2_0019_3928_332,deer,car,shape,True,5,4,0.005009625572711229,0.006235583685338497,0.616965115070343,0.7854062914848328
vit_b_16,c4_s2_0020_4155_5177,deer,car,shape,True,8,8,8.274989340861794e-06,1.8908967831521295e-05,0.999582827091217,0.9979700446128845
vit_b_16,c4_s2_0021_7910_2915,deer,car,shape,True,4,9,0.000119867327157408,0.00037046396755613387,0.9966641068458557,0.9876770377159119
vit_b_16,c4_s2_0023_4616_313,deer,car,shape,True,8,7,1.0695940545701887e-05,0.0006492329994216561,0.9989801049232483,0.9500791430473328
vit_b_16,c7_s9_0000_6149_7921,monkey,truck,other,True,6,8,0.000308395829051733,0.01610303670167923,0.994778037071228,0.10261578112840652
vit_b_16,c7_s9_0001_7769_1163,monkey,truck,shape,True,8,8,9.786439477466047e-05,0.0002476964727975428,0.9956379532814026,0.9865379333496094
vit_b_16,c7_s9_0002_680_7705,monkey,truck,shape,True,8,4,0.00047454689047299325,0.06950988620519638,0.9686976671218872,0.5171964168548584
vit_b_16,c7_s9_0004_2581_3200,monkey,truck,shape,True,9,6,0.00021720328368246555,0.025384588167071342,0.9804957509040833,0.672472357749939
vit_b_16,c7_s9_0005_2207_852,monkey,truck,shape,True,7,8,1.5377932868432254e-05,0.00018531587556935847,0.9987265467643738,0.9590902328491211
vit_b_16,c7_s9_0006_7695_1163,monkey,truck,shape,True,10,9,5.995813808112871e-06,1.3717946785618551e-05,0.9996932744979858,0.9995865225791931
vit_b_16,c7_s9_0007_2982_7671,monkey,truck,shape,True,9,10,6.562007911270484e-05,0.003931877203285694,0.9978710412979126,0.7784799337387085
vit_b_16,c7_s9_0008_7505_852,monkey,truck,shape,True,7,7,9.885360486805439e-05,0.0001256603718502447,0.9959720969200134,0.9950228929519653
vit_b_16,c7_s9_0009_2581_7671,monkey,truck,texture,True,9,1,0.00021720328368246555,0.24883562326431274,0.9804957509040833,0.16802166402339935
vit_b_16,c7_s9_0011_1473_7767,monkey,truck,shape,True,7,6,0.0001486253022449091,0.00033644799259491265,0.9916049242019653,0.9919573068618774
vit_b_16,c7_s9_0012_230_7767,monkey,truck,shape,True,7,10,1.0764274520624895e-05,2.5637352791818557e-06,0.9996079802513123,0.9998016953468323
vit_b_16,c7_s9_0014_1656_7701,monkey,truck,shape,True,6,7,0.0010110451839864254,0.0001326980273006484,0.986106276512146,0.9980748891830444
vit_b_16,c7_s9_0015_1122_3103,monkey,truck,other,True,8,8,1.3663197933055926e-05,0.014200190082192421,0.9994184970855713,0.2699630856513977
vit_b_16,c7_s9_0016_1224_1522,monkey,truck,shape,True,7,9,0.0004126833227928728,0.00012534197594504803,0.9886786341667175,0.9978079199790955
vit_b_16,c7_s9_0017_2787_3249,monkey,truck,shape,True,5,7,9.46194413700141e-05,0.00015159811300691217,0.9986327290534973,0.997972309589386
vit_b_16,c7_s9_0018_5535_243,monkey,truck,other,True,8,4,1.2439666534191929e-05,0.04633256047964096,0.9995864033699036,0.04920429363846779
vit_b_16,c7_s9_0019_2581_243,monkey,truck,shape,True,9,5,0.00021720328368246555,0.036822255700826645,0.9804957509040833,0.6548207998275757
vit_b_16,c7_s9_0020_6225_7049,monkey,truck,shape,True,7,9,5.1964379963465035e-05,0.0007051058928482234,0.998932421207428,0.9786752462387085
vit_b_16,c7_s9_0021_6840_4049,monkey,truck,shape,True,7,4,2.8291853595874272e-05,0.10721182078123093,0.9995918869972229,0.2568773329257965
vit_b_16,c7_s9_0022_864_2674,monkey,truck,shape,True,9,10,0.0001686464820522815,0.013687895610928535,0.9930369257926941,0.37410280108451843
vit_b_16,c9_s7_0001_852_680,truck,monkey,shape,True,9,6,3.683683826238848e-05,0.00045644823694601655,0.9991562366485596,0.9508745670318604
vit_b_16,c9_s7_0002_3428_2207,truck,monkey,shape,True,6,7,0.00041461712680757046,9.510225936537609e-05,0.992706835269928,0.9980757236480713
vit_b_16,c9_s7_0003_7147_2982,truck,monkey,shape,True,7,9,0.00020447444694582373,2.7330623197485693e-05,0.9970585107803345,0.9963900446891785
vit_b_16,c9_s7_0004_7330_5697,truck,monkey,shape,True,10,10,3.098386150668375e-05,0.00011137458204757422,0.9973577857017517,0.8146024346351624
vit_b_16,c9_s7_0005_5211_4773,truck,monkey,shape,True,10,6,0.00012656953185796738,0.011754649691283703,0.9946852922439575,0.749137818813324
vit_b_16,c9_s7_0006_4956_5535,truck,monkey,shape,True,10,6,5.996072559355525e-06,0.029218852519989014,0.9997888207435608,0.59976726770401
vit_b_16,c9_s7_0007_6496_4951,truck,monkey,shape,True,6,8,7.723315502516925e-05,9.74406793829985e-05,0.9990473389625549,0.9904087781906128
vit_b_16,c9_s7_0008_3249_6374,truck,monkey,other,True,10,10,0.0002931050839833915,0.008774502202868462,0.7799445390701294,0.045466937124729156
vit_b_16,c9_s7_0009_4049_6322,truck,monkey,other,True,8,5,2.52167992584873e-05,0.0007411856786347926,0.999474823474884,0.27483949065208435
vit_b_16,c9_s7_0010_5621_2773,truck,monkey,shape,True,6,8,0.00013383031182456762,0.00042261130874976516,0.9974510073661804,0.9416398406028748
vit_b_16,c9_s7_0011_7654_6869,truck,monkey,shape,True,10,9,5.745498583564768e-06,0.028084924444556236,0.9997530579566956,0.31438398361206055
vit_b_16,c9_s7_0012_4049_3590,truck,monkey,shape,True,8,6,2.52167992584873e-05,7.496000762330368e-05,0.999474823474884,0.9984136819839478
vit_b_16,c9_s7_0013_7654_6840,truck,monkey,shape,True,10,9,5.745498583564768e-06,0.00013005979417357594,0.9997530579566956,0.9949158430099487
vit_b_16,c9_s7_0014_5621_1985,truck,monkey,shape,True,6,6,0.00013383031182456762,0.0006722487742081285,0.9974510073661804,0.9015467166900635
vit_b_16,c9_s7_0015_7049_6149,truck,monkey,shape,True,8,10,8.293156133731827e-05,0.0002708249376155436,0.9983205199241638,0.9646528959274292
vit_b_16,c9_s7_0017_6536_864,truck,monkey,shape,True,8,10,6.945471977815032e-05,5.2383955335244536e-05,0.9983793497085571,0.993358314037323
vit_b_16,c9_s7_0019_4721_7695,truck,monkey,shape,True,9,8,4.814827116206288e-05,0.001156326849013567,0.9970533847808838,0.9221803545951843
vit_b_16,c9_s7_0020_4721_4951,truck,monkey,other,True,9,5,4.814827116206288e-05,0.03557214513421059,0.9970533847808838,0.2407870888710022
vit_b_16,c9_s7_0021_4049_6149,truck,monkey,shape,True,8,8,2.52167992584873e-05,0.0003842567093670368,0.999474823474884,0.9737088680267334
vit_b_16,c9_s7_0023_243_2773,truck,monkey,shape,True,10,10,3.683977774926461e-05,3.0244615118135698e-05,0.9987252354621887,0.9844855070114136
clip_vit_b_32,c0_s1_0000_7975_3588,airplane,bird,shape,True,4,7,0.05113016441464424,0.07666977494955063,0.6578814387321472,0.25781992077827454
clip_vit_b_32,c0_s1_0001_6500_5425,airplane,bird,shape,True,4,2,0.0515320785343647,0.06624779850244522,0.618786096572876,0.5907238125801086
clip_vit_b_32,c0_s1_0002_359_3161,airplane,bird,shape,True,4,4,0.05466906353831291,0.07316198199987411,0.590860903263092,0.34871235489845276
clip_vit_b_32,c0_s1_0003_808_6982,airplane,bird,shape,True,5,3,0.03518185019493103,0.10431569814682007,0.5824153423309326,0.2127106934785843
clip_vit_b_32,c0_s1_0004_422_5240,airplane,bird,shape,True,5,2,0.07526411861181259,0.11443956196308136,0.3651236295700073,0.1642603576183319
clip_vit_b_32,c0_s1_0005_7782_4188,airplane,bird,shape,True,5,3,0.05016971006989479,0.07491201162338257,0.6211676597595215,0.46870213747024536
clip_vit_b_32,c0_s1_0009_5067_5093,airplane,bird,texture,False,1,1,0.18640390038490295,0.36443907022476196,0.14669808745384216,0.1221882551908493
clip_vit_b_32,c0_s1_0010_5276_1428,airplane,bird,shape,True,3,2,0.055448874831199646,0.10864760726690292,0.6535100340843201,0.3798638880252838
clip_vit_b_32,c0_s1_0011_298_4361,airplane,bird,shape,True,5,3,0.05123305693268776,0.09381762146949768,0.5642751455307007,0.3874616324901581
clip_vit_b_32,c0_s1_0012_480_4188,airplane,bird,shape,True,5,4,0.048233747482299805,0.06648677587509155,0.5734848976135254,0.48592090606689453
clip_vit_b_32,c0_s1_0013_5068_6498,airplane,bird,shape,True,3,4,0.08076515793800354,0.08373098820447922,0.5135319232940674,0.3596472442150116
clip_vit_b_32,c0_s1_0014_5068_564,airplane,bird,shape,True,3,2,0.08076515793800354,0.1436781883239746,0.5135319232940674,0.23096293210983276
clip_vit_b_32,c0_s1_0015_241_1428,airplane,bird,texture,True,3,1,0.07328783720731735,0.14991921186447144,0.5691916942596436,0.13201157748699188
clip_vit_b_32,c0_s1_0016_1463_3530,airplane,bird,shape,True,5,2,0.04875929653644562,0.0913824737071991,0.5548721551895142,0.44805267453193665
clip_vit_b_32,c0_s1_0017_2937_5394,airplane,bird,shape,True,5,8,0.06721644848585129,0.07983944565057755,0.5064477324485779,0.21266710758209229
clip_vit_b_32,c0_s1_0018_5624_5830,airplane,bird,shape,True,5,4,0.04854174703359604,0.048385702073574066,0.5582118630409241,0.5728889107704163
clip_vit_b_32,c0_s1_0020_5068_4709,airplane,bird,shape,True,3,2,0.08076515793800354,0.09476619213819504,0.5135319232940674,0.42623651027679443
clip_vit_b_32,c0_s1_0022_1463_3834,airplane,bird,texture,True,5,1,0.04875929653644562,0.27006790041923523,0.5548721551895142,0.1120656281709671
clip_vit_b_32,c0_s1_0023_241_6410,airplane,bird,shape,True,3,2,0.07328783720731735,0.13957487046718597,0.5691916942596436,0.2748079001903534
clip_vit_b_32,c0_s1_0024_5785_1428,airplane,bird,shape,True,3,2,0.06790318340063095,0.10341136902570724,0.518082857131958,0.3548753559589386
clip_vit_b_32,c1_s0_0000_6014_4533,bird,airplane,shape,True,5,5,0.030967194586992264,0.04746801406145096,0.6775665879249573,0.570594847202301
clip_vit_b_32,c1_s0_0001_3144_7165,bird,airplane,shape,True,5,5,0.0453629195690155,0.05959329754114151,0.6205586194992065,0.48077821731567383
clip_vit_b_32,c1_s0_0002_963_7334,bird,airplane,shape,True,5,2,0.06245521083474159,0.10451789200305939,0.38433724641799927,0.16593007743358612
clip_vit_b_32,c1_s0_0003_1428_3999,bird,airplane,shape,True,5,5,0.04780324548482895,0.08946408331394196,0.5592238306999207,0.29646435379981995
clip_vit_b_32,c1_s0_0005_4709_2210,bird,airplane,shape,True,5,5,0.02870977856218815,0.060971152037382126,0.7220293283462524,0.49194565415382385
clip_vit_b_32,c1_s0_0008_4188_7334,bird,airplane,shape,True,3,2,0.06823642551898956,0.10035554319620132,0.5461220741271973,0.35592901706695557
clip_vit_b_32,c1_s0_0010_5830_3999,bird,airplane,shape,True,2,2,0.11058171093463898,0.16802430152893066,0.4317113757133484,0.2965029776096344
clip_vit_b_32,c1_s0_0011_2988_339,bird,airplane,shape,True,6,6,0.03955285623669624,0.04162636771798134,0.5838715434074402,0.5797001123428345
clip_vit_b_32,c1_s0_0012_5546_60,bird,airplane,shape,True,6,6,0.06784066557884216,0.05806611478328705,0.41256895661354065,0.47397369146347046
clip_vit_b_32,c1_s0_0013_1218_5276,bird,airplane,shape,True,4,5,0.04505585506558418,0.04084998369216919,0.6700419187545776,0.6474854946136475
clip_vit_b_32,c1_s0_0014_3161_728,bird,airplane,shape,True,5,4,0.03884134814143181,0.07646974921226501,0.6208879351615906,0.435597687959671
clip_vit_b_32,c1_s0_0015_5929_3759,bird,airplane,shape,True,5,6,0.04185962304472923,0.054939378052949905,0.5456618666648865,0.38009101152420044
clip_vit_b_32,c1_s0_0016_1302_7975,bird,airplane,shape,True,4,4,0.041945893317461014,0.04594402387738228,0.6365857124328613,0.6311560273170471
clip_vit_b_32,c1_s0_0017_5425_60,bird,airplane,shape,True,2,2,0.14290814101696014,0.13708586990833282,0.3999280035495758,0.35755839943885803
clip_vit_b_32,c1_s0_0018_963_3397,bird,airplane,shape,True,5,6,0.06245521083474159,0.0938158631324768,0.38433724641799927,0.19932962954044342
clip_vit_b_32,c1_s0_0020_3834_298,bird,airplane,shape,True,5,5,0.03454617038369179,0.0431348979473114,0.6934441328048706,0.598572313785553
clip_vit_b_32,c1_s0_0021_5929_4533,bird,airplane,shape,True,5,4,0.04185962304472923,0.06952312588691711,0.5456618666648865,0.40601179003715515
clip_vit_b_32,c1_s0_0022_1353_1977,bird,airplane,shape,True,2,2,0.09576357901096344,0.09591832011938095,0.5408148765563965,0.47714006900787354
clip_vit_b_32,c1_s0_0023_4709_60,bird,airplane,shape,True,5,6,0.02870977856218815,0.05009716749191284,0.7220293283462524,0.522453784942627
clip_vit_b_32,c1_s0_0024_225_3999,bird,airplane,shape,True,2,2,0.10319655388593674,0.15484245121479034,0.5032890439033508,0.3755806088447571
clip_vit_b_32,c1_s2_0000_1740_6683,bird,car,shape,True,8,8,0.026889557018876076,0.06427428126335144,0.557014524936676,0.24824941158294678
clip_vit_b_32,c1_s2_0001_225_5577,bird,car,shape,True,9,9,0.04013975337147713,0.06122998893260956,0.5032890439033508,0.2688964307308197
clip_vit_b_32,c1_s2_0002_6022_7711,bird,car,shape,True,10,9,0.03176834061741829,0.03543572127819061,0.5278273224830627,0.545927882194519
clip_vit_b_32,c1_s2_0003_5546_6683,bird,car,shape,True,10,10,0.04253753274679184,0.04257182404398918,0.41256895661354065,0.3827061057090759
clip_vit_b_32,c1_s2_0004_5240_2436,bird,car,shape,True,7,8,0.02850758098065853,0.02361605502665043,0.6453467607498169,0.6834863424301147
clip_vit_b_32,c1_s2_0006_7066_3067,bird,car,shape,True,7,6,0.031786635518074036,0.09740112721920013,0.605427622795105,0.14801345765590668
clip_vit_b_32,c1_s2_0007_1428_5463,bird,car,shape,True,8,9,0.02391224354505539,0.03319860249757767,0.5592238306999207,0.49306443333625793
clip_vit_b_32,c1_s2_0009_2988_7327,bird,car,shape,True,9,9,0.023576989769935608,0.034530673176050186,0.5838715434074402,0.4726232588291168
clip_vit_b_32,c1_s2_0010_5093_2909,bird,car,shape,True,8,9,0.020011847838759422,0.030005306005477905,0.6811294555664062,0.5450015068054199
clip_vit_b_32,c1_s2_0011_1740_1179,bird,car,shape,True,8,9,0.026889557018876076,0.06759458035230637,0.557014524936676,0.23569175601005554
clip_vit_b_32,c1_s2_0012_6014_6548,bird,car,shape,True,7,9,0.022164862602949142,0.06073542311787605,0.6775665879249573,0.2864767014980316
clip_vit_b_32,c1_s2_0014_5425_6548,bird,car,texture,True,9,1,0.04058196768164635,0.224211648106575,0.3999280035495758,0.07542164623737335
clip_vit_b_32,c1_s2_0015_5929_2252,bird,car,shape,True,9,9,0.02148980274796486,0.04827797785401344,0.5456618666648865,0.3432968854904175
clip_vit_b_32,c1_s2_0016_3537_6795,bird,car,shape,True,9,9,0.0223517008125782,0.05299542471766472,0.639976441860199,0.3534576892852783
clip_vit_b_32,c1_s2_0017_2673_313,bird,car,shape,True,6,9,0.031868427991867065,0.06212877482175827,0.5877958536148071,0.26498961448669434
clip_vit_b_32,c1_s2_0018_3530_2611,bird,car,shape,True,7,10,0.026423165574669838,0.02360844984650612,0.6235824227333069,0.5764007568359375
clip_vit_b_32,c1_s2_0019_275_6548,bird,car,shape,True,10,10,0.02352486364543438,0.03776809573173523,0.431957483291626,0.3565548062324524
clip_vit_b_32,c1_s2_0021_5093_6738,bird,car,shape,True,8,8,0.020011847838759422,0.02609368972480297,0.6811294555664062,0.6133148074150085
clip_vit_b_32,c1_s2_0022_275_2915,bird,car,shape,True,10,10,0.02352486364543438,0.029572999104857445,0.431957483291626,0.4757743179798126
clip_vit_b_32,c1_s2_0024_225_4316,bird,car,shape,True,9,10,0.04013975337147713,0.03929837793111801,0.5032890439033508,0.4439133405685425
clip_vit_b_32,c2_s1_0000_7392_3588,car,bird,shape,True,10,8,0.0318106971681118,0.059997767210006714,0.5408079028129578,0.3242356479167938
clip_vit_b_32,c2_s1_0001_5011_5929,car,bird,shape,True,8,9,0.0438472181558609,0.03219331428408623,0.5118086934089661,0.6022162437438965
clip_vit_b_32,c2_s1_0002_6216_4733,car,bird,shape,True,7,8,0.03660574182868004,0.051587533205747604,0.6149747371673584,0.4645288586616516
clip_vit_b_32,c2_s1_0004_2436_1302,car,bird,shape,True,9,9,0.038084737956523895,0.042138416320085526,0.4386276304721832,0.4521561861038208
clip_vit_b_32,c2_s1_0005_2611_5425,car,bird,other,True,7,5,0.045984745025634766,0.06910636276006699,0.22470061480998993,0.19122107326984406
clip_vit_b_32,c2_s1_0006_2392_3161,car,bird,shape,True,10,9,0.028817052021622658,0.0295411366969347,0.581934928894043,0.540607213973999
clip_vit_b_32,c2_s1_0007_1731_4709,car,bird,shape,True,9,7,0.029133150354027748,0.056299857795238495,0.6234885454177856,0.45637083053588867
clip_vit_b_32,c2_s1_0008_1179_6938,car,bird,shape,True,6,7,0.050733134150505066,0.054599445313215256,0.4367886483669281,0.4139091968536377
clip_vit_b_32,c2_s1_0009_6548_1428,car,bird,shape,True,7,8,0.04301619529724121,0.04822622984647751,0.45494264364242554,0.368678480386734
clip_vit_b_32,c2_s1_0010_1731_6498,car,bird,shape,True,9,9,0.029133150354027748,0.043467674404382706,0.6234885454177856,0.4742637872695923
clip_vit_b_32,c2_s1_0012_4605_7066,car,bird,shape,True,9,8,0.03264722228050232,0.04268063232302666,0.5654535889625549,0.4638635218143463
clip_vit_b_32,c2_s1_0013_1179_3588,car,bird,shape,True,6,7,0.050733134150505066,0.056171976029872894,0.4367886483669281,0.3545655310153961
clip_vit_b_32,c2_s1_0014_2503_3530,car,bird,shape,True,6,9,0.057048700749874115,0.05048377066850662,0.4514724314212799,0.3931157886981964
clip_vit_b_32,c2_s1_0015_5577_5093,car,bird,shape,True,9,9,0.03613387420773506,0.039295073598623276,0.519950807094574,0.4754917323589325
clip_vit_b_32,c2_s1_0016_6981_3254,car,bird,shape,True,9,9,0.028063280507922173,0.03504441678524017,0.673837423324585,0.5899029970169067
clip_vit_b_32,c2_s1_0018_3067_3834,car,bird,shape,True,10,6,0.036972369998693466,0.05757670849561691,0.48128384351730347,0.45707231760025024
clip_vit_b_32,c2_s1_0019_6738_1081,car,bird,shape,True,6,6,0.03476335480809212,0.0484885536134243,0.6216760873794556,0.5185928344726562
clip_vit_b_32,c2_s1_0022_2611_7066,car,bird,shape,True,7,6,0.045984745025634766,0.06272368878126144,0.22470061480998993,0.2859163284301758
clip_vit_b_32,c2_s1_0023_5004_3161,car,bird,shape,True,8,7,0.04249052703380585,0.0487498864531517,0.6301378607749939,0.5139031410217285
clip_vit_b_32,c2_s1_0024_1179_6072,car,bird,shape,True,6,9,0.050733134150505066,0.04885401576757431,0.4367886483669281,0.4161478579044342
clip_vit_b_32,c1_s3_0001_6938_6094,bird,cat,shape,True,4,4,0.03885085508227348,0.050493840128183365,0.6984774470329285,0.6424899101257324
clip_vit_b_32,c1_s3_0002_4733_3375,bird,cat,shape,True,4,2,0.06303873658180237,0.1343887597322464,0.6051332950592041,0.3986549377441406
clip_vit_b_32,c1_s3_0003_3388_3375,bird,cat,shape,True,4,3,0.046968575567007065,0.07420806586742401,0.6402274370193481,0.5921943187713623
clip_vit_b_32,c1_s3_0004_5425_897,bird,cat,shape,True,6,2,0.06123095005750656,0.13911281526088715,0.3999280035495758,0.18532130122184753
clip_vit_b_32,c1_s3_0005_3223_2785,bird,cat,shape,True,3,4,0.051019299775362015,0.06600534915924072,0.6347883939743042,0.5273882150650024
clip_vit_b_32,c1_s3_0006_1081_1563,bird,cat,texture,True,2,1,0.22160211205482483,0.16683995723724365,0.4367004632949829,0.1536078155040741
clip_vit_b_32,c1_s3_0007_6068_6459,bird,cat,shape,True,3,4,0.05679752305150032,0.06913290172815323,0.7087941765785217,0.6003813743591309
clip_vit_b_32,c1_s3_0008_1491_6094,bird,cat,shape,True,5,3,0.06139960139989853,0.08043595403432846,0.4532856345176697,0.3738083243370056
clip_vit_b_32,c1_s3_0009_1353_1531,bird,cat,shape,True,3,2,0.07093468308448792,0.15656998753547668,0.5408148765563965,0.27894532680511475
clip_vit_b_32,c1_s3_0010_4709_1622,bird,cat,shape,True,4,4,0.03957969695329666,0.06392013281583786,0.7220293283462524,0.6172289252281189
clip_vit_b_32,c1_s3_0011_5830_6385,bird,cat,shape,True,5,5,0.06671671569347382,0.06342937052249908,0.4317113757133484,0.3457086980342865
clip_vit_b_32,c1_s3_0013_5394_5294,bird,cat,shape,True,2,2,0.10599931329488754,0.1659446507692337,0.5556214451789856,0.40837621688842773
clip_vit_b_32,c1_s3_0014_4361_6632,bird,cat,other,True,4,3,0.05120179429650307,0.10178779810667038,0.6092932224273682,0.09913439303636551
clip_vit_b_32,c1_s3_0015_5122_1968,bird,cat,shape,True,3,3,0.06906735897064209,0.08339452743530273,0.5989583134651184,0.4954559803009033
clip_vit_b_32,c1_s3_0016_3161_1968,bird,cat,shape,True,2,2,0.07862762361764908,0.14510281383991241,0.6208879351615906,0.23052281141281128
clip_vit_b_32,c1_s3_0019_7066_874,bird,cat,shape,True,4,5,0.05298974737524986,0.04733482003211975,0.605427622795105,0.576408326625824
clip_vit_b_32,c1_s3_0020_3144_4184,bird,cat,shape,True,2,2,0.0629785805940628,0.14507946372032166,0.6205586194992065,0.39579445123672485
clip_vit_b_32,c1_s3_0021_2988_3202,bird,cat,shape,True,3,3,0.0647253692150116,0.09233502298593521,0.5838715434074402,0.5245944261550903
clip_vit_b_32,c1_s3_0022_6022_6575,bird,cat,shape,True,2,3,0.09462939202785492,0.09556550532579422,0.5278273224830627,0.4824252426624298
clip_vit_b_32,c1_s3_0024_6498_6324,bird,cat,shape,True,5,4,0.07895474135875702,0.10865472257137299,0.31631532311439514,0.24195179343223572
clip_vit_b_32,c3_s1_0000_1563_6938,cat,bird,other,False,3,3,0.08094128221273422,0.0853172168135643,0.264192134141922,0.25538504123687744
clip_vit_b_32,c3_s1_0001_3202_6938,cat,bird,shape,True,4,3,0.0573236308991909,0.059792544692754745,0.42376628518104553,0.4185241758823395
clip_vit_b_32,c3_s1_0002_5522_6498,cat,bird,shape,True,3,5,0.06074194610118866,0.0415799655020237,0.4546422064304352,0.41974076628685
clip_vit_b_32,c3_s1_0004_589_1302,cat,bird,texture,True,3,1,0.11560166627168655,0.3051855266094208,0.45590993762016296,0.20559899508953094
clip_vit_b_32,c3_s1_0006_6385_2988,cat,bird,shape,True,3,3,0.05323214828968048,0.06488098949193954,0.5411180853843689,0.5079695582389832
clip_vit_b_32,c3_s1_0007_4858_6498,cat,bird,shape,True,3,5,0.05794389173388481,0.054366301745176315,0.5272572040557861,0.49922794103622437
clip_vit_b_32,c3_s1_0008_6324_1302,cat,bird,shape,True,3,4,0.09013160318136215,0.11695192754268646,0.5128450393676758,0.3166714310646057
clip_vit_b_32,c3_s1_0009_6826_6498,cat,bird,other,True,5,9,0.07731923460960388,0.07855643332004547,0.4605339765548706,0.1239682286977768
clip_vit_b_32,c3_s1_0010_2785_6068,cat,bird,shape,False,9,6,0.0382840670645237,0.05537155270576477,0.26205432415008545,0.27610334753990173
clip_vit_b_32,c3_s1_0011_3375_225,cat,bird,shape,True,5,6,0.06294671446084976,0.07315247505903244,0.49017637968063354,0.20265533030033112
clip_vit_b_32,c3_s1_0012_4856_6880,cat,bird,shape,False,5,5,0.06752508878707886,0.0839574933052063,0.278971403837204,0.25774145126342773
clip_vit_b_32,c3_s1_0013_5294_4733,cat,bird,shape,True,3,4,0.08093151450157166,0.08268235623836517,0.44896984100341797,0.4147981107234955
clip_vit_b_32,c3_s1_0014_6459_963,cat,bird,shape,True,3,3,0.07717198133468628,0.11415816843509674,0.5390381813049316,0.39712631702423096
clip_vit_b_32,c3_s1_0017_2434_5929,cat,bird,shape,True,3,3,0.0700087696313858,0.0832672268152237,0.5129935145378113,0.40824228525161743
clip_vit_b_32,c3_s1_0018_5976_7217,cat,bird,shape,True,3,4,0.06277640163898468,0.09298484772443771,0.4922882318496704,0.38523781299591064
clip_vit_b_32,c3_s1_0019_5551_5830,cat,bird,shape,True,3,3,0.06697075814008713,0.0916428342461586,0.47499606013298035,0.3893461227416992
clip_vit_b_32,c3_s1_0020_4858_3834,cat,bird,shape,True,3,5,0.05794389173388481,0.05741728097200394,0.5272572040557861,0.5121996998786926
clip_vit_b_32,c3_s1_0022_6459_3223,cat,bird,shape,True,3,4,0.07717198133468628,0.07550859451293945,0.5390381813049316,0.5163186192512512
clip_vit_b_32,c3_s1_0023_1187_1218,cat,bird,shape,True,3,4,0.09225565940141678,0.10521078109741211,0.5097365379333496,0.302654892206192
clip_vit_b_32,c3_s1_0024_2480_3223,cat,bird,shape,True,2,3,0.11530765891075134,0.10570067167282104,0.5105963945388794,0.400664746761322
clip_vit_b_32,c2_s4_0001_6053_6441,car,deer,shape,True,10,10,0.02228572592139244,0.02791997790336609,0.5763655304908752,0.5465174913406372
clip_vit_b_32,c2_s4_0002_6981_6122,car,deer,shape,True,10,8,0.02605355717241764,0.042528506368398666,0.673837423324585,0.4902098476886749
clip_vit_b_32,c2_s4_0003_3944_3078,car,deer,shape,True,10,10,0.02125190943479538,0.03510556370019913,0.4488786458969116,0.27947700023651123
clip_vit_b_32,c2_s4_0004_7327_1694,car,deer,shape,True,6,6,0.04641423746943474,0.07224997133016586,0.5430878400802612,0.3100472390651703
clip_vit_b_32,c2_s4_0005_6347_490,car,deer,shape,True,6,9,0.03560012951493263,0.03751734271645546,0.6580479741096497,0.5115718245506287
clip_vit_b_32,c2_s4_0006_5577_1223,car,deer,shape,True,10,9,0.028341179713606834,0.034980613738298416,0.519950807094574,0.5329673886299133
clip_vit_b_32,c2_s4_0008_7843_1223,car,deer,shape,True,10,10,0.022644167765975,0.03422164544463158,0.622277557849884,0.4601694941520691
clip_vit_b_32,c2_s4_0009_2252_4262,car,deer,shape,True,8,9,0.036491263657808304,0.045801792293787,0.5037391185760498,0.39368364214897156
clip_vit_b_32,c2_s4_0010_7711_321,car,deer,shape,True,9,6,0.0323050394654274,0.07530492544174194,0.5244789719581604,0.2472699135541916
clip_vit_b_32,c2_s4_0011_6053_4616,car,deer,shape,True,10,10,0.02228572592139244,0.022586967796087265,0.5763655304908752,0.5629340410232544
clip_vit_b_32,c2_s4_0012_5484_6122,car,deer,shape,True,9,10,0.029728660359978676,0.03374776989221573,0.6196877360343933,0.47507184743881226
clip_vit_b_32,c2_s4_0013_7392_1223,car,deer,shape,True,9,8,0.03619298338890076,0.05915376916527748,0.5408079028129578,0.2815611958503723
clip_vit_b_32,c2_s4_0016_3067_650,car,deer,shape,True,6,10,0.04278293624520302,0.03700507804751396,0.48128384351730347,0.45459967851638794
clip_vit_b_32,c2_s4_0017_4316_3012,car,deer,shape,True,9,10,0.022450771182775497,0.03593180328607559,0.6114453077316284,0.33468225598335266
clip_vit_b_32,c2_s4_0018_6216_1669,car,deer,shape,True,10,10,0.028925571590662003,0.039058417081832886,0.6149747371673584,0.4550011157989502
clip_vit_b_32,c2_s4_0019_1059_2875,car,deer,shape,True,10,10,0.030342306941747665,0.03987728804349899,0.5374031662940979,0.5067645311355591
clip_vit_b_32,c2_s4_0020_88_3444,car,deer,other,True,4,6,0.075447678565979,0.08396587520837784,0.29523131251335144,0.09765666723251343
clip_vit_b_32,c2_s4_0021_6053_490,car,deer,shape,True,10,10,0.02228572592139244,0.02924751490354538,0.5763655304908752,0.519793689250946
clip_vit_b_32,c2_s4_0022_4440_7728,car,deer,shape,True,10,9,0.04394323378801346,0.05514765530824661,0.3740786015987396,0.38391485810279846
clip_vit_b_32,c2_s4_0024_3067_4616,car,deer,shape,True,6,10,0.04278293624520302,0.0382344052195549,0.48128384351730347,0.48381495475769043
clip_vit_b_32,c4_s2_0002_6587_2915,deer,car,other,True,9,8,0.022927429527044296,0.04148295894265175,0.5888838171958923,0.21809831261634827
clip_vit_b_32,c4_s2_0003_321_6683,deer,car,other,True,7,7,0.024013109505176544,0.058888990432024,0.3479311466217041,0.19397297501564026
clip_vit_b_32,c4_s2_0004_5765_5663,deer,car,other,True,9,8,0.05025212839245796,0.07964662462472916,0.32377955317497253,0.10233174264431
clip_vit_b_32,c4_s2_0005_7910_6548,deer,car,shape,True,10,9,0.020386286079883575,0.07160796225070953,0.6812697052955627,0.25050514936447144
clip_vit_b_32,c4_s2_0006_1550_1731,deer,car,shape,True,9,7,0.022196589037775993,0.03794136643409729,0.6888453364372253,0.5019121766090393
clip_vit_b_32,c4_s2_0007_1694_3641,deer,car,shape,True,9,7,0.02203560806810856,0.06119290366768837,0.648603618144989,0.18703940510749817
clip_vit_b_32,c4_s2_0008_4089_4605,deer,car,other,True,10,6,0.021395225077867508,0.09094970673322678,0.6300775408744812,0.12069182842969894
clip_vit_b_32,c4_s2_0009_650_517,deer,car,other,False,8,5,0.04797152057290077,0.097602978348732,0.16003535687923431,0.0826801061630249
clip_vit_b_32,c4_s2_0010_4616_1731,deer,car,shape,True,9,7,0.028924180194735527,0.045368392020463943,0.5766006112098694,0.35285016894340515
clip_vit_b_32,c4_s2_0011_5708_1750,deer,car,other,True,8,8,0.03555743396282196,0.07459943741559982,0.2939390242099762,0.11138647049665451
clip_vit_b_32,c4_s2_0013_4006_1731,deer,car,other,True,8,6,0.01980755850672722,0.09051035344600677,0.6788620948791504,0.103253073990345
clip_vit_b_32,c4_s2_0014_7910_6053,deer,car,shape,True,10,10,0.020386286079883575,0.03760566934943199,0.6812697052955627,0.4381011724472046
clip_vit_b_32,c4_s2_0015_1209_7711,deer,car,shape,True,9,9,0.01457381621003151,0.04063878580927849,0.7479883432388306,0.5022597312927246
clip_vit_b_32,c4_s2_0016_2021_1750,deer,car,other,True,8,8,0.02522825263440609,0.057709015905857086,0.5836531519889832,0.11708932369947433
clip_vit_b_32,c4_s2_0017_4155_7327,deer,car,shape,True,9,7,0.036703985184431076,0.05062997713685036,0.5740888714790344,0.3707592189311981
clip_vit_b_32,c4_s2_0018_1550_2611,deer,car,shape,True,9,8,0.022196589037775993,0.05015384405851364,0.6888453364372253,0.2621513605117798
clip_vit_b_32,c4_s2_0019_3928_332,deer,car,other,True,9,8,0.028409287333488464,0.07413264364004135,0.5437530875205994,0.14592139422893524
clip_vit_b_32,c4_s2_0020_4155_5177,deer,car,shape,True,9,8,0.036703985184431076,0.06398869305849075,0.5740888714790344,0.2877492606639862
clip_vit_b_32,c4_s2_0021_7910_2915,deer,car,shape,True,10,8,0.020386286079883575,0.06245024874806404,0.6812697052955627,0.27910733222961426
clip_vit_b_32,c4_s2_0023_4616_313,deer,car,shape,True,9,7,0.028924180194735527,0.07507703453302383,0.5766006112098694,0.29481184482574463
clip_vit_b_32,c7_s9_0000_6149_7921,monkey,truck,texture,True,9,1,0.019767865538597107,0.1477649062871933,0.5784768462181091,0.10264958441257477
clip_vit_b_32,c7_s9_0001_7769_1163,monkey,truck,other,True,9,5,0.020405223593115807,0.07554100453853607,0.48901715874671936,0.15935394167900085
clip_vit_b_32,c7_s9_0002_680_7705,monkey,truck,shape,True,9,5,0.03518958017230034,0.09617834538221359,0.5552841424942017,0.1450391560792923
clip_vit_b_32,c7_s9_0004_2581_3200,monkey,truck,shape,True,10,6,0.01693575643002987,0.09047427773475647,0.5880796909332275,0.21797998249530792
clip_vit_b_32,c7_s9_0005_2207_852,monkey,truck,shape,True,9,6,0.016501853242516518,0.07305260002613068,0.6548710465431213,0.21534991264343262
clip_vit_b_32,c7_s9_0006_7695_1163,monkey,truck,shape,True,9,8,0.014809868298470974,0.0349590964615345,0.6811742186546326,0.5257246494293213
clip_vit_b_32,c7_s9_0007_2982_7671,monkey,truck,texture,True,8,1,0.03180336952209473,0.158554345369339,0.5240319967269897,0.12478887289762497
clip_vit_b_32,c7_s9_0008_7505_852,monkey,truck,other,True,10,10,0.028197448700666428,0.0369880348443985,0.3011026382446289,0.15528587996959686
clip_vit_b_32,c7_s9_0009_2581_7671,monkey,truck,other,True,10,2,0.01693575643002987,0.1333926022052765,0.5880796909332275,0.11943144351243973
clip_vit_b_32,c7_s9_0011_1473_7767,monkey,truck,shape,True,10,9,0.014243432320654392,0.0228959321975708,0.6700149178504944,0.5454973578453064
clip_vit_b_32,c7_s9_0012_230_7767,monkey,truck,shape,True,9,4,0.02042819932103157,0.05806533619761467,0.5873002409934998,0.4255979657173157
clip_vit_b_32,c7_s9_0014_1656_7701,monkey,truck,shape,True,8,4,0.027120821177959442,0.09253764897584915,0.6202165484428406,0.29761847853660583
clip_vit_b_32,c7_s9_0015_1122_3103,monkey,truck,other,True,9,2,0.026632025837898254,0.155822291970253,0.49750635027885437,0.06398618966341019
clip_vit_b_32,c7_s9_0016_1224_1522,monkey,truck,shape,True,9,3,0.020157266408205032,0.10946028679609299,0.5508497953414917,0.15410053730010986
clip_vit_b_32,c7_s9_0017_2787_3249,monkey,truck,shape,True,10,4,0.021993566304445267,0.08606258034706116,0.6255446672439575,0.3063499629497528
clip_vit_b_32,c7_s9_0018_5535_243,monkey,truck,texture,True,9,1,0.01917564496397972,0.12851941585540771,0.6573829650878906,0.11351639032363892
clip_vit_b_32,c7_s9_0019_2581_243,monkey,truck,shape,True,10,7,0.01693575643002987,0.08265192806720734,0.5880796909332275,0.23974205553531647
clip_vit_b_32,c7_s9_0020_6225_7049,monkey,truck,shape,True,10,9,0.023340681567788124,0.06184466555714607,0.5490938425064087,0.23277242481708527
clip_vit_b_32,c7_s9_0021_6840_4049,monkey,truck,texture,True,9,1,0.03669021278619766,0.14568132162094116,0.4873557984828949,0.12052472680807114
clip_vit_b_32,c7_s9_0022_864_2674,monkey,truck,shape,True,9,2,0.017234142869710922,0.12482630461454391,0.6794205904006958,0.16812044382095337
clip_vit_b_32,c9_s7_0001_852_680,truck,monkey,shape,True,10,10,0.020115189254283905,0.026098670437932014,0.5915979146957397,0.5716722011566162
clip_vit_b_32,c9_s7_0002_3428_2207,truck,monkey,shape,True,10,10,0.02383546158671379,0.030360298231244087,0.6315408945083618,0.4179791808128357
clip_vit_b_32,c9_s7_0003_7147_2982,truck,monkey,shape,True,10,10,0.017008068040013313,0.026693478226661682,0.5864818692207336,0.5497484803199768
clip_vit_b_32,c9_s7_0004_7330_5697,truck,monkey,shape,True,9,9,0.02160160429775715,0.0295984148979187,0.6000528931617737,0.540284276008606
clip_vit_b_32,c9_s7_0005_5211_4773,truck,monkey,shape,True,10,10,0.027669088914990425,0.04856972023844719,0.43021970987319946,0.330531507730484
clip_vit_b_32,c9_s7_0006_4956_5535,truck,monkey,shape,True,8,10,0.02710636332631111,0.06009472534060478,0.57035893201828,0.23880641162395477
clip_vit_b_32,c9_s7_0007_6496_4951,truck,monkey,shape,True,9,10,0.024526003748178482,0.03856678307056427,0.5371050834655762,0.43680474162101746
clip_vit_b_32,c9_s7_0008_3249_6374,truck,monkey,shape,True,10,5,0.045196276158094406,0.10615763813257217,0.278124064207077,0.15308532118797302
clip_vit_b_32,c9_s7_0009_4049_6322,truck,monkey,shape,True,8,7,0.024692032486200333,0.055721987038850784,0.5402223467826843,0.3347940146923065
clip_vit_b_32,c9_s7_0010_5621_2773,truck,monkey,shape,True,10,10,0.019362734630703926,0.04975365847349167,0.5657851099967957,0.2588697075843811
clip_vit_b_32,c9_s7_0011_7654_6869,truck,monkey,shape,True,10,10,0.025582799687981606,0.053130727261304855,0.4580608308315277,0.25510939955711365
clip_vit_b_32,c9_s7_0012_4049_3590,truck,monkey,shape,True,8,9,0.024692032486200333,0.026465147733688354,0.5402223467826843,0.5275714993476868
clip_vit_b_32,c9_s7_0013_7654_6840,truck,monkey,shape,True,10,10,0.025582799687981606,0.03592197969555855,0.4580608308315277,0.44865623116493225
clip_vit_b_32,c9_s7_0014_5621_1985,truck,monkey,shape,True,10,10,0.019362734630703926,0.04754919931292534,0.5657851099967957,0.2659461200237274
clip_vit_b_32,c9_s7_0015_7049_6149,truck,monkey,shape,True,9,10,0.030424483120441437,0.0430067740380764,0.5743275880813599,0.4209163188934326
clip_vit_b_32,c9_s7_0017_6536_864,truck,monkey,shape,True,10,10,0.02128143608570099,0.04264304041862488,0.6041717529296875,0.4046350121498108
clip_vit_b_32,c9_s7_0019_4721_7695,truck,monkey,shape,True,9,2,0.04248051717877388,0.1604914516210556,0.5389158725738525,0.2358192652463913
clip_vit_b_32,c9_s7_0020_4721_4951,truck,monkey,texture,True,9,1,0.04248051717877388,0.2059422731399536,0.5389158725738525,0.10589677840471268
clip_vit_b_32,c9_s7_0021_4049_6149,truck,monkey,shape,True,8,9,0.024692032486200333,0.03099944442510605,0.5402223467826843,0.48996004462242126
clip_vit_b_32,c9_s7_0023_243_2773,truck,monkey,shape,True,10,9,0.03386763483285904,0.05247381702065468,0.4941234290599823,0.3274956941604614
clip_vit_b_32_zero_shot,c0_s1_0000_7975_3588,airplane,bird,shape,True,2,3,0.01478635985404253,0.07292588800191879,0.9624669551849365,0.615557849407196
clip_vit_b_32_zero_shot,c0_s1_0001_6500_5425,airplane,bird,shape,True,2,2,0.025091644376516342,0.021078407764434814,0.964341402053833,0.9713712930679321
clip_vit_b_32_zero_shot,c0_s1_0002_359_3161,airplane,bird,shape,True,2,4,0.037155382335186005,0.008998407982289791,0.9452001452445984,0.8857625722885132
clip_vit_b_32_zero_shot,c0_s1_0003_808_6982,airplane,bird,shape,True,3,3,0.010682142339646816,0.07770851999521255,0.9512962102890015,0.6572436094284058
clip_vit_b_32_zero_shot,c0_s1_0004_422_5240,airplane,bird,texture,True,3,1,0.07929883897304535,0.24345196783542633,0.6555951833724976,0.21444234251976013
clip_vit_b_32_zero_shot,c0_s1_0005_7782_4188,airplane,bird,shape,True,3,3,0.07321591675281525,0.03241098299622536,0.7764034867286682,0.8692513704299927
clip_vit_b_32_zero_shot,c0_s1_0009_5067_5093,airplane,bird,texture,False,1,1,0.651537299156189,0.9868506193161011,0.243856742978096,0.006957035046070814
clip_vit_b_32_zero_shot,c0_s1_0010_5276_1428,airplane,bird,shape,True,2,3,0.021559087559580803,0.03611796721816063,0.956362247467041,0.7910606265068054
clip_vit_b_32_zero_shot,c0_s1_0011_298_4361,airplane,bird,shape,True,4,2,0.018098393455147743,0.04181842878460884,0.8745462894439697,0.8740551471710205
clip_vit_b_32_zero_shot,c0_s1_0012_480_4188,airplane,bird,shape,True,2,3,0.0413142591714859,0.021898100152611732,0.9309268593788147,0.8246514797210693
clip_vit_b_32_zero_shot,c0_s1_0013_5068_6498,airplane,bird,shape,True,3,5,0.009877996519207954,0.017149047926068306,0.9327920079231262,0.7715298533439636
clip_vit_b_32_zero_shot,c0_s1_0014_5068_564,airplane,bird,shape,True,3,5,0.009877996519207954,0.03787750378251076,0.9327920079231262,0.3697011172771454
clip_vit_b_32_zero_shot,c0_s1_0015_241_1428,airplane,bird,other,True,2,2,0.023419730365276337,0.2730542719364166,0.9660354256629944,0.08242839574813843
clip_vit_b_32_zero_shot,c0_s1_0016_1463_3530,airplane,bird,shape,True,2,2,0.06679102033376694,0.3203820586204529,0.8799602389335632,0.5475701689720154
clip_vit_b_32_zero_shot,c0_s1_0017_2937_5394,airplane,bird,shape,True,2,5,0.019536921754479408,0.022077227011322975,0.9474226236343384,0.6988538503646851
clip_vit_b_32_zero_shot,c0_s1_0018_5624_5830,airplane,bird,shape,True,2,2,0.02138194814324379,0.02513408288359642,0.9559581279754639,0.9474768042564392
clip_vit_b_32_zero_shot,c0_s1_0020_5068_4709,airplane,bird,shape,True,3,4,0.009877996519207954,0.04150010272860527,0.9327920079231262,0.782785177230835
clip_vit_b_32_zero_shot,c0_s1_0022_1463_3834,airplane,bird,texture,True,2,1,0.06679102033376694,0.918524444103241,0.8799602389335632,0.03287816047668457
clip_vit_b_32_zero_shot,c0_s1_0023_241_6410,airplane,bird,shape,True,2,3,0.023419730365276337,0.05369560047984123,0.9660354256629944,0.7604051828384399
clip_vit_b_32_zero_shot,c0_s1_0024_5785_1428,airplane,bird,shape,True,3,3,0.02328450232744217,0.0789773240685463,0.9150670170783997,0.6605253219604492
clip_vit_b_32_zero_shot,c1_s0_0000_6014_4533,bird,airplane,shape,True,10,3,1.4846060366835445e-05,0.0006033267709426582,0.9991486072540283,0.9963787198066711
clip_vit_b_32_zero_shot,c1_s0_0001_3144_7165,bird,airplane,shape,True,4,4,0.00043766817543655634,0.00039321600343100727,0.996157705783844,0.9972864389419556
clip_vit_b_32_zero_shot,c1_s0_0002_963_7334,bird,airplane,shape,True,10,2,6.919566658325493e-05,0.13751159608364105,0.9800140857696533,0.559093713760376
clip_vit_b_32_zero_shot,c1_s0_0003_1428_3999,bird,airplane,shape,True,10,5,6.131603186076973e-06,0.0017980118282139301,0.9964851140975952,0.984254002571106
clip_vit_b_32_zero_shot,c1_s0_0005_4709_2210,bird,airplane,shape,True,10,7,3.2013224426918896e-06,0.0003517241857480258,0.9997106194496155,0.9963485598564148
clip_vit_b_32_zero_shot,c1_s0_0008_4188_7334,bird,airplane,shape,True,5,2,0.00043509816168807447,0.0067922212183475494,0.9955199956893921,0.9857425689697266
clip_vit_b_32_zero_shot,c1_s0_0010_5830_3999,bird,airplane,shape,True,2,2,0.0105930520221591,0.06423375755548477,0.9840917587280273,0.9190979599952698
clip_vit_b_32_zero_shot,c1_s0_0011_2988_339,bird,airplane,shape,True,10,8,1.4715924407937564e-05,7.644957076990977e-05,0.9965544939041138,0.9973662495613098
clip_vit_b_32_zero_shot,c1_s0_0012_5546_60,bird,airplane,shape,True,4,3,0.002350588794797659,0.0010089138522744179,0.9609696865081787,0.9925198554992676
clip_vit_b_32_zero_shot,c1_s0_0013_1218_5276,bird,airplane,shape,True,8,4,4.2588777432683855e-05,0.00013746244076173753,0.9990155696868896,0.9987634420394897
clip_vit_b_32_zero_shot,c1_s0_0014_3161_728,bird,airplane,shape,True,9,8,3.502935214783065e-05,0.000610122864600271,0.9990513920783997,0.9902738928794861
clip_vit_b_32_zero_shot,c1_s0_0015_5929_3759,bird,airplane,shape,True,10,10,9.878932360152248e-06,0.0006694570183753967,0.9690431356430054,0.9811000823974609
clip_vit_b_32_zero_shot,c1_s0_0016_1302_7975,bird,airplane,shape,True,9,2,1.5732548490632325e-05,0.00011687697406159714,0.9994996786117554,0.9995379447937012
clip_vit_b_32_zero_shot,c1_s0_0017_5425_60,bird,airplane,shape,True,2,2,0.011974644847214222,0.03572463616728783,0.9840582013130188,0.9535737037658691
clip_vit_b_32_zero_shot,c1_s0_0018_963_3397,bird,airplane,shape,True,10,5,6.919566658325493e-05,0.017046215012669563,0.9800140857696533,0.8607689142227173
clip_vit_b_32_zero_shot,c1_s0_0020_3834_298,bird,airplane,shape,True,8,7,1.757959762471728e-05,0.00010442327766213566,0.9995908141136169,0.9981659054756165
clip_vit_b_32_zero_shot,c1_s0_0021_5929_4533,bird,airplane,shape,True,10,9,9.878932360152248e-06,0.00044373111450113356,0.9690431356430054,0.9903115034103394
clip_vit_b_32_zero_shot,c1_s0_0022_1353_1977,bird,airplane,shape,True,2,2,0.008643736131489277,0.004364731255918741,0.9898654818534851,0.9930393099784851
clip_vit_b_32_zero_shot,c1_s0_0023_4709_60,bird,airplane,shape,True,10,8,3.2013224426918896e-06,7.774066762067378e-05,0.9997106194496155,0.9983680844306946
clip_vit_b_32_zero_shot,c1_s0_0024_225_3999,bird,airplane,shape,True,2,2,0.00988688226789236,0.06690587848424911,0.9886062741279602,0.9239348769187927
clip_vit_b_32_zero_shot,c1_s2_0000_1740_6683,bird,car,shape,True,6,8,0.00016907259123399854,0.0023438280913978815,0.9937427639961243,0.9644859433174133
clip_vit_b_32_zero_shot,c1_s2_0001_225_5577,bird,car,shape,True,5,10,0.00015068579523358494,0.0004920262144878507,0.9886062741279602,0.9314067959785461
clip_vit_b_32_zero_shot,c1_s2_0002_6022_7711,bird,car,shape,True,7,3,2.473887798259966e-05,0.00016916380263864994,0.9992157220840454,0.9990941286087036
clip_vit_b_32_zero_shot,c1_s2_0003_5546_6683,bird,car,shape,True,5,5,0.0017026447458192706,0.002080338541418314,0.9609696865081787,0.9687745571136475
clip_vit_b_32_zero_shot,c1_s2_0004_5240_2436,bird,car,shape,True,8,3,6.477060378529131e-05,0.0001811272231861949,0.9988947510719299,0.9990098476409912
clip_vit_b_32_zero_shot,c1_s2_0006_7066_3067,bird,car,shape,True,4,6,0.000265848939307034,0.04929124563932419,0.9984750151634216,0.5864725708961487
clip_vit_b_32_zero_shot,c1_s2_0007_1428_5463,bird,car,shape,True,8,7,1.5267783965100534e-05,0.00013967770792078227,0.9964851140975952,0.997896671295166
clip_vit_b_32_zero_shot,c1_s2_0009_2988_7327,bird,car,shape,True,7,5,4.610400719684549e-05,0.00019378136494196951,0.9965544939041138,0.996289849281311
clip_vit_b_32_zero_shot,c1_s2_0010_5093_2909,bird,car,shape,True,4,3,5.2773688366869465e-05,0.0002620189043227583,0.9996347427368164,0.998392641544342
clip_vit_b_32_zero_shot,c1_s2_0011_1740_1179,bird,car,shape,True,6,4,0.00016907259123399854,0.009106949903070927,0.9937427639961243,0.9479244351387024
clip_vit_b_32_zero_shot,c1_s2_0012_6014_6548,bird,car,shape,True,8,7,6.699181540170684e-05,0.003985005896538496,0.9991486072540283,0.9429608583450317
clip_vit_b_32_zero_shot,c1_s2_0014_5425_6548,bird,car,texture,True,6,1,0.00037282606353983283,0.7989238500595093,0.9840582013130188,0.03049580566585064
clip_vit_b_32_zero_shot,c1_s2_0015_5929_2252,bird,car,shape,True,9,10,4.732305387733504e-05,0.00043004643521271646,0.9690431356430054,0.9855297803878784
clip_vit_b_32_zero_shot,c1_s2_0016_3537_6795,bird,car,shape,True,7,9,3.7086727388668805e-05,0.0005836865166202188,0.9993956089019775,0.9794521331787109
clip_vit_b_32_zero_shot,c1_s2_0017_2673_313,bird,car,shape,True,5,7,7.930136780487373e-05,0.001667819800786674,0.9991704225540161,0.9817589521408081
clip_vit_b_32_zero_shot,c1_s2_0018_3530_2611,bird,car,shape,True,7,6,4.671733040595427e-05,0.0001811167021514848,0.9986754059791565,0.9974514842033386
clip_vit_b_32_zero_shot,c1_s2_0019_275_6548,bird,car,shape,True,9,8,7.798337173881009e-05,0.0009373293723911047,0.987784206867218,0.9724489450454712
clip_vit_b_32_zero_shot,c1_s2_0021_5093_6738,bird,car,shape,True,4,3,5.2773688366869465e-05,7.599449600093067e-05,0.9996347427368164,0.999498724937439
clip_vit_b_32_zero_shot,c1_s2_0022_275_2915,bird,car,shape,True,9,8,7.798337173881009e-05,0.00031268782913684845,0.987784206867218,0.9914968609809875
clip_vit_b_32_zero_shot,c1_s2_0024_225_4316,bird,car,shape,True,5,7,0.00015068579523358494,8.319090557051823e-05,0.9886062741279602,0.9898120760917664
clip_vit_b_32_zero_shot,c2_s1_0000_7392_3588,car,bird,shape,True,8,9,0.0019804476760327816,0.00047054787864908576,0.9623379111289978,0.9490994811058044
clip_vit_b_32_zero_shot,c2_s1_0001_5011_5929,car,bird,shape,True,5,3,0.0033493274822831154,0.0004647887544706464,0.9795122146606445,0.9954097867012024
clip_vit_b_32_zero_shot,c2_s1_0002_6216_4733,car,bird,shape,True,6,7,0.0003443285240791738,0.00042297117761336267,0.9913636445999146,0.9889522194862366
clip_vit_b_32_zero_shot,c2_s1_0004_2436_1302,car,bird,shape,True,8,8,0.0033457267563790083,0.0007618705276399851,0.9322162866592407,0.9700648784637451
clip_vit_b_32_zero_shot,c2_s1_0005_2611_5425,car,bird,other,False,6,5,0.0017728563398122787,0.0025453853886574507,0.18175815045833588,0.4499971568584442
clip_vit_b_32_zero_shot,c2_s1_0006_2392_3161,car,bird,shape,True,10,7,0.0010467370739206672,0.0012487079948186874,0.9306584596633911,0.970058262348175
clip_vit_b_32_zero_shot,c2_s1_0007_1731_4709,car,bird,shape,True,8,8,0.00023104279534891248,0.00029352415003813803,0.9922823309898376,0.9905898571014404
clip_vit_b_32_zero_shot,c2_s1_0008_1179_6938,car,bird,shape,True,3,5,0.003779549850150943,0.0015427989419549704,0.9825411438941956,0.9835901856422424
clip_vit_b_32_zero_shot,c2_s1_0009_6548_1428,car,bird,shape,True,4,9,0.0006501864409074187,0.0003416234103497118,0.8909598588943481,0.937567949295044
clip_vit_b_32_zero_shot,c2_s1_0010_1731_6498,car,bird,shape,True,8,8,0.00023104279534891248,0.0004700388526543975,0.9922823309898376,0.9846125841140747
clip_vit_b_32_zero_shot,c2_s1_0012_4605_7066,car,bird,shape,True,5,4,0.0003107826632913202,0.0003456637205090374,0.9967259168624878,0.9961459636688232
clip_vit_b_32_zero_shot,c2_s1_0013_1179_3588,car,bird,shape,True,3,5,0.003779549850150943,0.002464716788381338,0.9825411438941956,0.943109393119812
clip_vit_b_32_zero_shot,c2_s1_0014_2503_3530,car,bird,shape,True,4,6,0.0009150671539828181,0.0017728102393448353,0.9764515161514282,0.9645329713821411
clip_vit_b_32_zero_shot,c2_s1_0015_5577_5093,car,bird,shape,True,10,7,7.405610085697845e-05,0.00031274589127860963,0.9818591475486755,0.9650829434394836
clip_vit_b_32_zero_shot,c2_s1_0016_6981_3254,car,bird,shape,True,2,7,0.0036713769659399986,0.0006476434064097703,0.9878000020980835,0.9862579107284546
clip_vit_b_32_zero_shot,c2_s1_0018_3067_3834,car,bird,shape,True,8,5,0.0019425160717219114,0.0029857000336050987,0.8331198692321777,0.9617106914520264
clip_vit_b_32_zero_shot,c2_s1_0019_6738_1081,car,bird,shape,True,3,3,0.0022040249314159155,0.009710109792649746,0.9895508885383606,0.9596572518348694
clip_vit_b_32_zero_shot,c2_s1_0022_2611_7066,car,bird,shape,False,6,7,0.0017728563398122787,0.0007657610112801194,0.18175815045833588,0.5661311745643616
clip_vit_b_32_zero_shot,c2_s1_0023_5004_3161,car,bird,shape,True,5,5,0.0001988918666029349,0.0001951938756974414,0.9956451654434204,0.9829221963882446
clip_vit_b_32_zero_shot,c2_s1_0024_1179_6072,car,bird,shape,True,3,5,0.003779549850150943,0.0008858758956193924,0.9825411438941956,0.9830111265182495
clip_vit_b_32_zero_shot,c1_s3_0001_6938_6094,bird,cat,shape,True,5,8,3.743951674550772e-05,5.719760520150885e-05,0.99960857629776,0.9990683197975159
clip_vit_b_32_zero_shot,c1_s3_0002_4733_3375,bird,cat,shape,True,2,3,0.0004037481267005205,0.001997274113819003,0.9985598921775818,0.9906473755836487
clip_vit_b_32_zero_shot,c1_s3_0003_3388_3375,bird,cat,shape,True,7,4,4.265155075700022e-05,0.00024468902847729623,0.9987245202064514,0.9981655478477478
clip_vit_b_32_zero_shot,c1_s3_0004_5425_897,bird,cat,shape,True,5,8,0.0003980083856731653,0.01675739698112011,0.9840582013130188,0.7215045094490051
clip_vit_b_32_zero_shot,c1_s3_0005_3223_2785,bird,cat,shape,True,3,2,0.00010191620094701648,0.0002112805814249441,0.9994612336158752,0.9990111589431763
clip_vit_b_32_zero_shot,c1_s3_0006_1081_1563,bird,cat,other,True,2,4,0.009782003238797188,0.06786920130252838,0.986812174320221,0.32044604420661926
clip_vit_b_32_zero_shot,c1_s3_0007_6068_6459,bird,cat,shape,True,5,4,8.775493188295513e-05,0.00031353760277852416,0.9994345307350159,0.9970607161521912
clip_vit_b_32_zero_shot,c1_s3_0008_1491_6094,bird,cat,shape,True,9,9,0.0001838415628299117,0.000691619236022234,0.9952415227890015,0.9864503145217896
clip_vit_b_32_zero_shot,c1_s3_0009_1353_1531,bird,cat,shape,True,5,3,0.00026369234547019005,0.017592282965779305,0.9898654818534851,0.9220585227012634
clip_vit_b_32_zero_shot,c1_s3_0010_4709_1622,bird,cat,shape,True,4,4,4.317962520872243e-05,0.00033782850368879735,0.9997106194496155,0.997490406036377
clip_vit_b_32_zero_shot,c1_s3_0011_5830_6385,bird,cat,shape,True,6,8,0.0004171504406258464,0.0006099105230532587,0.9840917587280273,0.9741729497909546
clip_vit_b_32_zero_shot,c1_s3_0013_5394_5294,bird,cat,shape,True,2,2,0.0009218487539328635,0.008654747158288956,0.997967541217804,0.9838055372238159
clip_vit_b_32_zero_shot,c1_s3_0014_4361_6632,bird,cat,other,True,4,9,0.00014279705646913499,0.013643850572407246,0.9983855485916138,0.10872521251440048
clip_vit_b_32_zero_shot,c1_s3_0015_5122_1968,bird,cat,shape,True,4,5,0.00017119541007559747,0.00040660612285137177,0.9989455342292786,0.9973896145820618
clip_vit_b_32_zero_shot,c1_s3_0016_3161_1968,bird,cat,shape,True,2,4,0.0002543553418945521,0.031310342252254486,0.9990513920783997,0.7799196243286133
clip_vit_b_32_zero_shot,c1_s3_0019_7066_874,bird,cat,shape,True,8,6,7.393024861812592e-05,0.00012248150596860796,0.9984750151634216,0.9978591799736023
clip_vit_b_32_zero_shot,c1_s3_0020_3144_4184,bird,cat,shape,True,6,2,5.1927090680692345e-05,0.002498684450984001,0.996157705783844,0.990780770778656
clip_vit_b_32_zero_shot,c1_s3_0021_2988_3202,bird,cat,shape,True,3,3,0.0006139069446362555,0.0011943180579692125,0.9965544939041138,0.9967369437217712
clip_vit_b_32_zero_shot,c1_s3_0022_6022_6575,bird,cat,shape,True,3,3,0.00024417584063485265,0.0007912174332886934,0.9992157220840454,0.9966349005699158
clip_vit_b_32_zero_shot,c1_s3_0024_6498_6324,bird,cat,shape,True,5,5,0.0019715619273483753,0.011224471032619476,0.9679791331291199,0.8285528421401978
clip_vit_b_32_zero_shot,c3_s1_0000_1563_6938,cat,bird,other,False,4,4,0.0027646482922136784,0.0026514935307204723,0.17246778309345245,0.06508872658014297
clip_vit_b_32_zero_shot,c3_s1_0001_3202_6938,cat,bird,shape,True,3,4,0.003191461320966482,0.0013385121710598469,0.9767604470252991,0.9418036937713623
clip_vit_b_32_zero_shot,c3_s1_0002_5522_6498,cat,bird,shape,True,4,5,0.0028214603662490845,0.0011151720536872745,0.9698342084884644,0.9512224197387695
clip_vit_b_32_zero_shot,c3_s1_0004_589_1302,cat,bird,texture,True,2,1,0.04431183636188507,0.9384438395500183,0.8359020948410034,0.018368739634752274
clip_vit_b_32_zero_shot,c3_s1_0006_6385_2988,cat,bird,shape,True,5,4,0.0007637258386239409,0.0013598853256553411,0.9892942905426025,0.9875396490097046
clip_vit_b_32_zero_shot,c3_s1_0007_4858_6498,cat,bird,shape,True,5,5,0.0005045465659350157,0.0005249517853371799,0.9902817010879517,0.9882497787475586
clip_vit_b_32_zero_shot,c3_s1_0008_6324_1302,cat,bird,other,True,4,4,0.003751166630536318,0.021886369213461876,0.6919411420822144,0.3476821780204773
clip_vit_b_32_zero_shot,c3_s1_0009_6826_6498,cat,bird,other,True,5,7,0.017846304923295975,0.01679394580423832,0.8136630654335022,0.024593649432063103
clip_vit_b_32_zero_shot,c3_s1_0010_2785_6068,cat,bird,shape,True,8,7,0.0006786517333239317,0.0011445359559729695,0.7692388296127319,0.5626564621925354
clip_vit_b_32_zero_shot,c3_s1_0011_3375_225,cat,bird,other,True,6,6,0.0008752915891818702,0.00429599778726697,0.9298200011253357,0.1964191347360611
clip_vit_b_32_zero_shot,c3_s1_0012_4856_6880,cat,bird,other,False,6,5,0.0012574703432619572,0.00284069636836648,0.041907742619514465,0.02226947993040085
clip_vit_b_32_zero_shot,c3_s1_0013_5294_4733,cat,bird,shape,True,4,4,0.006773732136934996,0.005749858450144529,0.9671411514282227,0.9332150220870972
clip_vit_b_32_zero_shot,c3_s1_0014_6459_963,cat,bird,shape,True,2,4,0.04419703036546707,0.02822464145720005,0.8989599347114563,0.8081815838813782
clip_vit_b_32_zero_shot,c3_s1_0017_2434_5929,cat,bird,shape,True,5,4,0.000393465394154191,0.003994312137365341,0.9917747974395752,0.9771933555603027
clip_vit_b_32_zero_shot,c3_s1_0018_5976_7217,cat,bird,shape,True,4,3,0.0012531426036730409,0.007547358516603708,0.985055685043335,0.9569305181503296
clip_vit_b_32_zero_shot,c3_s1_0019_5551_5830,cat,bird,shape,True,4,4,0.002545263385400176,0.006300324574112892,0.9848693609237671,0.9722046852111816
clip_vit_b_32_zero_shot,c3_s1_0020_4858_3834,cat,bird,shape,True,5,6,0.0005045465659350157,0.00043803092557936907,0.9902817010879517,0.9906502962112427
clip_vit_b_32_zero_shot,c3_s1_0022_6459_3223,cat,bird,shape,True,2,4,0.04419703036546707,0.009271017275750637,0.8989599347114563,0.8705719709396362
clip_vit_b_32_zero_shot,c3_s1_0023_1187_1218,cat,bird,shape,True,4,4,0.0013456513406708837,0.07046981900930405,0.9897993803024292,0.5718753933906555
clip_vit_b_32_zero_shot,c3_s1_0024_2480_3223,cat,bird,shape,True,3,5,0.003032584907487035,0.00927193183451891,0.9878859519958496,0.9318373799324036
clip_vit_b_32_zero_shot,c2_s4_0001_6053_6441,car,deer,shape,True,8,8,0.00017746805679053068,0.0002436412760289386,0.82725590467453,0.9941152334213257
clip_vit_b_32_zero_shot,c2_s4_0002_6981_6122,car,deer,shape,True,9,8,0.00039901002310216427,0.00022113810700830072,0.9878000020980835,0.9815977811813354
clip_vit_b_32_zero_shot,c2_s4_0003_3944_3078,car,deer,shape,True,10,10,2.5216775611625053e-05,0.00020008729188703,0.5813035368919373,0.9110395312309265
clip_vit_b_32_zero_shot,c2_s4_0004_7327_1694,car,deer,shape,True,3,3,0.002688158070668578,0.02065824344754219,0.9702825546264648,0.614728569984436
clip_vit_b_32_zero_shot,c2_s4_0005_6347_490,car,deer,shape,True,4,5,0.0019200567621737719,0.00020410667639225721,0.9888956546783447,0.9930645823478699
clip_vit_b_32_zero_shot,c2_s4_0006_5577_1223,car,deer,shape,True,8,5,0.00012449559289962053,0.00021250179270282388,0.9818591475486755,0.9845321774482727
clip_vit_b_32_zero_shot,c2_s4_0008_7843_1223,car,deer,shape,True,6,10,0.0028107494581490755,0.0002781799412332475,0.9658576846122742,0.9394974112510681
clip_vit_b_32_zero_shot,c2_s4_0009_2252_4262,car,deer,shape,True,9,9,0.0004401142941787839,0.0005394264589995146,0.9772369861602783,0.8567391633987427
clip_vit_b_32_zero_shot,c2_s4_0010_7711_321,car,deer,shape,True,7,4,0.00218343548476696,0.0012535457499325275,0.9668183326721191,0.8678187131881714
clip_vit_b_32_zero_shot,c2_s4_0011_6053_4616,car,deer,shape,True,8,10,0.00017746805679053068,8.066582813626155e-05,0.82725590467453,0.9938830137252808
clip_vit_b_32_zero_shot,c2_s4_0012_5484_6122,car,deer,shape,True,9,9,0.0004629926406778395,7.962934614624828e-05,0.9836328625679016,0.9796838760375977
clip_vit_b_32_zero_shot,c2_s4_0013_7392_1223,car,deer,shape,True,3,4,0.0058266459964215755,0.0013230089098215103,0.9623379111289978,0.9409418106079102
clip_vit_b_32_zero_shot,c2_s4_0016_3067_650,car,deer,shape,True,10,7,0.0014612653758376837,0.00048773884191177785,0.8331198692321777,0.9498016238212585
clip_vit_b_32_zero_shot,c2_s4_0017_4316_3012,car,deer,shape,True,8,10,0.0007627008017152548,0.00013753760140389204,0.9786266088485718,0.9864848852157593
clip_vit_b_32_zero_shot,c2_s4_0018_6216_1669,car,deer,shape,True,4,9,0.0004934442695230246,0.00025386453489772975,0.9913636445999146,0.9720728993415833
clip_vit_b_32_zero_shot,c2_s4_0019_1059_2875,car,deer,shape,True,10,9,5.5487627832917497e-05,4.275379978935234e-05,0.9954046010971069,0.9972575306892395
clip_vit_b_32_zero_shot,c2_s4_0020_88_3444,car,deer,shape,True,4,5,0.0011554330121725798,0.04088452085852623,0.8932766318321228,0.4467317461967468
clip_vit_b_32_zero_shot,c2_s4_0021_6053_490,car,deer,shape,True,8,9,0.00017746805679053068,0.00025733656366355717,0.82725590467453,0.9842349886894226
clip_vit_b_32_zero_shot,c2_s4_0022_4440_7728,car,deer,shape,True,7,3,0.000726129743270576,0.0013007443631067872,0.9854352474212646,0.785740852355957
clip_vit_b_32_zero_shot,c2_s4_0024_3067_4616,car,deer,shape,True,10,9,0.0014612653758376837,0.0007337227580137551,0.8331198692321777,0.9582787156105042
clip_vit_b_32_zero_shot,c4_s2_0002_6587_2915,deer,car,shape,True,7,7,1.8742439351626672e-05,0.00038888826384209096,0.9981474876403809,0.5890224575996399
clip_vit_b_32_zero_shot,c4_s2_0003_321_6683,deer,car,shape,True,8,5,1.9025826986762695e-05,0.008380373939871788,0.9947530031204224,0.8556548953056335
clip_vit_b_32_zero_shot,c4_s2_0004_5765_5663,deer,car,shape,True,7,9,0.0007146432180888951,0.009090551175177097,0.9766333699226379,0.4342779815196991
clip_vit_b_32_zero_shot,c4_s2_0005_7910_6548,deer,car,shape,True,6,3,0.00041590334149077535,0.028192484751343727,0.9588419198989868,0.8363116979598999
clip_vit_b_32_zero_shot,c4_s2_0006_1550_1731,deer,car,shape,True,5,5,0.0001398729218635708,0.0002115186071023345,0.9953461289405823,0.9959050416946411
clip_vit_b_32_zero_shot,c4_s2_0007_1694_3641,deer,car,other,True,6,8,0.0003001579607371241,0.003901248099282384,0.9837329983711243,0.293063759803772
clip_vit_b_32_zero_shot,c4_s2_0008_4089_4605,deer,car,other,True,6,3,5.6571287132101133e-05,0.06755432486534119,0.998095691204071,0.266831636428833
clip_vit_b_32_zero_shot,c4_s2_0009_650_517,deer,car,other,True,9,3,0.00026973948115482926,0.1002344861626625,0.6617883443832397,0.03177779167890549
clip_vit_b_32_zero_shot,c4_s2_0010_4616_1731,deer,car,shape,True,8,5,3.784560976782814e-05,0.001712000579573214,0.9947758913040161,0.8675530552864075
clip_vit_b_32_zero_shot,c4_s2_0011_5708_1750,deer,car,shape,True,8,9,1.95797056221636e-05,0.0035256948322057724,0.9959872364997864,0.3515438139438629
clip_vit_b_32_zero_shot,c4_s2_0013_4006_1731,deer,car,shape,True,6,6,4.9421523726778105e-05,0.03384336084127426,0.9974383115768433,0.36869943141937256
clip_vit_b_32_zero_shot,c4_s2_0014_7910_6053,deer,car,shape,True,6,9,0.00041590334149077535,0.0003823211300186813,0.9588419198989868,0.9382094144821167
clip_vit_b_32_zero_shot,c4_s2_0015_1209_7711,deer,car,shape,True,5,7,0.00038651758222840726,0.0003218438650947064,0.9889948964118958,0.9962161183357239
clip_vit_b_32_zero_shot,c4_s2_0016_2021_1750,deer,car,shape,True,5,8,0.0006625968962907791,0.005130653735250235,0.9877633452415466,0.2383180856704712
clip_vit_b_32_zero_shot,c4_s2_0017_4155_7327,deer,car,shape,True,5,7,0.00010841951734619215,0.0001981205423362553,0.9951336979866028,0.9698872566223145
clip_vit_b_32_zero_shot,c4_s2_0018_1550_2611,deer,car,shape,True,5,7,0.0001398729218635708,0.0004071793518960476,0.9953461289405823,0.9576476216316223
clip_vit_b_32_zero_shot,c4_s2_0019_3928_332,deer,car,other,True,5,8,0.0002582260640338063,0.005928742699325085,0.9938124418258667,0.3888687491416931
clip_vit_b_32_zero_shot,c4_s2_0020_4155_5177,deer,car,shape,True,5,6,0.00010841951734619215,0.0007739674183540046,0.9951336979866028,0.9648413062095642
clip_vit_b_32_zero_shot,c4_s2_0021_7910_2915,deer,car,shape,True,6,8,0.00041590334149077535,0.002553761238232255,0.9588419198989868,0.7886713147163391
clip_vit_b_32_zero_shot,c4_s2_0023_4616_313,deer,car,shape,True,8,4,3.784560976782814e-05,0.006313532590866089,0.9947758913040161,0.9561193585395813
clip_vit_b_32_zero_shot,c7_s9_0000_6149_7921,monkey,truck,other,True,7,3,1.5448142221430317e-05,0.15522527694702148,0.9974533915519714,0.108607217669487
clip_vit_b_32_zero_shot,c7_s9_0001_7769_1163,monkey,truck,other,True,7,8,1.356098164251307e-05,0.004341605119407177,0.9956692457199097,0.07895219326019287
clip_vit_b_32_zero_shot,c7_s9_0002_680_7705,monkey,truck,shape,True,6,8,4.412596899783239e-05,0.007900705561041832,0.9982727766036987,0.4093492031097412
clip_vit_b_32_zero_shot,c7_s9_0004_2581_3200,monkey,truck,shape,True,7,6,1.0612237929308321e-05,0.0012893032981082797,0.999195396900177,0.9694281220436096
clip_vit_b_32_zero_shot,c7_s9_0005_2207_852,monkey,truck,shape,True,8,7,5.657398560288129e-06,0.0020965998992323875,0.9987722039222717,0.7805899977684021
clip_vit_b_32_zero_shot,c7_s9_0006_7695_1163,monkey,truck,shape,True,5,6,7.983740943018347e-06,2.769709135463927e-05,0.9996932744979858,0.9991262555122375
clip_vit_b_32_zero_shot,c7_s9_0007_2982_7671,monkey,truck,other,True,9,2,4.131193054490723e-05,0.16026796400547028,0.9914074540138245,0.08591052889823914
clip_vit_b_32_zero_shot,c7_s9_0008_7505_852,monkey,truck,other,True,8,10,0.00010895158629864454,0.0002488436293788254,0.6476195454597473,0.00675238948315382
clip_vit_b_32_zero_shot,c7_s9_0009_2581_7671,monkey,truck,shape,True,7,5,1.0612237929308321e-05,0.058354515582323074,0.999195396900177,0.42215996980667114
clip_vit_b_32_zero_shot,c7_s9_0011_1473_7767,monkey,truck,shape,True,6,6,1.085457370209042e-05,8.455635907012038e-06,0.9992825388908386,0.9961128234863281
clip_vit_b_32_zero_shot,c7_s9_0012_230_7767,monkey,truck,shape,True,8,7,3.2508660297025926e-06,9.621523349778727e-05,0.9964243769645691,0.9930731654167175
clip_vit_b_32_zero_shot,c7_s9_0014_1656_7701,monkey,truck,shape,True,7,3,0.00017011436284519732,0.008698741905391216,0.9965682029724121,0.9514955878257751
clip_vit_b_32_zero_shot,c7_s9_0015_1122_3103,monkey,truck,texture,True,7,1,1.0882427886826918e-05,0.27576231956481934,0.9995620846748352,0.05394189804792404
clip_vit_b_32_zero_shot,c7_s9_0016_1224_1522,monkey,truck,other,True,8,8,5.358464477467351e-06,0.018433229997754097,0.9954538345336914,0.3462289571762085
clip_vit_b_32_zero_shot,c7_s9_0017_2787_3249,monkey,truck,shape,True,6,3,1.5110777894733474e-05,0.0039226459339261055,0.9991926550865173,0.9740703105926514
clip_vit_b_32_zero_shot,c7_s9_0018_5535_243,monkey,truck,shape,True,6,6,3.253144313930534e-05,0.08797574043273926,0.9992087483406067,0.22186771035194397
clip_vit_b_32_zero_shot,c7_s9_0019_2581_243,monkey,truck,shape,True,7,6,1.0612237929308321e-05,0.0009971738327294588,0.999195396900177,0.9784162044525146
clip_vit_b_32_zero_shot,c7_s9_0020_6225_7049,monkey,truck,other,True,8,8,3.659737194539048e-05,0.01854366436600685,0.9944632649421692,0.3352692723274231
clip_vit_b_32_zero_shot,c7_s9_0021_6840_4049,monkey,truck,texture,True,7,1,5.522360879695043e-05,0.24651066958904266,0.9975226521492004,0.0629768893122673
clip_vit_b_32_zero_shot,c7_s9_0022_864_2674,monkey,truck,shape,True,6,5,6.0890833992743865e-06,0.030652161687612534,0.9999209642410278,0.6833561062812805
clip_vit_b_32_zero_shot,c9_s7_0001_852_680,truck,monkey,shape,True,9,10,4.130224260734394e-05,2.764162672974635e-05,0.9971689581871033,0.9962548017501831
clip_vit_b_32_zero_shot,c9_s7_0002_3428_2207,truck,monkey,shape,True,10,10,1.7635511539992876e-05,0.0001432144781574607,0.9924665093421936,0.9658656716346741
clip_vit_b_32_zero_shot,c9_s7_0003_7147_2982,truck,monkey,shape,True,10,10,3.2570576877333224e-05,4.229411206324585e-05,0.9941431879997253,0.986179530620575
clip_vit_b_32_zero_shot,c9_s7_0004_7330_5697,truck,monkey,shape,True,9,8,1.3135022527421825e-05,3.554835348040797e-05,0.9895042181015015,0.99391770362854
clip_vit_b_32_zero_shot,c9_s7_0005_5211_4773,truck,monkey,shape,True,10,8,0.0004632936033885926,0.0004345723136793822,0.856320858001709,0.9011459350585938
clip_vit_b_32_zero_shot,c9_s7_0006_4956_5535,truck,monkey,shape,True,6,10,0.0002219253801740706,0.004311731550842524,0.9956915974617004,0.5145886540412903
clip_vit_b_32_zero_shot,c9_s7_0007_6496_4951,truck,monkey,shape,True,8,9,0.00018488455680198967,4.820260073756799e-05,0.9498001337051392,0.984307050704956
clip_vit_b_32_zero_shot,c9_s7_0008_3249_6374,truck,monkey,other,True,9,7,0.00016338794375769794,0.04373348504304886,0.8807767033576965,0.16686250269412994
clip_vit_b_32_zero_shot,c9_s7_0009_4049_6322,truck,monkey,shape,True,7,8,0.00022909628751222044,0.0012220643693581223,0.9917188882827759,0.8591735363006592
clip_vit_b_32_zero_shot,c9_s7_0010_5621_2773,truck,monkey,shape,True,9,5,2.963930273836013e-05,0.0026357932947576046,0.9913150668144226,0.9345386028289795
clip_vit_b_32_zero_shot,c9_s7_0011_7654_6869,truck,monkey,shape,True,9,10,6.131154805188999e-05,0.0012290853774175048,0.9705787301063538,0.7089301347732544
clip_vit_b_32_zero_shot,c9_s7_0012_4049_3590,truck,monkey,shape,True,7,8,0.00022909628751222044,0.0002145350881619379,0.9917188882827759,0.9908576607704163
clip_vit_b_32_zero_shot,c9_s7_0013_7654_6840,truck,monkey,shape,True,9,9,6.131154805188999e-05,0.00011506520968396217,0.9705787301063538,0.9793139100074768
clip_vit_b_32_zero_shot,c9_s7_0014_5621_1985,truck,monkey,shape,True,9,6,2.963930273836013e-05,0.005295378156006336,0.9913150668144226,0.7153483629226685
clip_vit_b_32_zero_shot,c9_s7_0015_7049_6149,truck,monkey,shape,True,9,9,4.8167556087719277e-05,0.0002172336244257167,0.9868611693382263,0.9470290541648865
clip_vit_b_32_zero_shot,c9_s7_0017_6536_864,truck,monkey,shape,True,8,10,0.00015032051305752248,5.484119537868537e-05,0.9905495047569275,0.9797034859657288
clip_vit_b_32_zero_shot,c9_s7_0019_4721_7695,truck,monkey,shape,True,8,2,0.0003614304296206683,0.44737160205841064,0.9894896149635315,0.45797285437583923
clip_vit_b_32_zero_shot,c9_s7_0020_4721_4951,truck,monkey,texture,True,8,1,0.0003614304296206683,0.7599128484725952,0.9894896149635315,0.005913225468248129
clip_vit_b_32_zero_shot,c9_s7_0021_4049_6149,truck,monkey,shape,True,7,8,0.00022909628751222044,0.00013466298696585,0.9917188882827759,0.992155134677887
clip_vit_b_32_zero_shot,c9_s7_0023_243_2773,truck,monkey,shape,True,9,9,0.00029239224386401474,0.000561481632757932,0.9789824485778809,0.9207043051719666
