backbone,condition,sample_id,label,x,y
resnet50,baseline,2937,0,29.227052688598633,40.4050178527832
resnet50,baseline,2210,0,32.83597183227539,25.48346519470215
resnet50,baseline,4533,0,37.551944732666016,21.58209228515625
resnet50,baseline,5067,0,20.59145736694336,31.367700576782227
resnet50,baseline,3488,0,30.618810653686523,24.82048225402832
resnet50,baseline,808,0,30.887781143188477,27.006319046020508
resnet50,baseline,298,0,32.860416412353516,30.312089920043945
resnet50,baseline,6817,0,31.113428115844727,48.72271728515625
resnet50,baseline,597,0,39.56732940673828,21.073314666748047
resnet50,baseline,339,0,17.559803009033203,40.4681510925293
resnet50,baseline,241,0,27.22482681274414,36.739280700683594
resnet50,baseline,6420,0,30.232688903808594,39.48342514038086
resnet50,baseline,422,0,37.465843200683594,22.27353286743164
resnet50,baseline,7782,0,20.344337463378906,42.654273986816406
resnet50,baseline,7869,0,18.953933715820312,42.41908264160156
resnet50,baseline,5999,0,25.468894958496094,38.79092025756836
resnet50,baseline,7975,0,21.067962646484375,42.94150924682617
resnet50,baseline,7101,0,29.93642807006836,48.32818603515625
resnet50,baseline,6762,0,24.149051666259766,41.18864822387695
resnet50,baseline,3999,0,39.54774475097656,0.1338961273431778
resnet50,baseline,5255,0,24.78203582763672,36.97454833984375
resnet50,baseline,5276,0,28.17165756225586,35.69490432739258
resnet50,baseline,7165,0,29.23698616027832,47.688377380371094
resnet50,baseline,5624,0,29.368196487426758,47.244972229003906
resnet50,baseline,480,0,28.343128204345703,47.44773864746094
resnet50,baseline,4819,0,32.45117950439453,31.809444427490234
resnet50,baseline,7334,0,29.692535400390625,36.28657531738281
resnet50,baseline,6065,0,20.73758316040039,45.3155517578125
resnet50,baseline,5785,0,28.592464447021484,36.75017547607422
resnet50,baseline,359,0,30.856197357177734,26.111360549926758
resnet50,baseline,4045,0,38.707481384277344,22.32267189025879
resnet50,baseline,7128,0,26.252927780151367,44.39589309692383
resnet50,baseline,7260,0,37.74236297607422,23.040271759033203
resnet50,baseline,3151,0,22.48143196105957,43.891990661621094
resnet50,baseline,1463,0,20.29161834716797,44.301029205322266
resnet50,baseline,5068,0,37.797218322753906,19.8890380859375
resnet50,baseline,3759,0,21.46187400817871,47.972904205322266
resnet50,baseline,6500,0,20.302051544189453,46.004119873046875
resnet50,baseline,1548,0,31.473957061767578,33.68153762817383
resnet50,baseline,728,0,20.729272842407227,46.97970962524414
resnet50,baseline,5711,0,31.761445999145508,18.664531707763672
resnet50,baseline,1977,0,22.222707748413086,42.42277526855469
resnet50,baseline,3285,0,39.40467834472656,21.818315505981445
resnet50,baseline,6429,0,20.41571807861328,42.9525260925293
resnet50,baseline,60,0,21.628782272338867,47.728267669677734
resnet50,baseline,3397,0,28.769004821777344,47.10342788696289
resnet50,baseline,7430,0,30.63150405883789,33.76838302612305
resnet50,baseline,4982,0,36.8937873840332,19.637428283691406
resnet50,baseline,752,0,29.394956588745117,43.868167877197266
resnet50,baseline,4151,0,27.21662139892578,25.6676025390625
resnet50,baseline,5093,1,-5.967008590698242,27.699466705322266
resnet50,baseline,4709,1,-3.0470151901245117,34.300941467285156
resnet50,baseline,3530,1,-2.336045742034912,32.9133415222168
resnet50,baseline,6068,1,-7.8443284034729,28.64000129699707
resnet50,baseline,2673,1,-5.594411373138428,31.013427734375
resnet50,baseline,3161,1,-1.092346429824829,24.81344985961914
resnet50,baseline,3254,1,-0.05359552055597305,22.640676498413086
resnet50,baseline,7217,1,7.3527703285217285,25.474843978881836
resnet50,baseline,5546,1,10.793572425842285,16.776323318481445
resnet50,baseline,6498,1,-19.977706909179688,16.486377716064453
resnet50,baseline,5425,1,11.581345558166504,18.60129737854004
resnet50,baseline,3537,1,-1.7228834629058838,31.5958309173584
resnet50,baseline,463,1,-10.724405288696289,15.653003692626953
resnet50,baseline,4733,1,-14.014823913574219,20.825590133666992
resnet50,baseline,5240,1,-1.7667770385742188,26.967552185058594
resnet50,baseline,3223,1,-1.2894151210784912,33.53501510620117
resnet50,baseline,1740,1,-6.340447425842285,35.204376220703125
resnet50,baseline,6410,1,4.467505931854248,22.972606658935547
resnet50,baseline,3834,1,-4.453507423400879,30.30392074584961
resnet50,baseline,1302,1,-4.0147809982299805,35.55862045288086
resnet50,baseline,1218,1,1.5227338075637817,26.367712020874023
resnet50,baseline,1428,1,-2.1456940174102783,30.88038444519043
resnet50,baseline,564,1,-2.7906851768493652,30.47123908996582
resnet50,baseline,6072,1,-6.855916976928711,29.468490600585938
resnet50,baseline,2988,1,-4.024265289306641,31.255611419677734
resnet50,baseline,3556,1,-2.842449903488159,25.935054779052734
resnet50,baseline,1053,1,3.3385777473449707,25.094533920288086
resnet50,baseline,6880,1,-10.849437713623047,10.113428115844727
resnet50,baseline,5830,1,10.957406044006348,19.590105056762695
resnet50,baseline,5394,1,-1.441076397895813,29.88286781311035
resnet50,baseline,963,1,-9.064332008361816,18.7794189453125
resnet50,baseline,5122,1,-6.0568060874938965,30.081905364990234
resnet50,baseline,7052,1,-4.895943641662598,32.09358215332031
resnet50,baseline,1081,1,-21.473112106323242,6.43636417388916
resnet50,baseline,3588,1,-1.2080656290054321,20.775745391845703
resnet50,baseline,1491,1,12.40867805480957,19.580039978027344
resnet50,baseline,4188,1,5.0864410400390625,28.578706741333008
resnet50,baseline,1353,1,-6.332399845123291,10.828693389892578
resnet50,baseline,3388,1,-5.310708522796631,30.90618133544922
resnet50,baseline,7066,1,-3.7082390785217285,35.78667449951172
resnet50,baseline,275,1,12.182251930236816,20.21068572998047
resnet50,baseline,225,1,12.418708801269531,17.736873626708984
resnet50,baseline,61,1,-6.272794723510742,15.322237014770508
resnet50,baseline,5929,1,2.050732374191284,25.22762680053711
resnet50,baseline,3144,1,-5.6736979484558105,10.692475318908691
resnet50,baseline,6982,1,-4.84785270690918,33.425662994384766
resnet50,baseline,6938,1,-2.8594188690185547,32.611473083496094
resnet50,baseline,6014,1,-0.968028724193573,27.761180877685547
resnet50,baseline,4361,1,-10.21092414855957,26.064638137817383
resnet50,baseline,6022,1,1.8831149339675903,23.5989990234375
resnet50,baseline,2915,2,26.3861026763916,-38.42593765258789
resnet50,baseline,2338,2,23.489824295043945,-28.416990280151367
resnet50,baseline,7327,2,26.700122833251953,-37.66785430908203
resnet50,baseline,4201,2,18.97126007080078,-32.00446319580078
resnet50,baseline,1731,2,23.604028701782227,-33.86651611328125
resnet50,baseline,7826,2,16.354286193847656,-27.605112075805664
resnet50,baseline,4041,2,22.016517639160156,-31.543781280517578
resnet50,baseline,313,2,18.507282257080078,-33.219966888427734
resnet50,baseline,2392,2,28.251638412475586,-31.39738655090332
resnet50,baseline,1750,2,23.417322158813477,-25.866600036621094
resnet50,baseline,6053,2,23.293222427368164,-36.09043884277344
resnet50,baseline,5463,2,16.47640037536621,-23.64156150817871
resnet50,baseline,5484,2,30.58184051513672,-27.975549697875977
resnet50,baseline,6683,2,16.59029769897461,-32.82161331176758
resnet50,baseline,2611,2,20.430740356445312,-22.93494415283203
resnet50,baseline,1059,2,22.49656105041504,-28.788414001464844
resnet50,baseline,5177,2,26.400033950805664,-10.544495582580566
resnet50,baseline,6981,2,24.312816619873047,-29.937461853027344
resnet50,baseline,6347,2,16.106319427490234,-31.704853057861328
resnet50,baseline,6216,2,15.857718467712402,-29.898279190063477
resnet50,baseline,655,2,26.81178092956543,-36.00474548339844
resnet50,baseline,7392,2,24.110477447509766,-39.86658477783203
resnet50,baseline,6548,2,30.20426368713379,-36.1693000793457
resnet50,baseline,6271,2,30.986083984375,-31.372875213623047
resnet50,baseline,2252,2,30.072040557861328,-34.163516998291016
resnet50,baseline,3363,2,25.183507919311523,-39.043643951416016
resnet50,baseline,7843,2,28.153076171875,-32.272037506103516
resnet50,baseline,6795,2,31.12120246887207,-28.45974349975586
resnet50,baseline,4605,2,21.094709396362305,-30.853052139282227
resnet50,baseline,5011,2,24.259565353393555,-31.594675064086914
resnet50,baseline,2436,2,28.114715576171875,-38.550785064697266
resnet50,baseline,3944,2,31.855876922607422,-35.676849365234375
resnet50,baseline,517,2,20.788692474365234,-26.667842864990234
resnet50,baseline,2200,2,27.204565048217773,-31.02042579650879
resnet50,baseline,3067,2,28.512954711914062,-36.626564025878906
resnet50,baseline,5004,2,27.028427124023438,-33.93061065673828
resnet50,baseline,6738,2,19.63258171081543,-31.00754737854004
resnet50,baseline,905,2,19.449207305908203,-30.82668685913086
resnet50,baseline,4316,2,29.487197875976562,-32.977535247802734
resnet50,baseline,332,2,22.32020378112793,-37.009517669677734
resnet50,baseline,2503,2,15.811351776123047,-24.506059646606445
resnet50,baseline,2748,2,26.599184036254883,-36.999874114990234
resnet50,baseline,1179,2,16.283449172973633,-35.33326721191406
resnet50,baseline,3641,2,27.946870803833008,-34.08988571166992
resnet50,baseline,5663,2,15.325791358947754,-29.58742904663086
resnet50,baseline,4440,2,25.065929412841797,-31.452880859375
resnet50,baseline,2909,2,29.661306381225586,-28.87373924255371
resnet50,baseline,7711,2,16.792285919189453,-24.492097854614258
resnet50,baseline,88,2,33.513675689697266,-1.4418752193450928
resnet50,baseline,5577,2,20.334224700927734,-28.593324661254883
resnet50,baseline,6459,3,-18.033489227294922,1.6941386461257935
resnet50,baseline,4174,3,-32.10873031616211,-1.2467886209487915
resnet50,baseline,6324,3,-21.315031051635742,-8.26704216003418
resnet50,baseline,2785,3,-40.04912185668945,-4.455616474151611
resnet50,baseline,4473,3,-18.5828857421875,-1.4507191181182861
resnet50,baseline,2480,3,-26.070194244384766,-0.8258427381515503
resnet50,baseline,7360,3,-17.79586410522461,-2.9840517044067383
resnet50,baseline,5976,3,-31.2481632232666,7.016031265258789
resnet50,baseline,7416,3,-43.098243713378906,3.187098741531372
resnet50,baseline,1563,3,-17.138704299926758,13.050283432006836
resnet50,baseline,2206,3,-31.81032371520996,4.485845565795898
resnet50,baseline,5551,3,-32.1023063659668,7.11386251449585
resnet50,baseline,5635,3,-34.21239471435547,-4.827778339385986
resnet50,baseline,6632,3,-18.215604782104492,0.6111882925033569
resnet50,baseline,7891,3,-27.299394607543945,-9.641340255737305
resnet50,baseline,2434,3,-30.303665161132812,6.408815383911133
resnet50,baseline,6575,3,-26.888219833374023,-5.089738368988037
resnet50,baseline,589,3,-17.568904876708984,2.431614637374878
resnet50,baseline,897,3,-26.454774856567383,1.303482174873352
resnet50,baseline,874,3,-24.745697021484375,7.552600383758545
resnet50,baseline,1622,3,-19.345077514648438,-9.605086326599121
resnet50,baseline,249,3,-21.371179580688477,-14.313979148864746
resnet50,baseline,2360,3,-23.570253372192383,-9.907310485839844
resnet50,baseline,1343,3,-21.82617950439453,-0.6546924710273743
resnet50,baseline,4720,3,-33.3697509765625,3.339359998703003
resnet50,baseline,6385,3,-32.27832794189453,7.824375152587891
resnet50,baseline,1241,3,-21.62371063232422,-9.10949993133545
resnet50,baseline,495,3,-15.728200912475586,-11.199909210205078
resnet50,baseline,1531,3,-27.9990234375,-9.824795722961426
resnet50,baseline,2454,3,-30.131359100341797,1.0301933288574219
resnet50,baseline,6641,3,-15.685450553894043,2.9860849380493164
resnet50,baseline,3681,3,-23.408363342285156,0.9040790796279907
resnet50,baseline,185,3,-31.798873901367188,7.46775484085083
resnet50,baseline,7421,3,-35.72898483276367,0.9154385328292847
resnet50,baseline,6826,3,-17.502378463745117,2.195202350616455
resnet50,baseline,2222,3,-24.91464614868164,-5.756511688232422
resnet50,baseline,1968,3,-27.844425201416016,5.172595500946045
resnet50,baseline,3202,3,-34.96540069580078,5.3622002601623535
resnet50,baseline,5522,3,-27.881591796875,2.4683523178100586
resnet50,baseline,1946,3,-21.055158615112305,2.036262035369873
resnet50,baseline,6094,3,-27.11338996887207,-9.23643970489502
resnet50,baseline,6647,3,-16.049638748168945,3.0371665954589844
resnet50,baseline,1187,3,-29.52531623840332,-1.8741391897201538
resnet50,baseline,3375,3,-27.809574127197266,-8.343162536621094
resnet50,baseline,4184,3,-24.152273178100586,4.053184509277344
resnet50,baseline,4858,3,-30.648391723632812,3.292311429977417
resnet50,baseline,2225,3,-24.95987892150879,-14.971994400024414
resnet50,baseline,5294,3,-34.065147399902344,6.840790748596191
resnet50,baseline,7527,3,-40.54524230957031,3.4398655891418457
resnet50,baseline,4856,3,-26.246286392211914,-7.648435115814209
resnet50,baseline,321,4,-11.222832679748535,-23.028217315673828
resnet50,baseline,4155,4,-5.198246479034424,-22.568517684936523
resnet50,baseline,3928,4,-18.40152931213379,-34.1552848815918
resnet50,baseline,7910,4,-11.416949272155762,-29.225940704345703
resnet50,baseline,1669,4,-11.6532564163208,-27.68645668029785
resnet50,baseline,2021,4,-13.964092254638672,-23.747407913208008
resnet50,baseline,3861,4,-24.89259147644043,-12.059383392333984
resnet50,baseline,3339,4,-8.738855361938477,-19.445877075195312
resnet50,baseline,7728,4,-13.123736381530762,-27.615886688232422
resnet50,baseline,5181,4,-16.439023971557617,-18.97287940979004
resnet50,baseline,6913,4,-8.928787231445312,-23.346025466918945
resnet50,baseline,4089,4,-8.394434928894043,-23.11138916015625
resnet50,baseline,1550,4,-9.514568328857422,-26.231571197509766
resnet50,baseline,3890,4,-10.694570541381836,-20.594024658203125
resnet50,baseline,5467,4,-13.258125305175781,-30.21428108215332
resnet50,baseline,7661,4,-13.102231979370117,-28.97188949584961
resnet50,baseline,1694,4,-11.393787384033203,-25.953466415405273
resnet50,baseline,2064,4,-9.70828628540039,-29.331605911254883
resnet50,baseline,490,4,-8.996973991394043,-15.55070972442627
resnet50,baseline,6123,4,-9.597942352294922,-26.616886138916016
resnet50,baseline,5888,4,-8.026446342468262,-26.837581634521484
resnet50,baseline,6441,4,-7.566439628601074,-13.720824241638184
resnet50,baseline,7054,4,-12.37583065032959,-21.532787322998047
resnet50,baseline,2125,4,-10.027233123779297,-21.981414794921875
resnet50,baseline,1592,4,-12.479681015014648,-19.444683074951172
resnet50,baseline,7154,4,-9.190197944641113,-25.727325439453125
resnet50,baseline,1223,4,-12.018538475036621,-29.497604370117188
resnet50,baseline,4384,4,-6.5255279541015625,-12.26715087890625
resnet50,baseline,3069,4,-6.4322967529296875,-18.756420135498047
resnet50,baseline,4262,4,-13.093023300170898,-25.813344955444336
resnet50,baseline,2653,4,-15.26622200012207,-28.42694854736328
resnet50,baseline,1209,4,-9.12220287322998,-26.92782974243164
resnet50,baseline,5765,4,-4.846207141876221,-9.133650779724121
resnet50,baseline,3078,4,-6.694122791290283,-17.17390251159668
resnet50,baseline,2862,4,-15.717876434326172,-25.13142204284668
resnet50,baseline,5708,4,-9.793288230895996,-18.916358947753906
resnet50,baseline,4616,4,-14.448643684387207,-15.225232124328613
resnet50,baseline,3444,4,-12.61683464050293,-29.181964874267578
resnet50,baseline,650,4,-7.494781494140625,-5.417617321014404
resnet50,baseline,1050,4,-12.108386039733887,-30.54088592529297
resnet50,baseline,7387,4,-23.855045318603516,-48.46352005004883
resnet50,baseline,3012,4,-11.43065357208252,-15.287693977355957
resnet50,baseline,51,4,-15.905913352966309,-17.55403709411621
resnet50,baseline,6587,4,-9.389451026916504,-20.69740867614746
resnet50,baseline,6122,4,-14.75973129272461,-20.9278621673584
resnet50,baseline,1011,4,-8.443323135375977,-16.145341873168945
resnet50,baseline,7574,4,-10.47133731842041,-28.42372703552246
resnet50,baseline,4006,4,-12.251483917236328,-19.579347610473633
resnet50,baseline,2875,4,-8.999136924743652,-25.021068572998047
resnet50,baseline,3568,4,-3.4142212867736816,-13.341230392456055
resnet50,baseline,3825,5,-42.29469299316406,2.3152194023132324
resnet50,baseline,2451,5,-37.95183563232422,-7.584046840667725
resnet50,baseline,533,5,-52.65793228149414,-6.306057929992676
resnet50,baseline,6959,5,-42.90664291381836,-19.051183700561523
resnet50,baseline,6376,5,-41.401405334472656,-14.838025093078613
resnet50,baseline,3625,5,-61.55572509765625,0.7767597436904907
resnet50,baseline,5603,5,-44.85130310058594,-10.666632652282715
resnet50,baseline,1715,5,-51.873863220214844,-11.723771095275879
resnet50,baseline,7577,5,-44.8326301574707,-20.608631134033203
resnet50,baseline,4917,5,-42.470985412597656,-0.4232834577560425
resnet50,baseline,6930,5,-54.0045166015625,-14.051881790161133
resnet50,baseline,78,5,-55.51200485229492,-11.159914016723633
resnet50,baseline,123,5,-60.44371795654297,1.7809807062149048
resnet50,baseline,7179,5,-49.59415817260742,4.3266401290893555
resnet50,baseline,5234,5,-43.98875045776367,-19.27489471435547
resnet50,baseline,1057,5,-44.47099304199219,-6.133240699768066
resnet50,baseline,5288,5,-45.82089614868164,-11.222661972045898
resnet50,baseline,1677,5,-41.806758880615234,-12.524022102355957
resnet50,baseline,4526,5,-53.06705093383789,-17.495548248291016
resnet50,baseline,6019,5,-45.105709075927734,-11.413071632385254
resnet50,baseline,7672,5,-55.574737548828125,-0.8107183575630188
resnet50,baseline,840,5,-61.444679260253906,1.7280302047729492
resnet50,baseline,4870,5,-45.54181671142578,4.89759635925293
resnet50,baseline,162,5,-42.41859817504883,-21.72871208190918
resnet50,baseline,1361,5,-46.64823913574219,4.816477298736572
resnet50,baseline,5281,5,-45.79645919799805,5.751107692718506
resnet50,baseline,2332,5,-43.55464172363281,-18.786069869995117
resnet50,baseline,6822,5,-47.235877990722656,-4.666992664337158
resnet50,baseline,2453,5,-55.69549560546875,-9.941844940185547
resnet50,baseline,6970,5,-58.95462417602539,0.4295751452445984
resnet50,baseline,39,5,-47.8543815612793,-7.201958656311035
resnet50,baseline,7429,5,-53.157249450683594,-6.147062301635742
resnet50,baseline,3892,5,-53.83098220825195,-7.479686260223389
resnet50,baseline,5794,5,-41.29498291015625,-18.889331817626953
resnet50,baseline,7343,5,-43.943748474121094,-20.61038589477539
resnet50,baseline,5646,5,-45.95962905883789,3.8432366847991943
resnet50,baseline,3080,5,-39.69533157348633,-11.522101402282715
resnet50,baseline,6989,5,-55.64163589477539,-14.689742088317871
resnet50,baseline,4265,5,-45.10822677612305,5.9275898933410645
resnet50,baseline,5687,5,-53.859291076660156,-6.819563865661621
resnet50,baseline,567,5,-60.082359313964844,2.6254756450653076
resnet50,baseline,4862,5,-53.502098083496094,-11.733865737915039
resnet50,baseline,5767,5,-61.52687072753906,2.3227877616882324
resnet50,baseline,4597,5,-49.8748893737793,-9.927454948425293
resnet50,baseline,4966,5,-45.77368927001953,-4.037975788116455
resnet50,baseline,5417,5,-42.00970458984375,-19.490318298339844
resnet50,baseline,1823,5,-46.50196838378906,2.2196810245513916
resnet50,baseline,7771,5,-43.86497497558594,-12.797330856323242
resnet50,baseline,1889,5,-44.4984130859375,-9.433248519897461
resnet50,baseline,1010,5,-53.299015045166016,-15.344156265258789
resnet50,baseline,6614,6,-25.524765014648438,-39.770286560058594
resnet50,baseline,813,6,-24.28081703186035,-53.66986846923828
resnet50,baseline,2485,6,-18.345930099487305,-47.96132278442383
resnet50,baseline,4430,6,-30.861114501953125,-40.54568099975586
resnet50,baseline,6485,6,-29.322277069091797,-42.77952194213867
resnet50,baseline,1770,6,-24.067251205444336,-49.98637771606445
resnet50,baseline,2201,6,-26.04983139038086,-49.707763671875
resnet50,baseline,3193,6,-29.516983032226562,-38.415374755859375
resnet50,baseline,3628,6,-37.771881103515625,-26.560327529907227
resnet50,baseline,2647,6,-28.34819984436035,-31.523826599121094
resnet50,baseline,1890,6,-26.990224838256836,-44.4057502746582
resnet50,baseline,5986,6,-24.328834533691406,-50.834835052490234
resnet50,baseline,1330,6,-31.000619888305664,-39.869564056396484
resnet50,baseline,6746,6,-21.694713592529297,-48.850624084472656
resnet50,baseline,7622,6,-28.18336296081543,-52.556270599365234
resnet50,baseline,7962,6,-23.182279586791992,-53.864593505859375
resnet50,baseline,7745,6,-30.290700912475586,-37.133907318115234
resnet50,baseline,2566,6,-20.559701919555664,-47.9591064453125
resnet50,baseline,19,6,-19.53106117248535,-47.917118072509766
resnet50,baseline,6411,6,-26.920082092285156,-33.74115753173828
resnet50,baseline,2561,6,-25.918733596801758,-33.057064056396484
resnet50,baseline,3418,6,-30.82828140258789,-38.57154083251953
resnet50,baseline,5854,6,-28.636362075805664,-41.9876594543457
resnet50,baseline,3802,6,-27.375595092773438,-43.90819549560547
resnet50,baseline,4685,6,-23.76845359802246,-53.05521011352539
resnet50,baseline,4251,6,-24.953956604003906,-32.96261215209961
resnet50,baseline,4798,6,-26.942054748535156,-30.811037063598633
resnet50,baseline,2565,6,-28.882152557373047,-43.42282485961914
resnet50,baseline,4476,6,-36.72623825073242,-23.379379272460938
resnet50,baseline,2969,6,-16.230627059936523,-46.42475891113281
resnet50,baseline,3661,6,-25.22060775756836,-46.86964416503906
resnet50,baseline,629,6,-24.818103790283203,-42.121253967285156
resnet50,baseline,5722,6,-19.328580856323242,-49.12453842163086
resnet50,baseline,6790,6,-30.482728958129883,-41.38272476196289
resnet50,baseline,6920,6,-20.58030891418457,-48.86159133911133
resnet50,baseline,6154,6,-24.726131439208984,-52.063560485839844
resnet50,baseline,3137,6,-29.019201278686523,-45.21216583251953
resnet50,baseline,4411,6,-23.57567596435547,-46.4824333190918
resnet50,baseline,1912,6,-18.048320770263672,-41.08173370361328
resnet50,baseline,7108,6,-18.053810119628906,-45.94098663330078
resnet50,baseline,1077,6,-28.021503448486328,-44.13872528076172
resnet50,baseline,432,6,-27.295270919799805,-36.02252960205078
resnet50,baseline,1481,6,-25.116695404052734,-44.25975036621094
resnet50,baseline,7187,6,-23.37281036376953,-36.95921325683594
resnet50,baseline,4746,6,-28.41245460510254,-33.579097747802734
resnet50,baseline,5732,6,-25.74033546447754,-34.87897491455078
resnet50,baseline,1157,6,-22.681371688842773,-52.86572265625
resnet50,baseline,4968,6,-30.89507484436035,-36.17738723754883
resnet50,baseline,4869,6,-25.848398208618164,-41.25093078613281
resnet50,baseline,760,6,-32.454307556152344,-31.008235931396484
resnet50,baseline,864,7,-47.22524642944336,28.19682502746582
resnet50,baseline,2982,7,-45.48016357421875,28.33194351196289
resnet50,baseline,7778,7,-37.33781814575195,34.47529220581055
resnet50,baseline,6876,7,-39.82184600830078,29.71413803100586
resnet50,baseline,2756,7,-44.910377502441406,25.59457015991211
resnet50,baseline,6225,7,-30.146530151367188,32.49645233154297
resnet50,baseline,1514,7,-29.933807373046875,30.69736099243164
resnet50,baseline,4951,7,-38.49654006958008,29.841445922851562
resnet50,baseline,7608,7,-38.28306198120117,39.74717712402344
resnet50,baseline,7769,7,-39.86656188964844,39.656185150146484
resnet50,baseline,3590,7,-46.27104949951172,27.679677963256836
resnet50,baseline,2808,7,-42.696624755859375,37.032737731933594
resnet50,baseline,230,7,-31.363861083984375,32.160518646240234
resnet50,baseline,2787,7,-30.438880920410156,31.586200714111328
resnet50,baseline,4080,7,-39.96425247192383,39.70091247558594
resnet50,baseline,6301,7,-46.08708953857422,27.030792236328125
resnet50,baseline,6840,7,-22.58383560180664,16.519092559814453
resnet50,baseline,6882,7,-32.54465866088867,31.61959457397461
resnet50,baseline,1473,7,-39.26240539550781,27.89139175415039
resnet50,baseline,1237,7,-47.17069625854492,28.055633544921875
resnet50,baseline,6869,7,-18.322961807250977,10.986154556274414
resnet50,baseline,1656,7,-27.90152359008789,33.34164810180664
resnet50,baseline,493,7,-39.82938766479492,37.983585357666016
resnet50,baseline,6663,7,-48.22209167480469,28.3945369720459
resnet50,baseline,2100,7,-46.85181427001953,29.17203712463379
resnet50,baseline,6725,7,-26.795740127563477,35.540714263916016
resnet50,baseline,4773,7,-36.88300323486328,28.179243087768555
resnet50,baseline,2207,7,-44.17658996582031,31.272991180419922
resnet50,baseline,1122,7,-26.606565475463867,22.017799377441406
resnet50,baseline,7695,7,-46.43852615356445,27.968564987182617
resnet50,baseline,2063,7,-28.797910690307617,28.649290084838867
resnet50,baseline,5697,7,-38.9281005859375,26.69258689880371
resnet50,baseline,2581,7,-38.56177520751953,28.04184341430664
resnet50,baseline,5995,7,-31.265954971313477,31.24308204650879
resnet50,baseline,1985,7,-28.580474853515625,32.77740478515625
resnet50,baseline,2773,7,-48.12042999267578,28.86355209350586
resnet50,baseline,6322,7,-36.153167724609375,32.22980880737305
resnet50,baseline,3411,7,-45.30898666381836,26.28721809387207
resnet50,baseline,6149,7,-26.952810287475586,34.34981918334961
resnet50,baseline,7505,7,-38.373268127441406,38.09804153442383
resnet50,baseline,6374,7,-27.474891662597656,34.02517318725586
resnet50,baseline,57,7,-40.002967834472656,38.25525665283203
resnet50,baseline,4441,7,-45.6875,26.729475021362305
resnet50,baseline,3581,7,-37.545658111572266,34.403343200683594
resnet50,baseline,5586,7,-27.065004348754883,33.774749755859375
resnet50,baseline,3140,7,-26.972606658935547,34.954524993896484
resnet50,baseline,5535,7,-40.027931213378906,29.236379623413086
resnet50,baseline,1224,7,-37.9568977355957,34.066307067871094
resnet50,baseline,680,7,-28.472671508789062,30.708160400390625
resnet50,baseline,3230,7,-43.08563995361328,26.637544631958008
resnet50,baseline,6797,8,59.46489715576172,16.901187896728516
resnet50,baseline,7508,8,61.67443084716797,15.718934059143066
resnet50,baseline,6365,8,57.84577941894531,25.859878540039062
resnet50,baseline,4058,8,53.22747039794922,21.636842727661133
resnet50,baseline,6110,8,63.668277740478516,19.10666275024414
resnet50,baseline,2335,8,59.42845916748047,27.180706024169922
resnet50,baseline,4844,8,62.89735412597656,10.396505355834961
resnet50,baseline,3479,8,47.46682357788086,26.785720825195312
resnet50,baseline,4876,8,58.86492156982422,26.75533676147461
resnet50,baseline,3551,8,59.871116638183594,11.593267440795898
resnet50,baseline,4072,8,59.43948745727539,13.422483444213867
resnet50,baseline,5959,8,59.77585983276367,16.222871780395508
resnet50,baseline,4655,8,54.08641052246094,20.669559478759766
resnet50,baseline,6302,8,57.772254943847656,8.832359313964844
resnet50,baseline,4690,8,60.17446517944336,26.375389099121094
resnet50,baseline,4030,8,53.918121337890625,22.302366256713867
resnet50,baseline,7596,8,60.98835754394531,10.462621688842773
resnet50,baseline,7300,8,46.67176055908203,24.525371551513672
resnet50,baseline,2355,8,58.61228561401367,8.968975067138672
resnet50,baseline,2657,8,64.0708236694336,9.585556030273438
resnet50,baseline,1002,8,59.423805236816406,14.663446426391602
resnet50,baseline,7907,8,52.66547393798828,9.660848617553711
resnet50,baseline,460,8,58.479454040527344,19.433725357055664
resnet50,baseline,4632,8,64.34066772460938,19.444589614868164
resnet50,baseline,6832,8,62.84518814086914,17.838781356811523
resnet50,baseline,5398,8,59.330753326416016,18.057876586914062
resnet50,baseline,6643,8,46.511756896972656,24.684852600097656
resnet50,baseline,6274,8,60.82683563232422,26.852062225341797
resnet50,baseline,1166,8,47.53620147705078,27.615150451660156
resnet50,baseline,5040,8,60.31943130493164,9.293434143066406
resnet50,baseline,1658,8,60.07756805419922,12.372069358825684
resnet50,baseline,6001,8,61.89198303222656,9.539375305175781
resnet50,baseline,5320,8,55.04064178466797,24.031375885009766
resnet50,baseline,2038,8,59.36297607421875,10.077532768249512
resnet50,baseline,2099,8,54.628089904785156,11.867228507995605
resnet50,baseline,6870,8,60.926883697509766,14.701225280761719
resnet50,baseline,5479,8,62.10626983642578,23.816457748413086
resnet50,baseline,266,8,56.07626724243164,9.724366188049316
resnet50,baseline,6162,8,60.804908752441406,8.533217430114746
resnet50,baseline,3816,8,47.219852447509766,26.453125
resnet50,baseline,3900,8,61.36982727050781,13.320014953613281
resnet50,baseline,2059,8,53.89262390136719,20.774662017822266
resnet50,baseline,6131,8,57.5671501159668,20.301599502563477
resnet50,baseline,273,8,53.84725570678711,17.457775115966797
resnet50,baseline,1255,8,55.87037658691406,19.700111389160156
resnet50,baseline,6862,8,64.45653533935547,19.070018768310547
resnet50,baseline,7976,8,61.49699401855469,11.963336944580078
resnet50,baseline,1616,8,59.5920524597168,8.735520362854004
resnet50,baseline,602,8,57.30245590209961,17.61448097229004
resnet50,baseline,5134,8,61.989662170410156,19.67557716369629
resnet50,baseline,932,9,51.96284484863281,-11.882781982421875
resnet50,baseline,2674,9,51.58914566040039,-12.915288925170898
resnet50,baseline,5655,9,45.628150939941406,-15.261610984802246
resnet50,baseline,7705,9,50.5535774230957,-16.992279052734375
resnet50,baseline,952,9,56.45720672607422,-13.171765327453613
resnet50,baseline,1836,9,51.71507263183594,-15.22359561920166
resnet50,baseline,6202,9,40.659645080566406,-13.778871536254883
resnet50,baseline,7701,9,25.409912109375,-9.254764556884766
resnet50,baseline,7147,9,55.587196350097656,-10.60682487487793
resnet50,baseline,243,9,47.48926544189453,-11.870983123779297
resnet50,baseline,7330,9,44.43476104736328,-18.56400489807129
resnet50,baseline,2379,9,43.00432205200195,-12.775447845458984
resnet50,baseline,5210,9,40.89015579223633,-10.999577522277832
resnet50,baseline,3103,9,41.02389144897461,-5.740426540374756
resnet50,baseline,7049,9,58.69965744018555,-11.622715950012207
resnet50,baseline,7921,9,55.542423248291016,-12.403487205505371
resnet50,baseline,2667,9,49.0338020324707,-17.355546951293945
resnet50,baseline,1240,9,39.90287399291992,-16.36236572265625
resnet50,baseline,2166,9,54.131744384765625,-10.588733673095703
resnet50,baseline,4362,9,57.2155647277832,-10.798772811889648
resnet50,baseline,757,9,48.951114654541016,-10.074585914611816
resnet50,baseline,5211,9,41.19956970214844,-17.373435974121094
resnet50,baseline,4049,9,45.60164260864258,-17.404539108276367
resnet50,baseline,5301,9,37.902164459228516,-16.644691467285156
resnet50,baseline,352,9,50.0488395690918,-4.861419200897217
resnet50,baseline,3428,9,39.92981719970703,-8.193565368652344
resnet50,baseline,3690,9,38.62513732910156,14.81482219696045
resnet50,baseline,2682,9,34.72488021850586,-10.631940841674805
resnet50,baseline,7767,9,42.39564895629883,-8.975735664367676
resnet50,baseline,6747,9,21.049049377441406,-9.285258293151855
resnet50,baseline,4721,9,41.69462585449219,-8.888243675231934
resnet50,baseline,7654,9,49.37574005126953,-12.520295143127441
resnet50,baseline,3200,9,43.806095123291016,-16.249425888061523
resnet50,baseline,7671,9,43.96062469482422,-15.425375938415527
resnet50,baseline,6451,9,44.60836410522461,-6.175474643707275
resnet50,baseline,732,9,55.69062423706055,-9.406486511230469
resnet50,baseline,7845,9,39.08668518066406,-10.237093925476074
resnet50,baseline,6496,9,42.74198913574219,-17.036773681640625
resnet50,baseline,4956,9,48.55917739868164,-6.249425888061523
resnet50,baseline,6536,9,56.61993408203125,-11.789308547973633
resnet50,baseline,852,9,47.54222869873047,-13.725561141967773
resnet50,baseline,4320,9,40.357093811035156,-8.073124885559082
resnet50,baseline,5621,9,45.218406677246094,-13.10920238494873
resnet50,baseline,4095,9,48.10836410522461,-15.821624755859375
resnet50,baseline,1163,9,50.57016372680664,-16.68163299560547
resnet50,baseline,3249,9,32.611473083496094,-38.3812370300293
resnet50,baseline,2414,9,35.282005310058594,1.2607381343841553
resnet50,baseline,3993,9,36.565765380859375,-5.762441635131836
resnet50,baseline,3076,9,52.27187728881836,-9.639945030212402
resnet50,baseline,1522,9,48.950469970703125,-16.372638702392578
resnet50,grey_scale,2937,0,29.239065170288086,40.467018127441406
resnet50,grey_scale,2210,0,32.859798431396484,25.362852096557617
resnet50,grey_scale,4533,0,35.00779342651367,21.75197410583496
resnet50,grey_scale,5067,0,20.594348907470703,31.370685577392578
resnet50,grey_scale,3488,0,33.55101013183594,22.75229835510254
resnet50,grey_scale,808,0,32.00835418701172,26.40383529663086
resnet50,grey_scale,298,0,33.569637298583984,29.66883087158203
resnet50,grey_scale,6817,0,31.286344528198242,49.04938507080078
resnet50,grey_scale,597,0,34.50273895263672,22.294233322143555
resnet50,grey_scale,339,0,17.29819679260254,41.27935028076172
resnet50,grey_scale,241,0,27.323759078979492,37.2258415222168
resnet50,grey_scale,6420,0,30.449514389038086,39.730445861816406
resnet50,grey_scale,422,0,34.335235595703125,21.484891891479492
resnet50,grey_scale,7782,0,21.80046272277832,43.72060012817383
resnet50,grey_scale,7869,0,18.972227096557617,42.961116790771484
resnet50,grey_scale,5999,0,25.809484481811523,37.300106048583984
resnet50,grey_scale,7975,0,21.892738342285156,43.52076721191406
resnet50,grey_scale,7101,0,29.844057083129883,48.866065979003906
resnet50,grey_scale,6762,0,27.471681594848633,37.67312240600586
resnet50,grey_scale,3999,0,39.533206939697266,0.36397337913513184
resnet50,grey_scale,5255,0,24.740697860717773,36.76528549194336
resnet50,grey_scale,5276,0,27.17568588256836,38.294158935546875
resnet50,grey_scale,7165,0,28.972848892211914,48.14468765258789
resnet50,grey_scale,5624,0,28.556974411010742,48.18083953857422
resnet50,grey_scale,480,0,27.65655517578125,47.446022033691406
resnet50,grey_scale,4819,0,31.757362365722656,32.685325622558594
resnet50,grey_scale,7334,0,29.710304260253906,36.395877838134766
resnet50,grey_scale,6065,0,21.218233108520508,45.582923889160156
resnet50,grey_scale,5785,0,28.351192474365234,37.21852111816406
resnet50,grey_scale,359,0,31.4996280670166,25.62423324584961
resnet50,grey_scale,4045,0,34.65874481201172,21.642515182495117
resnet50,grey_scale,7128,0,26.492277145385742,44.03144836425781
resnet50,grey_scale,7260,0,34.42340850830078,21.06210708618164
resnet50,grey_scale,3151,0,22.610837936401367,44.26659393310547
resnet50,grey_scale,1463,0,21.576072692871094,44.767372131347656
resnet50,grey_scale,5068,0,34.73573684692383,20.542505264282227
resnet50,grey_scale,3759,0,22.119626998901367,48.0038948059082
resnet50,grey_scale,6500,0,21.805004119873047,46.024662017822266
resnet50,grey_scale,1548,0,31.49510383605957,33.5416374206543
resnet50,grey_scale,728,0,21.435670852661133,47.087852478027344
resnet50,grey_scale,5711,0,31.761829376220703,18.664384841918945
resnet50,grey_scale,1977,0,22.897722244262695,43.20762252807617
resnet50,grey_scale,3285,0,35.2062873840332,22.526348114013672
resnet50,grey_scale,6429,0,23.355077743530273,43.08780288696289
resnet50,grey_scale,60,0,22.080909729003906,47.58669662475586
resnet50,grey_scale,3397,0,28.36981201171875,48.188507080078125
resnet50,grey_scale,7430,0,30.499177932739258,33.70915985107422
resnet50,grey_scale,4982,0,33.59531784057617,21.7294921875
resnet50,grey_scale,752,0,29.394453048706055,43.73700714111328
resnet50,grey_scale,4151,0,27.06374168395996,25.74519920349121
resnet50,grey_scale,5093,1,-5.270544528961182,27.08277130126953
resnet50,grey_scale,4709,1,-2.709401845932007,33.4203987121582
resnet50,grey_scale,3530,1,-2.215238571166992,32.78068923950195
resnet50,grey_scale,6068,1,-6.087459087371826,19.370466232299805
resnet50,grey_scale,2673,1,-4.52952241897583,31.6799259185791
resnet50,grey_scale,3161,1,-1.3335515260696411,25.217432022094727
resnet50,grey_scale,3254,1,-0.24640244245529175,22.120975494384766
resnet50,grey_scale,7217,1,1.5519086122512817,29.268661499023438
resnet50,grey_scale,5546,1,9.07033920288086,16.234230041503906
resnet50,grey_scale,6498,1,-19.995649337768555,16.936006546020508
resnet50,grey_scale,5425,1,11.49649429321289,18.387601852416992
resnet50,grey_scale,3537,1,-1.384604573249817,31.7739315032959
resnet50,grey_scale,463,1,-10.88174819946289,15.896635055541992
resnet50,grey_scale,4733,1,-13.59708023071289,21.415037155151367
resnet50,grey_scale,5240,1,-1.6674389839172363,26.885353088378906
resnet50,grey_scale,3223,1,-1.1039420366287231,33.98357009887695
resnet50,grey_scale,1740,1,-6.347390174865723,35.29184341430664
resnet50,grey_scale,6410,1,1.3741660118103027,31.47601318359375
resnet50,grey_scale,3834,1,-1.560917854309082,32.051448822021484
resnet50,grey_scale,1302,1,-3.0371921062469482,35.04999542236328
resnet50,grey_scale,1218,1,1.0526477098464966,29.547134399414062
resnet50,grey_scale,1428,1,1.2717875242233276,32.422489166259766
resnet50,grey_scale,564,1,0.34534427523612976,33.93076705932617
resnet50,grey_scale,6072,1,-0.4333418011665344,30.93929100036621
resnet50,grey_scale,2988,1,0.5271762013435364,30.280847549438477
resnet50,grey_scale,3556,1,0.41917741298675537,7.668309211730957
resnet50,grey_scale,1053,1,3.3340868949890137,30.422191619873047
resnet50,grey_scale,6880,1,-10.802513122558594,10.070130348205566
resnet50,grey_scale,5830,1,10.648320198059082,19.504703521728516
resnet50,grey_scale,5394,1,-1.1718134880065918,29.46100425720215
resnet50,grey_scale,963,1,-9.593920707702637,18.448143005371094
resnet50,grey_scale,5122,1,-5.918131351470947,25.744171142578125
resnet50,grey_scale,7052,1,-4.611968994140625,32.42552185058594
resnet50,grey_scale,1081,1,-22.41348648071289,3.0251524448394775
resnet50,grey_scale,3588,1,-1.1019619703292847,20.866050720214844
resnet50,grey_scale,1491,1,11.716104507446289,19.583974838256836
resnet50,grey_scale,4188,1,3.746259927749634,30.081388473510742
resnet50,grey_scale,1353,1,-6.274987697601318,11.012832641601562
resnet50,grey_scale,3388,1,-0.4770622253417969,32.8448486328125
resnet50,grey_scale,7066,1,-10.325910568237305,26.759113311767578
resnet50,grey_scale,275,1,11.621158599853516,19.97599983215332
resnet50,grey_scale,225,1,12.425477027893066,17.908597946166992
resnet50,grey_scale,61,1,-7.700014591217041,15.152727127075195
resnet50,grey_scale,5929,1,2.2905290126800537,29.037979125976562
resnet50,grey_scale,3144,1,-5.140069007873535,12.016480445861816
resnet50,grey_scale,6982,1,-1.8000741004943848,34.482994079589844
resnet50,grey_scale,6938,1,-2.4564764499664307,34.0753288269043
resnet50,grey_scale,6014,1,-0.5126415491104126,28.387596130371094
resnet50,grey_scale,4361,1,-10.207069396972656,26.109458923339844
resnet50,grey_scale,6022,1,1.4309879541397095,31.66765594482422
resnet50,grey_scale,2915,2,24.480457305908203,-38.09239196777344
resnet50,grey_scale,2338,2,23.364011764526367,-28.679258346557617
resnet50,grey_scale,7327,2,24.28769302368164,-37.475624084472656
resnet50,grey_scale,4201,2,19.268394470214844,-32.90040588378906
resnet50,grey_scale,1731,2,23.551727294921875,-33.806583404541016
resnet50,grey_scale,7826,2,16.574907302856445,-27.68356704711914
resnet50,grey_scale,4041,2,22.44569206237793,-32.07145309448242
resnet50,grey_scale,313,2,18.821250915527344,-33.703548431396484
resnet50,grey_scale,2392,2,25.465715408325195,-33.08661651611328
resnet50,grey_scale,1750,2,23.370254516601562,-26.126623153686523
resnet50,grey_scale,6053,2,23.561017990112305,-36.404701232910156
resnet50,grey_scale,5463,2,17.512310028076172,-23.08152198791504
resnet50,grey_scale,5484,2,27.50299835205078,-28.252458572387695
resnet50,grey_scale,6683,2,18.668441772460938,-34.34496307373047
resnet50,grey_scale,2611,2,20.224536895751953,-23.376922607421875
resnet50,grey_scale,1059,2,22.200645446777344,-29.472116470336914
resnet50,grey_scale,5177,2,26.3240909576416,-10.021245956420898
resnet50,grey_scale,6981,2,23.520164489746094,-30.127544403076172
resnet50,grey_scale,6347,2,18.07109260559082,-33.71510314941406
resnet50,grey_scale,6216,2,19.390033721923828,-34.35650634765625
resnet50,grey_scale,655,2,21.207927703857422,-34.99341583251953
resnet50,grey_scale,7392,2,23.635778427124023,-39.544612884521484
resnet50,grey_scale,6548,2,24.666946411132812,-36.62285614013672
resnet50,grey_scale,6271,2,30.757600784301758,-32.166996002197266
resnet50,grey_scale,2252,2,29.34239387512207,-34.555912017822266
resnet50,grey_scale,3363,2,24.65420150756836,-38.75685119628906
resnet50,grey_scale,7843,2,30.588062286376953,-33.61343002319336
resnet50,grey_scale,6795,2,31.10761833190918,-28.655845642089844
resnet50,grey_scale,4605,2,19.970176696777344,-32.64364242553711
resnet50,grey_scale,5011,2,23.219240188598633,-32.39872741699219
resnet50,grey_scale,2436,2,28.254711151123047,-38.319480895996094
resnet50,grey_scale,3944,2,40.870826721191406,-18.758562088012695
resnet50,grey_scale,517,2,20.967315673828125,-27.004526138305664
resnet50,grey_scale,2200,2,26.582740783691406,-31.240665435791016
resnet50,grey_scale,3067,2,28.237783432006836,-36.265132904052734
resnet50,grey_scale,5004,2,25.162899017333984,-34.696617126464844
resnet50,grey_scale,6738,2,19.843833923339844,-31.913055419921875
resnet50,grey_scale,905,2,19.58926773071289,-31.853588104248047
resnet50,grey_scale,4316,2,29.226177215576172,-33.47793197631836
resnet50,grey_scale,332,2,22.442230224609375,-37.87973403930664
resnet50,grey_scale,2503,2,17.0515193939209,-35.35759735107422
resnet50,grey_scale,2748,2,21.357946395874023,-35.21955108642578
resnet50,grey_scale,1179,2,16.44944953918457,-35.26385498046875
resnet50,grey_scale,3641,2,27.962081909179688,-34.6227912902832
resnet50,grey_scale,5663,2,20.497371673583984,-34.32453155517578
resnet50,grey_scale,4440,2,23.846221923828125,-32.451908111572266
resnet50,grey_scale,2909,2,28.259244918823242,-28.103097915649414
resnet50,grey_scale,7711,2,17.60647201538086,-24.670711517333984
resnet50,grey_scale,88,2,43.73487854003906,1.5158005952835083
resnet50,grey_scale,5577,2,20.79153060913086,-28.83174705505371
resnet50,grey_scale,6459,3,-18.628726959228516,1.6648800373077393
resnet50,grey_scale,4174,3,-31.85856819152832,-1.9371917247772217
resnet50,grey_scale,6324,3,-21.624977111816406,-7.944351673126221
resnet50,grey_scale,2785,3,-40.10182189941406,-4.419989109039307
resnet50,grey_scale,4473,3,-13.063276290893555,-5.957237243652344
resnet50,grey_scale,2480,3,-26.004013061523438,-1.5040514469146729
resnet50,grey_scale,7360,3,-13.025503158569336,-6.087172508239746
resnet50,grey_scale,5976,3,-29.698610305786133,4.333086013793945
resnet50,grey_scale,7416,3,-43.30129623413086,2.1915268898010254
resnet50,grey_scale,1563,3,-31.116567611694336,-7.0856099128723145
resnet50,grey_scale,2206,3,-31.621826171875,4.565573215484619
resnet50,grey_scale,5551,3,-31.5467529296875,5.553490161895752
resnet50,grey_scale,5635,3,-34.238037109375,-4.820034503936768
resnet50,grey_scale,6632,3,-13.419264793395996,-5.616617202758789
resnet50,grey_scale,7891,3,-30.96354866027832,-8.788127899169922
resnet50,grey_scale,2434,3,-30.433006286621094,5.579436779022217
resnet50,grey_scale,6575,3,-28.528778076171875,-5.47616720199585
resnet50,grey_scale,589,3,-18.157060623168945,2.825141429901123
resnet50,grey_scale,897,3,-25.652259826660156,0.8610048294067383
resnet50,grey_scale,874,3,-26.64764976501465,6.044617652893066
resnet50,grey_scale,1622,3,-11.587457656860352,-11.83013916015625
resnet50,grey_scale,249,3,-30.58738136291504,-6.923497200012207
resnet50,grey_scale,2360,3,-23.668699264526367,-9.362870216369629
resnet50,grey_scale,1343,3,-22.49738121032715,2.218923568725586
resnet50,grey_scale,4720,3,-33.193904876708984,3.430036783218384
resnet50,grey_scale,6385,3,-31.748451232910156,5.075835704803467
resnet50,grey_scale,1241,3,-22.11117935180664,-8.413520812988281
resnet50,grey_scale,495,3,-15.573153495788574,-11.500006675720215
resnet50,grey_scale,1531,3,-29.424198150634766,-8.48378849029541
resnet50,grey_scale,2454,3,-29.911439895629883,0.5799638032913208
resnet50,grey_scale,6641,3,-17.352340698242188,3.740227460861206
resnet50,grey_scale,3681,3,-23.321128845214844,1.4080429077148438
resnet50,grey_scale,185,3,-30.719484329223633,4.855284690856934
resnet50,grey_scale,7421,3,-35.7462158203125,0.8042161464691162
resnet50,grey_scale,6826,3,-19.017457962036133,2.6049160957336426
resnet50,grey_scale,2222,3,-28.681121826171875,-5.590115070343018
resnet50,grey_scale,1968,3,-27.077560424804688,5.970052242279053
resnet50,grey_scale,3202,3,-27.342634201049805,7.028858184814453
resnet50,grey_scale,5522,3,-27.75926971435547,2.3814895153045654
resnet50,grey_scale,1946,3,-21.66913604736328,2.2580554485321045
resnet50,grey_scale,6094,3,-30.54664421081543,-8.026752471923828
resnet50,grey_scale,6647,3,-17.400150299072266,3.9005250930786133
resnet50,grey_scale,1187,3,-31.631698608398438,-7.754530906677246
resnet50,grey_scale,3375,3,-28.61041831970215,-8.544534683227539
resnet50,grey_scale,4184,3,-24.100162506103516,3.996152639389038
resnet50,grey_scale,4858,3,-30.82622528076172,3.2526869773864746
resnet50,grey_scale,2225,3,-13.871808052062988,-5.5074381828308105
resnet50,grey_scale,5294,3,-33.86606979370117,5.821136474609375
resnet50,grey_scale,7527,3,-40.4198112487793,3.2692677974700928
resnet50,grey_scale,4856,3,-30.255847930908203,-7.775362014770508
resnet50,grey_scale,321,4,-10.042990684509277,-10.383062362670898
resnet50,grey_scale,4155,4,-4.7714667320251465,-22.006139755249023
resnet50,grey_scale,3928,4,-1.363969087600708,-23.91015625
resnet50,grey_scale,7910,4,-3.596116065979004,-22.468585968017578
resnet50,grey_scale,1669,4,-4.59110689163208,-24.810335159301758
resnet50,grey_scale,2021,4,-1.8607573509216309,-18.4028377532959
resnet50,grey_scale,3861,4,-13.654755592346191,-5.584249973297119
resnet50,grey_scale,3339,4,-5.6219563484191895,-16.754411697387695
resnet50,grey_scale,7728,4,-5.019617080688477,-18.14938735961914
resnet50,grey_scale,5181,4,-4.577167987823486,-16.521438598632812
resnet50,grey_scale,6913,4,-3.4625706672668457,-18.95803451538086
resnet50,grey_scale,4089,4,-11.226943016052246,-12.588985443115234
resnet50,grey_scale,1550,4,-2.9256060123443604,-18.882169723510742
resnet50,grey_scale,3890,4,-5.127729415893555,-16.700761795043945
resnet50,grey_scale,5467,4,-2.0494303703308105,-23.405445098876953
resnet50,grey_scale,7661,4,-2.360304832458496,-23.0748233795166
resnet50,grey_scale,1694,4,-3.7632102966308594,-18.48928451538086
resnet50,grey_scale,2064,4,-1.0922834873199463,-20.105619430541992
resnet50,grey_scale,490,4,-8.48000431060791,-15.048783302307129
resnet50,grey_scale,6123,4,-1.9893081188201904,-19.794614791870117
resnet50,grey_scale,5888,4,-0.9607458114624023,-19.689605712890625
resnet50,grey_scale,6441,4,-7.358831882476807,-13.823132514953613
resnet50,grey_scale,7054,4,-9.396167755126953,-11.812596321105957
resnet50,grey_scale,2125,4,-38.742027282714844,-14.396247863769531
resnet50,grey_scale,1592,4,-5.140510559082031,-20.208942413330078
resnet50,grey_scale,7154,4,-3.235921621322632,-19.770095825195312
resnet50,grey_scale,1223,4,-2.699678659439087,-21.712459564208984
resnet50,grey_scale,4384,4,-6.753904342651367,-12.587690353393555
resnet50,grey_scale,3069,4,-4.848295211791992,-17.636760711669922
resnet50,grey_scale,4262,4,-3.6163084506988525,-16.391860961914062
resnet50,grey_scale,2653,4,-4.05703067779541,-23.331787109375
resnet50,grey_scale,1209,4,-1.4049714803695679,-20.03568458557129
resnet50,grey_scale,5765,4,-4.707502841949463,-9.38986873626709
resnet50,grey_scale,3078,4,-6.6179704666137695,-17.074556350708008
resnet50,grey_scale,2862,4,-9.638981819152832,-10.679057121276855
resnet50,grey_scale,5708,4,-5.396872043609619,-16.12993049621582
resnet50,grey_scale,4616,4,-13.979496955871582,-14.49620532989502
resnet50,grey_scale,3444,4,-2.904103994369507,-21.698951721191406
resnet50,grey_scale,650,4,-8.309432983398438,-4.941235542297363
resnet50,grey_scale,1050,4,-2.5126359462738037,-22.808349609375
resnet50,grey_scale,7387,4,-24.729021072387695,-48.559051513671875
resnet50,grey_scale,3012,4,-11.68938159942627,-8.450727462768555
resnet50,grey_scale,51,4,-9.344256401062012,-12.408305168151855
resnet50,grey_scale,6587,4,-6.232272148132324,-17.62731170654297
resnet50,grey_scale,6122,4,-6.968793869018555,-16.251625061035156
resnet50,grey_scale,1011,4,-7.35943078994751,-15.582986831665039
resnet50,grey_scale,7574,4,-2.75156831741333,-21.18875503540039
resnet50,grey_scale,4006,4,-12.031279563903809,-11.240693092346191
resnet50,grey_scale,2875,4,-4.131404876708984,-18.87849235534668
resnet50,grey_scale,3568,4,-3.5162601470947266,-13.68968677520752
resnet50,grey_scale,3825,5,-43.62649154663086,-1.1403471231460571
resnet50,grey_scale,2451,5,-37.95195007324219,-7.584060192108154
resnet50,grey_scale,533,5,-52.03715896606445,-7.078217506408691
resnet50,grey_scale,6959,5,-43.05076217651367,-16.86096954345703
resnet50,grey_scale,6376,5,-41.47483825683594,-14.953495979309082
resnet50,grey_scale,3625,5,-60.384464263916016,0.557737410068512
resnet50,grey_scale,5603,5,-45.438438415527344,-13.026093482971191
resnet50,grey_scale,1715,5,-53.20635223388672,-12.27864933013916
resnet50,grey_scale,7577,5,-44.68319320678711,-18.12593650817871
resnet50,grey_scale,4917,5,-43.514549255371094,-1.5281790494918823
resnet50,grey_scale,6930,5,-54.35091018676758,-13.115107536315918
resnet50,grey_scale,78,5,-55.168670654296875,-12.034651756286621
resnet50,grey_scale,123,5,-59.89346694946289,1.3271292448043823
resnet50,grey_scale,7179,5,-50.054405212402344,3.7717020511627197
resnet50,grey_scale,5234,5,-43.6726188659668,-17.139968872070312
resnet50,grey_scale,1057,5,-37.16585922241211,-7.509433269500732
resnet50,grey_scale,5288,5,-46.148990631103516,-11.720967292785645
resnet50,grey_scale,1677,5,-41.27855682373047,-13.510470390319824
resnet50,grey_scale,4526,5,-53.469871520996094,-16.699295043945312
resnet50,grey_scale,6019,5,-44.02093505859375,-15.774158477783203
resnet50,grey_scale,7672,5,-56.02752685546875,-1.0636576414108276
resnet50,grey_scale,840,5,-60.79443359375,1.4307258129119873
resnet50,grey_scale,4870,5,-43.558162689208984,1.9635564088821411
resnet50,grey_scale,162,5,-42.54710388183594,-21.070730209350586
resnet50,grey_scale,1361,5,-44.55183410644531,2.240054130554199
resnet50,grey_scale,5281,5,-44.963157653808594,5.810461521148682
resnet50,grey_scale,2332,5,-43.19350814819336,-17.324148178100586
resnet50,grey_scale,6822,5,-47.54701614379883,-4.791121482849121
resnet50,grey_scale,2453,5,-54.46041488647461,-9.957921028137207
resnet50,grey_scale,6970,5,-58.05078887939453,-0.2001710683107376
resnet50,grey_scale,39,5,-47.85676574707031,-7.2587504386901855
resnet50,grey_scale,7429,5,-53.15741729736328,-8.972447395324707
resnet50,grey_scale,3892,5,-53.47843933105469,-9.350546836853027
resnet50,grey_scale,5794,5,-42.018516540527344,-17.842479705810547
resnet50,grey_scale,7343,5,-43.23381423950195,-17.872394561767578
resnet50,grey_scale,5646,5,-46.97168731689453,2.665475368499756
resnet50,grey_scale,3080,5,-39.75969314575195,-11.488343238830566
resnet50,grey_scale,6989,5,-55.57730484008789,-14.69833755493164
resnet50,grey_scale,4265,5,-44.796146392822266,6.016591548919678
resnet50,grey_scale,5687,5,-52.03502655029297,-8.851954460144043
resnet50,grey_scale,567,5,-59.68762969970703,1.7991828918457031
resnet50,grey_scale,4862,5,-53.52167892456055,-11.279765129089355
resnet50,grey_scale,5767,5,-60.612892150878906,1.2093206644058228
resnet50,grey_scale,4597,5,-51.105743408203125,-9.253913879394531
resnet50,grey_scale,4966,5,-45.22299575805664,-5.019996643066406
resnet50,grey_scale,5417,5,-41.92972946166992,-17.368642807006836
resnet50,grey_scale,1823,5,-47.61509704589844,1.7853589057922363
resnet50,grey_scale,7771,5,-44.402442932128906,-13.611358642578125
resnet50,grey_scale,1889,5,-45.27693557739258,-9.231090545654297
resnet50,grey_scale,1010,5,-53.37168884277344,-15.440227508544922
resnet50,grey_scale,6614,6,-32.64894104003906,-49.043052673339844
resnet50,grey_scale,813,6,-26.871854782104492,-53.112037658691406
resnet50,grey_scale,2485,6,-29.43076515197754,-48.78915786743164
resnet50,grey_scale,4430,6,-32.486236572265625,-46.01668167114258
resnet50,grey_scale,6485,6,-32.64931106567383,-47.503326416015625
resnet50,grey_scale,1770,6,-26.982093811035156,-51.53960418701172
resnet50,grey_scale,2201,6,-26.720722198486328,-50.10366439819336
resnet50,grey_scale,3193,6,-32.193321228027344,-36.43968963623047
resnet50,grey_scale,3628,6,-33.7344970703125,-49.41179656982422
resnet50,grey_scale,2647,6,-30.944917678833008,-33.55940628051758
resnet50,grey_scale,1890,6,-31.44002914428711,-47.413414001464844
resnet50,grey_scale,5986,6,-26.510581970214844,-52.53437423706055
resnet50,grey_scale,1330,6,-32.61063003540039,-45.873321533203125
resnet50,grey_scale,6746,6,-32.27560806274414,-50.18264389038086
resnet50,grey_scale,7622,6,-28.183345794677734,-52.556278228759766
resnet50,grey_scale,7962,6,-24.760677337646484,-54.222755432128906
resnet50,grey_scale,7745,6,-31.579484939575195,-34.67433166503906
resnet50,grey_scale,2566,6,-28.620216369628906,-51.72373580932617
resnet50,grey_scale,19,6,-25.952497482299805,-53.45478820800781
resnet50,grey_scale,6411,6,-31.49272346496582,-32.19893264770508
resnet50,grey_scale,2561,6,-30.40641212463379,-34.26863098144531
resnet50,grey_scale,3418,6,-31.621788024902344,-37.20266342163086
resnet50,grey_scale,5854,6,-28.6849365234375,-50.65109634399414
resnet50,grey_scale,3802,6,-32.023380279541016,-46.04803466796875
resnet50,grey_scale,4685,6,-25.41836166381836,-54.02571487426758
resnet50,grey_scale,4251,6,-31.199487686157227,-32.34915542602539
resnet50,grey_scale,4798,6,-29.781414031982422,-31.827863693237305
resnet50,grey_scale,2565,6,-31.112972259521484,-45.445396423339844
resnet50,grey_scale,4476,6,-36.76594924926758,-23.50473976135254
resnet50,grey_scale,2969,6,-29.310033798217773,-49.28432083129883
resnet50,grey_scale,3661,6,-30.691875457763672,-50.948036193847656
resnet50,grey_scale,629,6,-33.17795181274414,-45.25232696533203
resnet50,grey_scale,5722,6,-27.823875427246094,-51.99181365966797
resnet50,grey_scale,6790,6,-32.398887634277344,-46.230655670166016
resnet50,grey_scale,6920,6,-26.2979679107666,-51.80123519897461
resnet50,grey_scale,6154,6,-26.048677444458008,-53.09064483642578
resnet50,grey_scale,3137,6,-32.86892318725586,-47.82115936279297
resnet50,grey_scale,4411,6,-31.402095794677734,-50.65065002441406
resnet50,grey_scale,1912,6,-33.66102981567383,-48.22411346435547
resnet50,grey_scale,7108,6,-29.28365707397461,-48.87214279174805
resnet50,grey_scale,1077,6,-31.544763565063477,-47.57274627685547
resnet50,grey_scale,432,6,-32.420169830322266,-36.535011291503906
resnet50,grey_scale,1481,6,-31.73358154296875,-49.87966537475586
resnet50,grey_scale,7187,6,-33.94662857055664,-44.415252685546875
resnet50,grey_scale,4746,6,-30.256526947021484,-32.597938537597656
resnet50,grey_scale,5732,6,-31.27163314819336,-36.27139663696289
resnet50,grey_scale,1157,6,-27.991912841796875,-50.258033752441406
resnet50,grey_scale,4968,6,-31.192405700683594,-35.71186065673828
resnet50,grey_scale,4869,6,-32.81854248046875,-48.651546478271484
resnet50,grey_scale,760,6,-32.2492561340332,-31.754106521606445
resnet50,grey_scale,864,7,-44.92467498779297,30.386432647705078
resnet50,grey_scale,2982,7,-45.067264556884766,29.478073120117188
resnet50,grey_scale,7778,7,-40.20669937133789,33.90161895751953
resnet50,grey_scale,6876,7,-40.11246871948242,30.478099822998047
resnet50,grey_scale,2756,7,-43.147220611572266,29.47895050048828
resnet50,grey_scale,6225,7,-31.32749366760254,29.550771713256836
resnet50,grey_scale,1514,7,-30.587364196777344,29.114219665527344
resnet50,grey_scale,4951,7,-38.66063690185547,30.179161071777344
resnet50,grey_scale,7608,7,-42.36354446411133,33.1812629699707
resnet50,grey_scale,7769,7,-40.56740951538086,38.95344924926758
resnet50,grey_scale,3590,7,-42.7175178527832,31.689863204956055
resnet50,grey_scale,2808,7,-42.79219055175781,36.715938568115234
resnet50,grey_scale,230,7,-32.35982894897461,28.213151931762695
resnet50,grey_scale,2787,7,-30.88670539855957,29.443572998046875
resnet50,grey_scale,4080,7,-40.664554595947266,39.04636764526367
resnet50,grey_scale,6301,7,-41.898704528808594,31.255441665649414
resnet50,grey_scale,6840,7,-22.539566040039062,16.022218704223633
resnet50,grey_scale,6882,7,-38.9602165222168,30.942110061645508
resnet50,grey_scale,1473,7,-39.362693786621094,28.7664852142334
resnet50,grey_scale,1237,7,-45.735591888427734,30.1439151763916
resnet50,grey_scale,6869,7,-18.473094940185547,10.789833068847656
resnet50,grey_scale,1656,7,-31.1456241607666,28.094003677368164
resnet50,grey_scale,493,7,-40.2269401550293,36.25968551635742
resnet50,grey_scale,6663,7,-46.91084289550781,30.783401489257812
resnet50,grey_scale,2100,7,-45.126285552978516,31.788820266723633
resnet50,grey_scale,6725,7,-35.15912628173828,28.26099395751953
resnet50,grey_scale,4773,7,-36.57150650024414,28.012601852416992
resnet50,grey_scale,2207,7,-43.350807189941406,32.02310562133789
resnet50,grey_scale,1122,7,-26.257064819335938,22.684940338134766
resnet50,grey_scale,7695,7,-44.074459075927734,30.60816192626953
resnet50,grey_scale,2063,7,-26.445987701416016,24.011489868164062
resnet50,grey_scale,5697,7,-38.913028717041016,26.672470092773438
resnet50,grey_scale,2581,7,-38.61068344116211,28.81814956665039
resnet50,grey_scale,5995,7,-30.376924514770508,26.5998592376709
resnet50,grey_scale,1985,7,-31.029802322387695,28.030498504638672
resnet50,grey_scale,2773,7,-45.910579681396484,30.762027740478516
resnet50,grey_scale,6322,7,-39.13977813720703,31.794971466064453
resnet50,grey_scale,3411,7,-44.320350646972656,29.645851135253906
resnet50,grey_scale,6149,7,-25.994600296020508,34.037593841552734
resnet50,grey_scale,7505,7,-38.500980377197266,36.526493072509766
resnet50,grey_scale,6374,7,-25.821557998657227,34.042205810546875
resnet50,grey_scale,57,7,-40.73073959350586,35.35091781616211
resnet50,grey_scale,4441,7,-42.5614013671875,29.929798126220703
resnet50,grey_scale,3581,7,-40.45909118652344,35.09612274169922
resnet50,grey_scale,5586,7,-25.746610641479492,33.413265228271484
resnet50,grey_scale,3140,7,-26.673343658447266,35.00114822387695
resnet50,grey_scale,5535,7,-40.1379508972168,30.760055541992188
resnet50,grey_scale,1224,7,-39.01318359375,33.88297653198242
resnet50,grey_scale,680,7,-26.537260055541992,29.185895919799805
resnet50,grey_scale,3230,7,-42.774410247802734,27.11453628540039
resnet50,grey_scale,6797,8,66.87382507324219,13.998885154724121
resnet50,grey_scale,7508,8,64.53726959228516,13.60566234588623
resnet50,grey_scale,6365,8,58.29263687133789,25.43321990966797
resnet50,grey_scale,4058,8,53.389549255371094,22.487890243530273
resnet50,grey_scale,6110,8,64.76174926757812,18.50531005859375
resnet50,grey_scale,2335,8,59.507816314697266,25.855371475219727
resnet50,grey_scale,4844,8,64.66027069091797,12.612792015075684
resnet50,grey_scale,3479,8,48.5823860168457,26.963417053222656
resnet50,grey_scale,4876,8,59.15641403198242,25.470474243164062
resnet50,grey_scale,3551,8,62.469818115234375,12.354439735412598
resnet50,grey_scale,4072,8,64.59115600585938,11.760652542114258
resnet50,grey_scale,5959,8,66.94725036621094,14.158348083496094
resnet50,grey_scale,4655,8,54.61258316040039,22.67733383178711
resnet50,grey_scale,6302,8,57.597991943359375,8.420206069946289
resnet50,grey_scale,4690,8,60.94889831542969,25.6358642578125
resnet50,grey_scale,4030,8,54.033935546875,22.429691314697266
resnet50,grey_scale,7596,8,63.90687942504883,12.331633567810059
resnet50,grey_scale,7300,8,48.143062591552734,25.13308334350586
resnet50,grey_scale,2355,8,58.252315521240234,8.787075996398926
resnet50,grey_scale,2657,8,64.45256042480469,10.007351875305176
resnet50,grey_scale,1002,8,66.6591796875,13.516864776611328
resnet50,grey_scale,7907,8,57.504356384277344,12.756237983703613
resnet50,grey_scale,460,8,67.73800659179688,14.970504760742188
resnet50,grey_scale,4632,8,65.02339935302734,18.257492065429688
resnet50,grey_scale,6832,8,64.8210220336914,16.703676223754883
resnet50,grey_scale,5398,8,66.77265930175781,14.439536094665527
resnet50,grey_scale,6643,8,47.944976806640625,25.154512405395508
resnet50,grey_scale,6274,8,61.69534683227539,25.69935417175293
resnet50,grey_scale,1166,8,49.39956283569336,27.104066848754883
resnet50,grey_scale,5040,8,64.15904998779297,12.496813774108887
resnet50,grey_scale,1658,8,65.46508026123047,13.706692695617676
resnet50,grey_scale,6001,8,62.972496032714844,11.940084457397461
resnet50,grey_scale,5320,8,54.58966064453125,23.167266845703125
resnet50,grey_scale,2038,8,65.7697982788086,12.822525024414062
resnet50,grey_scale,2099,8,54.79584884643555,11.755568504333496
resnet50,grey_scale,6870,8,62.459625244140625,14.353352546691895
resnet50,grey_scale,5479,8,61.891441345214844,24.156227111816406
resnet50,grey_scale,266,8,56.57625198364258,9.462017059326172
resnet50,grey_scale,6162,8,65.226318359375,11.209444046020508
resnet50,grey_scale,3816,8,48.79743957519531,26.921611785888672
resnet50,grey_scale,3900,8,63.17341995239258,13.138676643371582
resnet50,grey_scale,2059,8,54.88911819458008,22.24894905090332
resnet50,grey_scale,6131,8,68.19151306152344,15.578107833862305
resnet50,grey_scale,273,8,53.904869079589844,18.297494888305664
resnet50,grey_scale,1255,8,68.00493621826172,14.47573184967041
resnet50,grey_scale,6862,8,65.13282775878906,18.070274353027344
resnet50,grey_scale,7976,8,63.61428451538086,13.380181312561035
resnet50,grey_scale,1616,8,63.761863708496094,13.5864896774292
resnet50,grey_scale,602,8,67.5899887084961,14.823861122131348
resnet50,grey_scale,5134,8,63.174495697021484,15.240117073059082
resnet50,grey_scale,932,9,51.63835525512695,-11.667702674865723
resnet50,grey_scale,2674,9,51.30172348022461,-12.465374946594238
resnet50,grey_scale,5655,9,46.63329315185547,-16.62493324279785
resnet50,grey_scale,7705,9,50.05230712890625,-17.460622787475586
resnet50,grey_scale,952,9,56.5959587097168,-13.152531623840332
resnet50,grey_scale,1836,9,50.7648811340332,-11.67013931274414
resnet50,grey_scale,6202,9,40.91973876953125,-12.336894035339355
resnet50,grey_scale,7701,9,26.012897491455078,-9.574102401733398
resnet50,grey_scale,7147,9,55.96902847290039,-10.593878746032715
resnet50,grey_scale,243,9,46.68881607055664,-12.044325828552246
resnet50,grey_scale,7330,9,44.33917236328125,-18.60220718383789
resnet50,grey_scale,2379,9,43.55595016479492,-13.77747631072998
resnet50,grey_scale,5210,9,41.01680374145508,-11.351211547851562
resnet50,grey_scale,3103,9,43.32685089111328,-7.156494140625
resnet50,grey_scale,7049,9,58.782039642333984,-11.743968963623047
resnet50,grey_scale,7921,9,55.19577407836914,-12.766372680664062
resnet50,grey_scale,2667,9,48.33876419067383,-17.417940139770508
resnet50,grey_scale,1240,9,40.02589416503906,-16.997968673706055
resnet50,grey_scale,2166,9,54.570770263671875,-10.823278427124023
resnet50,grey_scale,4362,9,57.48326110839844,-11.354172706604004
resnet50,grey_scale,757,9,49.223548889160156,-10.023767471313477
resnet50,grey_scale,5211,9,41.59257507324219,-18.025243759155273
resnet50,grey_scale,4049,9,45.527286529541016,-17.591453552246094
resnet50,grey_scale,5301,9,38.83134841918945,-16.72479820251465
resnet50,grey_scale,352,9,54.24821090698242,-8.216995239257812
resnet50,grey_scale,3428,9,39.91044998168945,-8.502059936523438
resnet50,grey_scale,3690,9,32.476097106933594,18.841163635253906
resnet50,grey_scale,2682,9,34.65922927856445,-10.636170387268066
resnet50,grey_scale,7767,9,43.001564025878906,-8.002638816833496
resnet50,grey_scale,6747,9,21.079639434814453,-9.324602127075195
resnet50,grey_scale,4721,9,41.95862579345703,-8.01054573059082
resnet50,grey_scale,7654,9,48.344261169433594,-12.749051094055176
resnet50,grey_scale,3200,9,44.45365905761719,-16.75811195373535
resnet50,grey_scale,7671,9,44.24869155883789,-16.118003845214844
resnet50,grey_scale,6451,9,44.60823059082031,-6.17525053024292
resnet50,grey_scale,732,9,56.30306625366211,-9.113054275512695
resnet50,grey_scale,7845,9,39.361122131347656,-10.583795547485352
resnet50,grey_scale,6496,9,42.19770050048828,-17.72592544555664
resnet50,grey_scale,4956,9,47.88692092895508,-6.475062370300293
resnet50,grey_scale,6536,9,56.78120422363281,-11.5147123336792
resnet50,grey_scale,852,9,47.80980682373047,-14.860957145690918
resnet50,grey_scale,4320,9,41.98666763305664,-7.297876358032227
resnet50,grey_scale,5621,9,45.17792510986328,-13.106510162353516
resnet50,grey_scale,4095,9,47.584373474121094,-15.880764961242676
resnet50,grey_scale,1163,9,49.969078063964844,-17.220172882080078
resnet50,grey_scale,3249,9,32.686893463134766,-38.38215255737305
resnet50,grey_scale,2414,9,44.19155502319336,1.946264386177063
resnet50,grey_scale,3993,9,37.197242736816406,-5.348793983459473
resnet50,grey_scale,3076,9,52.832096099853516,-9.249167442321777
resnet50,grey_scale,1522,9,47.8618049621582,-16.689712524414062
resnet50,cue_conflict,c0_s1_0000_7975_3588,0,10.503610610961914,4.214412212371826
resnet50,cue_conflict,c0_s1_0001_6500_5425,0,7.5451765060424805,17.388832092285156
resnet50,cue_conflict,c0_s1_0002_359_3161,0,5.491957664489746,2.09975528717041
resnet50,cue_conflict,c0_s1_0003_808_6982,0,4.231560707092285,4.456284523010254
resnet50,cue_conflict,c0_s1_0004_422_5240,0,1.9894918203353882,2.383554220199585
resnet50,cue_conflict,c0_s1_0005_7782_4188,0,6.1698503494262695,3.409665822982788
resnet50,cue_conflict,c0_s1_0009_5067_5093,0,1.48574960231781,7.863213539123535
resnet50,cue_conflict,c0_s1_0010_5276_1428,0,3.23164963722229,5.469118595123291
resnet50,cue_conflict,c0_s1_0011_298_4361,0,2.317479372024536,3.1589853763580322
resnet50,cue_conflict,c0_s1_0012_480_4188,0,5.950107097625732,3.667520761489868
resnet50,cue_conflict,c0_s1_0013_5068_6498,0,12.067169189453125,4.150818347930908
resnet50,cue_conflict,c0_s1_0014_5068_564,0,4.172518253326416,3.8726084232330322
resnet50,cue_conflict,c0_s1_0015_241_1428,0,4.563321590423584,6.332907676696777
resnet50,cue_conflict,c0_s1_0016_1463_3530,0,1.8400757312774658,7.983360290527344
resnet50,cue_conflict,c0_s1_0017_2937_5394,0,3.9795989990234375,6.352535247802734
resnet50,cue_conflict,c0_s1_0018_5624_5830,0,5.298876762390137,4.655160903930664
resnet50,cue_conflict,c0_s1_0020_5068_4709,0,1.9055601358413696,5.649927616119385
resnet50,cue_conflict,c0_s1_0022_1463_3834,0,3.8940465450286865,5.277528762817383
resnet50,cue_conflict,c0_s1_0023_241_6410,0,5.133806228637695,6.521159648895264
resnet50,cue_conflict,c0_s1_0024_5785_1428,0,12.828457832336426,6.761251449584961
resnet50,cue_conflict,c1_s0_0000_6014_4533,1,1.3558317422866821,16.415355682373047
resnet50,cue_conflict,c1_s0_0001_3144_7165,1,-2.789621114730835,11.567231178283691
resnet50,cue_conflict,c1_s0_0002_963_7334,1,3.3843300342559814,5.746971607208252
resnet50,cue_conflict,c1_s0_0003_1428_3999,1,9.236715316772461,8.24129581451416
resnet50,cue_conflict,c1_s0_0005_4709_2210,1,-1.5085830688476562,14.810689926147461
resnet50,cue_conflict,c1_s0_0008_4188_7334,1,6.35421895980835,14.980551719665527
resnet50,cue_conflict,c1_s0_0010_5830_3999,1,9.691367149353027,18.548749923706055
resnet50,cue_conflict,c1_s0_0011_2988_339,1,-1.3657947778701782,17.349838256835938
resnet50,cue_conflict,c1_s0_0012_5546_60,1,9.174592971801758,16.176843643188477
resnet50,cue_conflict,c1_s0_0013_1218_5276,1,-2.8122622966766357,17.68642807006836
resnet50,cue_conflict,c1_s0_0014_3161_728,1,3.563303232192993,16.149316787719727
resnet50,cue_conflict,c1_s0_0015_5929_3759,1,6.009923934936523,13.6403169631958
resnet50,cue_conflict,c1_s0_0016_1302_7975,1,-3.8145976066589355,36.44387435913086
resnet50,cue_conflict,c1_s0_0017_5425_60,1,9.615062713623047,17.266162872314453
resnet50,cue_conflict,c1_s0_0018_963_3397,1,9.51762866973877,6.179386138916016
resnet50,cue_conflict,c1_s0_0020_3834_298,1,-1.3654547929763794,14.091195106506348
resnet50,cue_conflict,c1_s0_0021_5929_4533,1,6.305875778198242,13.349100112915039
resnet50,cue_conflict,c1_s0_0022_1353_1977,1,8.225630760192871,16.264888763427734
resnet50,cue_conflict,c1_s0_0023_4709_60,1,-1.5301933288574219,15.230202674865723
resnet50,cue_conflict,c1_s0_0024_225_3999,1,9.553038597106934,9.886113166809082
resnet50,cue_conflict,c1_s2_0000_1740_6683,1,5.663232803344727,15.059442520141602
resnet50,cue_conflict,c1_s2_0001_225_5577,1,9.366400718688965,6.522062301635742
resnet50,cue_conflict,c1_s2_0002_6022_7711,1,1.2620081901550293,14.36622428894043
resnet50,cue_conflict,c1_s2_0003_5546_6683,1,9.358043670654297,15.762858390808105
resnet50,cue_conflict,c1_s2_0004_5240_2436,1,-1.7553105354309082,13.604103088378906
resnet50,cue_conflict,c1_s2_0006_7066_3067,1,8.148592948913574,7.800631999969482
resnet50,cue_conflict,c1_s2_0007_1428_5463,1,0.8703140020370483,16.98735237121582
resnet50,cue_conflict,c1_s2_0009_2988_7327,1,-1.6230556964874268,16.625568389892578
resnet50,cue_conflict,c1_s2_0010_5093_2909,1,3.6644110679626465,14.555646896362305
resnet50,cue_conflict,c1_s2_0011_1740_1179,1,9.345306396484375,7.81199836730957
resnet50,cue_conflict,c1_s2_0012_6014_6548,1,1.3868293762207031,15.390159606933594
resnet50,cue_conflict,c1_s2_0014_5425_6548,1,11.19789981842041,9.643890380859375
resnet50,cue_conflict,c1_s2_0015_5929_2252,1,8.476003646850586,10.643214225769043
resnet50,cue_conflict,c1_s2_0016_3537_6795,1,2.383350133895874,6.837224960327148
resnet50,cue_conflict,c1_s2_0017_2673_313,1,-1.6130235195159912,11.566117286682129
resnet50,cue_conflict,c1_s2_0018_3530_2611,1,-2.6610848903656006,28.92552375793457
resnet50,cue_conflict,c1_s2_0019_275_6548,1,10.2925443649292,8.61037540435791
resnet50,cue_conflict,c1_s2_0021_5093_6738,1,3.659846544265747,14.66771125793457
resnet50,cue_conflict,c1_s2_0022_275_2915,1,9.792994499206543,8.508157730102539
resnet50,cue_conflict,c1_s2_0024_225_4316,1,9.101617813110352,9.364800453186035
resnet50,cue_conflict,c2_s1_0000_7392_3588,2,11.782110214233398,-1.6149791479110718
resnet50,cue_conflict,c2_s1_0001_5011_5929,2,13.541414260864258,-5.233765602111816
resnet50,cue_conflict,c2_s1_0002_6216_4733,2,9.793293952941895,-2.8013057708740234
resnet50,cue_conflict,c2_s1_0004_2436_1302,2,9.633123397827148,-3.755652666091919
resnet50,cue_conflict,c2_s1_0005_2611_5425,2,14.97890853881836,-4.628661155700684
resnet50,cue_conflict,c2_s1_0006_2392_3161,2,13.853789329528809,-8.395333290100098
resnet50,cue_conflict,c2_s1_0007_1731_4709,2,9.890562057495117,-4.051486015319824
resnet50,cue_conflict,c2_s1_0008_1179_6938,2,16.67632293701172,-7.049520969390869
resnet50,cue_conflict,c2_s1_0009_6548_1428,2,11.720279693603516,-4.086361885070801
resnet50,cue_conflict,c2_s1_0010_1731_6498,2,14.727407455444336,-1.538554072380066
resnet50,cue_conflict,c2_s1_0012_4605_7066,2,11.580422401428223,-3.5959975719451904
resnet50,cue_conflict,c2_s1_0013_1179_3588,2,16.689302444458008,-7.057725429534912
resnet50,cue_conflict,c2_s1_0014_2503_3530,2,10.138041496276855,0.701535701751709
resnet50,cue_conflict,c2_s1_0015_5577_5093,2,12.969846725463867,-3.0455455780029297
resnet50,cue_conflict,c2_s1_0016_6981_3254,2,12.650318145751953,-7.438720703125
resnet50,cue_conflict,c2_s1_0018_3067_3834,2,27.957643508911133,-26.2403507232666
resnet50,cue_conflict,c2_s1_0019_6738_1081,2,13.345222473144531,-4.468896865844727
resnet50,cue_conflict,c2_s1_0022_2611_7066,2,12.712414741516113,-3.6740729808807373
resnet50,cue_conflict,c2_s1_0023_5004_3161,2,13.031935691833496,-6.261507511138916
resnet50,cue_conflict,c2_s1_0024_1179_6072,2,16.569917678833008,-6.942900657653809
resnet50,cue_conflict,c1_s3_0001_6938_6094,1,-3.655280590057373,28.578182220458984
resnet50,cue_conflict,c1_s3_0002_4733_3375,1,-4.382823944091797,17.265216827392578
resnet50,cue_conflict,c1_s3_0003_3388_3375,1,-3.697199821472168,17.41468620300293
resnet50,cue_conflict,c1_s3_0004_5425_897,1,-42.801666259765625,13.248607635498047
resnet50,cue_conflict,c1_s3_0005_3223_2785,1,1.1888419389724731,14.084643363952637
resnet50,cue_conflict,c1_s3_0006_1081_1563,1,2.277723789215088,6.8861985206604
resnet50,cue_conflict,c1_s3_0007_6068_6459,1,1.8020262718200684,9.67577838897705
resnet50,cue_conflict,c1_s3_0008_1491_6094,1,5.092521667480469,15.336915016174316
resnet50,cue_conflict,c1_s3_0009_1353_1531,1,-2.5970942974090576,11.431649208068848
resnet50,cue_conflict,c1_s3_0010_4709_1622,1,-2.8300693035125732,30.405963897705078
resnet50,cue_conflict,c1_s3_0011_5830_6385,1,9.069562911987305,18.247560501098633
resnet50,cue_conflict,c1_s3_0013_5394_5294,1,-0.7778176665306091,17.89492416381836
resnet50,cue_conflict,c1_s3_0014_4361_6632,1,10.973939895629883,3.533623456954956
resnet50,cue_conflict,c1_s3_0015_5122_1968,1,1.2961621284484863,9.677925109863281
resnet50,cue_conflict,c1_s3_0016_3161_1968,1,0.23352840542793274,12.387043952941895
resnet50,cue_conflict,c1_s3_0019_7066_874,1,2.3444039821624756,10.272252082824707
resnet50,cue_conflict,c1_s3_0020_3144_4184,1,-2.3441994190216064,12.319609642028809
resnet50,cue_conflict,c1_s3_0021_2988_3202,1,-1.4081920385360718,16.864871978759766
resnet50,cue_conflict,c1_s3_0022_6022_6575,1,0.5102043151855469,18.022146224975586
resnet50,cue_conflict,c1_s3_0024_6498_6324,1,-15.353957176208496,13.827311515808105
resnet50,cue_conflict,c3_s1_0000_1563_6938,3,-16.076526641845703,13.522075653076172
resnet50,cue_conflict,c3_s1_0001_3202_6938,3,-35.75603103637695,5.038441181182861
resnet50,cue_conflict,c3_s1_0002_5522_6498,3,-1.8432950973510742,1.8999401330947876
resnet50,cue_conflict,c3_s1_0004_589_1302,3,1.0502910614013672,6.265229225158691
resnet50,cue_conflict,c3_s1_0006_6385_2988,3,-29.483949661254883,4.212693691253662
resnet50,cue_conflict,c3_s1_0007_4858_6498,3,-29.054523468017578,2.6508376598358154
resnet50,cue_conflict,c3_s1_0008_6324_1302,3,-20.495450973510742,-7.982317924499512
resnet50,cue_conflict,c3_s1_0009_6826_6498,3,9.968194007873535,2.736612319946289
resnet50,cue_conflict,c3_s1_0010_2785_6068,3,8.079227447509766,4.258297443389893
resnet50,cue_conflict,c3_s1_0011_3375_225,3,-2.3422112464904785,5.839796543121338
resnet50,cue_conflict,c3_s1_0012_4856_6880,3,-0.6042131185531616,-1.0146244764328003
resnet50,cue_conflict,c3_s1_0013_5294_4733,3,0.7747315764427185,5.235020637512207
resnet50,cue_conflict,c3_s1_0014_6459_963,3,-0.8102459907531738,5.837433338165283
resnet50,cue_conflict,c3_s1_0017_2434_5929,3,0.27046114206314087,10.831615447998047
resnet50,cue_conflict,c3_s1_0018_5976_7217,3,-3.2954792976379395,5.725334644317627
resnet50,cue_conflict,c3_s1_0019_5551_5830,3,1.155309796333313,11.929605484008789
resnet50,cue_conflict,c3_s1_0020_4858_3834,3,-3.4394218921661377,5.679208755493164
resnet50,cue_conflict,c3_s1_0022_6459_3223,3,-18.59880828857422,2.2190053462982178
resnet50,cue_conflict,c3_s1_0023_1187_1218,3,-0.3001491129398346,5.992094039916992
resnet50,cue_conflict,c3_s1_0024_2480_3223,3,-25.817834854125977,-1.6682565212249756
resnet50,cue_conflict,c2_s4_0001_6053_6441,2,13.441104888916016,-5.758755683898926
resnet50,cue_conflict,c2_s4_0002_6981_6122,2,12.722404479980469,-7.450319766998291
resnet50,cue_conflict,c2_s4_0003_3944_3078,2,13.308394432067871,-1.7170659303665161
resnet50,cue_conflict,c2_s4_0004_7327_1694,2,14.08059310913086,-7.093083381652832
resnet50,cue_conflict,c2_s4_0005_6347_490,2,14.182891845703125,-6.029236793518066
resnet50,cue_conflict,c2_s4_0006_5577_1223,2,13.101768493652344,-3.514202356338501
resnet50,cue_conflict,c2_s4_0008_7843_1223,2,14.241862297058105,-4.526735782623291
resnet50,cue_conflict,c2_s4_0009_2252_4262,2,13.91217041015625,-9.231963157653809
resnet50,cue_conflict,c2_s4_0010_7711_321,2,10.577037811279297,0.43792328238487244
resnet50,cue_conflict,c2_s4_0011_6053_4616,2,14.023018836975098,-3.89314603805542
resnet50,cue_conflict,c2_s4_0012_5484_6122,2,12.559372901916504,-4.317092418670654
resnet50,cue_conflict,c2_s4_0013_7392_1223,2,11.88179874420166,-1.8055803775787354
resnet50,cue_conflict,c2_s4_0016_3067_650,2,12.451434135437012,-5.371548652648926
resnet50,cue_conflict,c2_s4_0017_4316_3012,2,13.286219596862793,-1.518202781677246
resnet50,cue_conflict,c2_s4_0018_6216_1669,2,11.711195945739746,-5.045783996582031
resnet50,cue_conflict,c2_s4_0019_1059_2875,2,14.29359245300293,-2.9528422355651855
resnet50,cue_conflict,c2_s4_0020_88_3444,2,15.794366836547852,1.2350038290023804
resnet50,cue_conflict,c2_s4_0021_6053_490,2,13.638267517089844,-4.905017375946045
resnet50,cue_conflict,c2_s4_0022_4440_7728,2,14.167357444763184,-7.292142868041992
resnet50,cue_conflict,c2_s4_0024_3067_4616,2,28.098445892333984,-26.57239532470703
resnet50,cue_conflict,c4_s2_0002_6587_2915,4,-0.29062947630882263,-3.942150831222534
resnet50,cue_conflict,c4_s2_0003_321_6683,4,1.2985284328460693,0.15978080034255981
resnet50,cue_conflict,c4_s2_0004_5765_5663,4,8.386313438415527,7.063131332397461
resnet50,cue_conflict,c4_s2_0005_7910_6548,4,1.8993114233016968,-1.9641607999801636
resnet50,cue_conflict,c4_s2_0006_1550_1731,4,0.7246779799461365,-1.7000831365585327
resnet50,cue_conflict,c4_s2_0007_1694_3641,4,10.21613883972168,8.966233253479004
resnet50,cue_conflict,c4_s2_0008_4089_4605,4,1.0537210702896118,5.77041482925415
resnet50,cue_conflict,c4_s2_0009_650_517,4,11.303047180175781,6.312643051147461
resnet50,cue_conflict,c4_s2_0010_4616_1731,4,0.32712364196777344,-0.9727775454521179
resnet50,cue_conflict,c4_s2_0011_5708_1750,4,-1.6257214546203613,1.8350601196289062
resnet50,cue_conflict,c4_s2_0013_4006_1731,4,2.8947126865386963,-0.6697023510932922
resnet50,cue_conflict,c4_s2_0014_7910_6053,4,-0.38615044951438904,-4.364799976348877
resnet50,cue_conflict,c4_s2_0015_1209_7711,4,1.1780396699905396,-3.5479395389556885
resnet50,cue_conflict,c4_s2_0016_2021_1750,4,8.278924942016602,6.585439205169678
resnet50,cue_conflict,c4_s2_0017_4155_7327,4,2.2232606410980225,-0.5912470817565918
resnet50,cue_conflict,c4_s2_0018_1550_2611,4,0.6290864944458008,-1.8692020177841187
resnet50,cue_conflict,c4_s2_0019_3928_332,4,-1.0971558094024658,-2.1875574588775635
resnet50,cue_conflict,c4_s2_0020_4155_5177,4,8.275684356689453,5.6125335693359375
resnet50,cue_conflict,c4_s2_0021_7910_2915,4,-0.3469959497451782,-4.328429698944092
resnet50,cue_conflict,c4_s2_0023_4616_313,4,0.6754085421562195,-0.8683630228042603
resnet50,cue_conflict,c7_s9_0000_6149_7921,7,11.654529571533203,3.4926066398620605
resnet50,cue_conflict,c7_s9_0001_7769_1163,7,4.466865062713623,10.331945419311523
resnet50,cue_conflict,c7_s9_0002_680_7705,7,9.00157642364502,4.49888277053833
resnet50,cue_conflict,c7_s9_0004_2581_3200,7,5.8323073387146,6.97238302230835
resnet50,cue_conflict,c7_s9_0005_2207_852,7,4.882288932800293,9.542717933654785
resnet50,cue_conflict,c7_s9_0006_7695_1163,7,5.421186923980713,8.197558403015137
resnet50,cue_conflict,c7_s9_0007_2982_7671,7,14.124159812927246,5.1882429122924805
resnet50,cue_conflict,c7_s9_0008_7505_852,7,4.456955909729004,10.609588623046875
resnet50,cue_conflict,c7_s9_0009_2581_7671,7,14.234028816223145,5.027674198150635
resnet50,cue_conflict,c7_s9_0011_1473_7767,7,-39.98660659790039,28.363285064697266
resnet50,cue_conflict,c7_s9_0012_230_7767,7,10.281494140625,2.788160800933838
resnet50,cue_conflict,c7_s9_0014_1656_7701,7,-24.052350997924805,29.22760581970215
resnet50,cue_conflict,c7_s9_0015_1122_3103,7,14.095931053161621,1.0977199077606201
resnet50,cue_conflict,c7_s9_0016_1224_1522,7,5.688819408416748,9.587613105773926
resnet50,cue_conflict,c7_s9_0017_2787_3249,7,-24.18064308166504,29.310699462890625
resnet50,cue_conflict,c7_s9_0018_5535_243,7,10.919053077697754,5.904922962188721
resnet50,cue_conflict,c7_s9_0019_2581_243,7,6.7269721031188965,7.410256385803223
resnet50,cue_conflict,c7_s9_0020_6225_7049,7,9.174138069152832,7.072861194610596
resnet50,cue_conflict,c7_s9_0021_6840_4049,7,13.444446563720703,5.252377986907959
resnet50,cue_conflict,c7_s9_0022_864_2674,7,13.703879356384277,5.3095221519470215
resnet50,cue_conflict,c9_s7_0001_852_680,9,12.405351638793945,-2.450113296508789
resnet50,cue_conflict,c9_s7_0002_3428_2207,9,14.872689247131348,2.8594741821289062
resnet50,cue_conflict,c9_s7_0003_7147_2982,9,8.027268409729004,-1.5468783378601074
resnet50,cue_conflict,c9_s7_0004_7330_5697,9,41.124088287353516,-16.174339294433594
resnet50,cue_conflict,c9_s7_0005_5211_4773,9,15.43969440460205,-0.23394125699996948
resnet50,cue_conflict,c9_s7_0006_4956_5535,9,3.4321491718292236,2.3862922191619873
resnet50,cue_conflict,c9_s7_0007_6496_4951,9,16.35590362548828,-3.120333671569824
resnet50,cue_conflict,c9_s7_0008_3249_6374,9,9.603596687316895,-0.8152831792831421
resnet50,cue_conflict,c9_s7_0009_4049_6322,9,11.366944313049316,-3.0007166862487793
resnet50,cue_conflict,c9_s7_0010_5621_2773,9,14.03034496307373,-0.4724971055984497
resnet50,cue_conflict,c9_s7_0011_7654_6869,9,12.613253593444824,2.0713210105895996
resnet50,cue_conflict,c9_s7_0012_4049_3590,9,38.04597091674805,-13.235804557800293
resnet50,cue_conflict,c9_s7_0013_7654_6840,9,14.325506210327148,3.554319381713867
resnet50,cue_conflict,c9_s7_0014_5621_1985,9,13.817091941833496,-0.2422809898853302
resnet50,cue_conflict,c9_s7_0015_7049_6149,9,8.3026123046875,-1.208417534828186
resnet50,cue_conflict,c9_s7_0017_6536_864,9,8.209877014160156,-1.1867495775222778
resnet50,cue_conflict,c9_s7_0019_4721_7695,9,15.74137020111084,1.310836672782898
resnet50,cue_conflict,c9_s7_0020_4721_4951,9,9.739265441894531,2.9543938636779785
resnet50,cue_conflict,c9_s7_0021_4049_6149,9,38.005165100097656,-13.255300521850586
resnet50,cue_conflict,c9_s7_0023_243_2773,9,12.363557815551758,2.7402749061584473
resnet50,translation_right_32,2937,0,28.968645095825195,40.26133346557617
resnet50,translation_right_32,2210,0,32.694278717041016,25.507152557373047
resnet50,translation_right_32,4533,0,37.61171340942383,21.413694381713867
resnet50,translation_right_32,5067,0,20.22739028930664,31.040042877197266
resnet50,translation_right_32,3488,0,30.594158172607422,24.838199615478516
resnet50,translation_right_32,808,0,31.050674438476562,26.87225914001465
resnet50,translation_right_32,298,0,32.85356140136719,30.173616409301758
resnet50,translation_right_32,6817,0,31.080411911010742,48.59664535522461
resnet50,translation_right_32,597,0,39.651710510253906,21.115432739257812
resnet50,translation_right_32,339,0,17.3240909576416,40.33175277709961
resnet50,translation_right_32,241,0,27.17683982849121,36.670806884765625
resnet50,translation_right_32,6420,0,30.18402862548828,39.22899627685547
resnet50,translation_right_32,422,0,37.75481414794922,21.936864852905273
resnet50,translation_right_32,7782,0,21.490432739257812,41.89325714111328
resnet50,translation_right_32,7869,0,18.688032150268555,42.066322326660156
resnet50,translation_right_32,5999,0,25.490022659301758,38.71416091918945
resnet50,translation_right_32,7975,0,21.096240997314453,42.69368362426758
resnet50,translation_right_32,7101,0,30.09025764465332,48.22986602783203
resnet50,translation_right_32,6762,0,24.227739334106445,41.068294525146484
resnet50,translation_right_32,3999,0,39.54671096801758,0.019281718879938126
resnet50,translation_right_32,5255,0,24.408245086669922,35.99817657470703
resnet50,translation_right_32,5276,0,28.155195236206055,35.58592224121094
resnet50,translation_right_32,7165,0,30.235376358032227,47.30854415893555
resnet50,translation_right_32,5624,0,29.783811569213867,46.621856689453125
resnet50,translation_right_32,480,0,28.224332809448242,47.47425842285156
resnet50,translation_right_32,4819,0,32.48316955566406,31.736337661743164
resnet50,translation_right_32,7334,0,29.656476974487305,36.063255310058594
resnet50,translation_right_32,6065,0,20.541378021240234,45.02877426147461
resnet50,translation_right_32,5785,0,28.733165740966797,36.752708435058594
resnet50,translation_right_32,359,0,30.65935707092285,26.259750366210938
resnet50,translation_right_32,4045,0,38.74735641479492,22.268850326538086
resnet50,translation_right_32,7128,0,26.255443572998047,44.395660400390625
resnet50,translation_right_32,7260,0,37.67097091674805,23.219614028930664
resnet50,translation_right_32,3151,0,21.885772705078125,40.9576416015625
resnet50,translation_right_32,1463,0,20.072744369506836,43.80860900878906
resnet50,translation_right_32,5068,0,37.97608184814453,19.74370765686035
resnet50,translation_right_32,3759,0,21.060958862304688,47.917236328125
resnet50,translation_right_32,6500,0,19.87209129333496,45.05164337158203
resnet50,translation_right_32,1548,0,31.58633041381836,33.97014236450195
resnet50,translation_right_32,728,0,20.63524055480957,46.8309211730957
resnet50,translation_right_32,5711,0,31.777576446533203,18.650548934936523
resnet50,translation_right_32,1977,0,22.50614356994629,41.83475112915039
resnet50,translation_right_32,3285,0,39.438812255859375,21.838083267211914
resnet50,translation_right_32,6429,0,20.557575225830078,42.372772216796875
resnet50,translation_right_32,60,0,20.843400955200195,47.77259063720703
resnet50,translation_right_32,3397,0,29.297286987304688,46.769962310791016
resnet50,translation_right_32,7430,0,31.00075912475586,34.37076950073242
resnet50,translation_right_32,4982,0,36.94153594970703,19.612340927124023
resnet50,translation_right_32,752,0,29.41271209716797,43.79652786254883
resnet50,translation_right_32,4151,0,27.278472900390625,25.629121780395508
resnet50,translation_right_32,5093,1,-6.292783260345459,28.05138397216797
resnet50,translation_right_32,4709,1,-3.491420030593872,34.11468505859375
resnet50,translation_right_32,3530,1,-7.856904983520508,32.71017837524414
resnet50,translation_right_32,6068,1,-7.877771377563477,28.766393661499023
resnet50,translation_right_32,2673,1,-7.169258117675781,31.018003463745117
resnet50,translation_right_32,3161,1,-1.4427905082702637,24.301908493041992
resnet50,translation_right_32,3254,1,-0.07489226013422012,22.6424617767334
resnet50,translation_right_32,7217,1,7.557971477508545,25.356191635131836
resnet50,translation_right_32,5546,1,10.593892097473145,16.438133239746094
resnet50,translation_right_32,6498,1,-20.11065101623535,16.611494064331055
resnet50,translation_right_32,5425,1,11.180608749389648,18.178791046142578
resnet50,translation_right_32,3537,1,-8.935739517211914,32.092376708984375
resnet50,translation_right_32,463,1,-10.684892654418945,15.634793281555176
resnet50,translation_right_32,4733,1,-14.049908638000488,20.782773971557617
resnet50,translation_right_32,5240,1,-2.059359073638916,27.000795364379883
resnet50,translation_right_32,3223,1,-9.451272964477539,32.76612091064453
resnet50,translation_right_32,1740,1,-7.059092998504639,33.13201904296875
resnet50,translation_right_32,6410,1,4.466038227081299,22.905282974243164
resnet50,translation_right_32,3834,1,-4.7382402420043945,30.1372127532959
resnet50,translation_right_32,1302,1,-4.569060325622559,35.61606216430664
resnet50,translation_right_32,1218,1,1.4928547143936157,26.300004959106445
resnet50,translation_right_32,1428,1,-9.433679580688477,31.62381935119629
resnet50,translation_right_32,564,1,-9.856328010559082,31.45221519470215
resnet50,translation_right_32,6072,1,-7.4631500244140625,29.83055877685547
resnet50,translation_right_32,2988,1,-7.095025062561035,31.935562133789062
resnet50,translation_right_32,3556,1,-3.1531970500946045,25.749311447143555
resnet50,translation_right_32,1053,1,3.341310739517212,25.076637268066406
resnet50,translation_right_32,6880,1,-10.940999031066895,10.111407279968262
resnet50,translation_right_32,5830,1,10.814114570617676,19.897518157958984
resnet50,translation_right_32,5394,1,-9.180545806884766,32.35753631591797
resnet50,translation_right_32,963,1,-9.1802396774292,18.693567276000977
resnet50,translation_right_32,5122,1,-7.136603832244873,30.47381019592285
resnet50,translation_right_32,7052,1,-6.958667278289795,32.626625061035156
resnet50,translation_right_32,1081,1,-21.741382598876953,6.623548984527588
resnet50,translation_right_32,3588,1,-1.2051222324371338,20.713470458984375
resnet50,translation_right_32,1491,1,12.485027313232422,19.583276748657227
resnet50,translation_right_32,4188,1,5.136041164398193,28.55539321899414
resnet50,translation_right_32,1353,1,-6.371048450469971,10.834245681762695
resnet50,translation_right_32,3388,1,-7.284119606018066,31.386499404907227
resnet50,translation_right_32,7066,1,-7.914823532104492,34.221168518066406
resnet50,translation_right_32,275,1,12.149608612060547,20.210195541381836
resnet50,translation_right_32,225,1,12.418265342712402,17.59081268310547
resnet50,translation_right_32,61,1,-6.308028221130371,15.288862228393555
resnet50,translation_right_32,5929,1,2.0512654781341553,25.188810348510742
resnet50,translation_right_32,3144,1,-5.6257171630859375,10.543322563171387
resnet50,translation_right_32,6982,1,-5.079989910125732,33.368228912353516
resnet50,translation_right_32,6938,1,-3.218813896179199,32.44119644165039
resnet50,translation_right_32,6014,1,-1.0659650564193726,27.55281639099121
resnet50,translation_right_32,4361,1,-10.45431900024414,30.387277603149414
resnet50,translation_right_32,6022,1,1.87355375289917,23.560636520385742
resnet50,translation_right_32,2915,2,26.241058349609375,-38.663978576660156
resnet50,translation_right_32,2338,2,23.393672943115234,-27.9748592376709
resnet50,translation_right_32,7327,2,25.825992584228516,-37.1342658996582
resnet50,translation_right_32,4201,2,17.891881942749023,-30.963581085205078
resnet50,translation_right_32,1731,2,23.509075164794922,-34.114444732666016
resnet50,translation_right_32,7826,2,16.211902618408203,-27.392101287841797
resnet50,translation_right_32,4041,2,21.547481536865234,-31.5317325592041
resnet50,translation_right_32,313,2,18.114761352539062,-32.42290115356445
resnet50,translation_right_32,2392,2,28.28936767578125,-31.467308044433594
resnet50,translation_right_32,1750,2,23.487316131591797,-25.3068790435791
resnet50,translation_right_32,6053,2,23.426076889038086,-36.11046600341797
resnet50,translation_right_32,5463,2,16.499650955200195,-23.70761489868164
resnet50,translation_right_32,5484,2,30.811559677124023,-27.802385330200195
resnet50,translation_right_32,6683,2,16.627077102661133,-32.729000091552734
resnet50,translation_right_32,2611,2,20.414234161376953,-22.858509063720703
resnet50,translation_right_32,1059,2,22.73516273498535,-28.30806541442871
resnet50,translation_right_32,5177,2,26.248336791992188,-10.631448745727539
resnet50,translation_right_32,6981,2,24.436721801757812,-29.88596534729004
resnet50,translation_right_32,6347,2,15.947502136230469,-31.36982536315918
resnet50,translation_right_32,6216,2,15.75754451751709,-29.429794311523438
resnet50,translation_right_32,655,2,26.69215965270996,-36.097320556640625
resnet50,translation_right_32,7392,2,24.246179580688477,-40.39451599121094
resnet50,translation_right_32,6548,2,30.43845558166504,-36.15834045410156
resnet50,translation_right_32,6271,2,31.05430793762207,-31.39730453491211
resnet50,translation_right_32,2252,2,30.133100509643555,-34.06733322143555
resnet50,translation_right_32,3363,2,25.222850799560547,-39.42988967895508
resnet50,translation_right_32,7843,2,28.239368438720703,-32.354248046875
resnet50,translation_right_32,6795,2,31.283611297607422,-28.280797958374023
resnet50,translation_right_32,4605,2,17.744661331176758,-29.831771850585938
resnet50,translation_right_32,5011,2,24.354801177978516,-31.635271072387695
resnet50,translation_right_32,2436,2,28.023242950439453,-38.70056915283203
resnet50,translation_right_32,3944,2,31.961101531982422,-35.66044235229492
resnet50,translation_right_32,517,2,20.779163360595703,-26.580677032470703
resnet50,translation_right_32,2200,2,27.25674819946289,-31.01604461669922
resnet50,translation_right_32,3067,2,28.58536720275879,-36.67082977294922
resnet50,translation_right_32,5004,2,27.118886947631836,-33.51338195800781
resnet50,translation_right_32,6738,2,18.830190658569336,-30.905000686645508
resnet50,translation_right_32,905,2,19.28546905517578,-30.559999465942383
resnet50,translation_right_32,4316,2,30.023082733154297,-32.375152587890625
resnet50,translation_right_32,332,2,22.42270851135254,-36.90736770629883
resnet50,translation_right_32,2503,2,15.816283226013184,-24.705060958862305
resnet50,translation_right_32,2748,2,26.100379943847656,-36.769073486328125
resnet50,translation_right_32,1179,2,16.113862991333008,-35.2476692199707
resnet50,translation_right_32,3641,2,28.047399520874023,-33.87653350830078
resnet50,translation_right_32,5663,2,15.376286506652832,-29.434797286987305
resnet50,translation_right_32,4440,2,25.319936752319336,-31.40947723388672
resnet50,translation_right_32,2909,2,29.593172073364258,-28.77260971069336
resnet50,translation_right_32,7711,2,16.723276138305664,-25.073211669921875
resnet50,translation_right_32,88,2,33.512062072753906,-1.4240697622299194
resnet50,translation_right_32,5577,2,19.909528732299805,-28.33333396911621
resnet50,translation_right_32,6459,3,-17.8891544342041,1.2699189186096191
resnet50,translation_right_32,4174,3,-32.12991714477539,-1.203589677810669
resnet50,translation_right_32,6324,3,-21.253549575805664,-8.297224044799805
resnet50,translation_right_32,2785,3,-40.144508361816406,-4.785901069641113
resnet50,translation_right_32,4473,3,-18.56288719177246,-1.5547248125076294
resnet50,translation_right_32,2480,3,-26.136341094970703,-0.7192006707191467
resnet50,translation_right_32,7360,3,-17.913808822631836,-2.879657745361328
resnet50,translation_right_32,5976,3,-31.508785247802734,6.802579879760742
resnet50,translation_right_32,7416,3,-42.918949127197266,3.070079803466797
resnet50,translation_right_32,1563,3,-17.199556350708008,12.970952033996582
resnet50,translation_right_32,2206,3,-32.172264099121094,4.503119468688965
resnet50,translation_right_32,5551,3,-32.54976272583008,6.699621200561523
resnet50,translation_right_32,5635,3,-34.200103759765625,-4.828578948974609
resnet50,translation_right_32,6632,3,-18.220611572265625,0.5015882849693298
resnet50,translation_right_32,7891,3,-26.182004928588867,-9.52884578704834
resnet50,translation_right_32,2434,3,-30.23084259033203,6.251535415649414
resnet50,translation_right_32,6575,3,-26.705223083496094,-5.140172004699707
resnet50,translation_right_32,589,3,-16.759912490844727,1.765955924987793
resnet50,translation_right_32,897,3,-26.60353660583496,1.5022902488708496
resnet50,translation_right_32,874,3,-24.75546646118164,7.492865562438965
resnet50,translation_right_32,1622,3,-19.332284927368164,-9.968612670898438
resnet50,translation_right_32,249,3,-21.346704483032227,-14.297468185424805
resnet50,translation_right_32,2360,3,-23.58432960510254,-9.94021224975586
resnet50,translation_right_32,1343,3,-21.771005630493164,-0.6530349850654602
resnet50,translation_right_32,4720,3,-34.03908157348633,3.5297908782958984
resnet50,translation_right_32,6385,3,-32.450801849365234,7.826025009155273
resnet50,translation_right_32,1241,3,-20.57068634033203,-10.540236473083496
resnet50,translation_right_32,495,3,-15.739577293395996,-11.047286033630371
resnet50,translation_right_32,1531,3,-28.057823181152344,-9.89390754699707
resnet50,translation_right_32,2454,3,-30.099451065063477,1.1284795999526978
resnet50,translation_right_32,6641,3,-15.850686073303223,2.693498373031616
resnet50,translation_right_32,3681,3,-23.649412155151367,0.8331661224365234
resnet50,translation_right_32,185,3,-32.4604377746582,6.1452317237854
resnet50,translation_right_32,7421,3,-35.61248779296875,1.0715731382369995
resnet50,translation_right_32,6826,3,-16.908052444458008,1.6788156032562256
resnet50,translation_right_32,2222,3,-24.849233627319336,-5.790179252624512
resnet50,translation_right_32,1968,3,-27.826839447021484,5.150080680847168
resnet50,translation_right_32,3202,3,-35.06180191040039,5.296369552612305
resnet50,translation_right_32,5522,3,-27.925582885742188,2.4677491188049316
resnet50,translation_right_32,1946,3,-20.953603744506836,1.9952691793441772
resnet50,translation_right_32,6094,3,-26.2181339263916,-9.51200008392334
resnet50,translation_right_32,6647,3,-16.190340042114258,2.600458860397339
resnet50,translation_right_32,1187,3,-29.51429557800293,-1.8068764209747314
resnet50,translation_right_32,3375,3,-27.759912490844727,-8.286147117614746
resnet50,translation_right_32,4184,3,-24.02783966064453,4.093226432800293
resnet50,translation_right_32,4858,3,-30.632949829101562,3.419238805770874
resnet50,translation_right_32,2225,3,-24.95702362060547,-14.918024063110352
resnet50,translation_right_32,5294,3,-34.0160026550293,6.803888320922852
resnet50,translation_right_32,7527,3,-40.34153747558594,3.3611583709716797
resnet50,translation_right_32,4856,3,-26.138391494750977,-7.5778913497924805
resnet50,translation_right_32,321,4,-11.215201377868652,-23.159709930419922
resnet50,translation_right_32,4155,4,-5.251909255981445,-22.65220069885254
resnet50,translation_right_32,3928,4,-18.39809799194336,-34.162628173828125
resnet50,translation_right_32,7910,4,-11.158231735229492,-29.31245994567871
resnet50,translation_right_32,1669,4,-11.648104667663574,-27.65951919555664
resnet50,translation_right_32,2021,4,-13.893365859985352,-23.751705169677734
resnet50,translation_right_32,3861,4,-24.91132926940918,-12.066073417663574
resnet50,translation_right_32,3339,4,-8.832112312316895,-19.499919891357422
resnet50,translation_right_32,7728,4,-13.1679105758667,-27.413578033447266
resnet50,translation_right_32,5181,4,-16.418323516845703,-18.88408088684082
resnet50,translation_right_32,6913,4,-9.109654426574707,-23.455501556396484
resnet50,translation_right_32,4089,4,-12.071446418762207,-17.17577362060547
resnet50,translation_right_32,1550,4,-9.83256721496582,-25.71045684814453
resnet50,translation_right_32,3890,4,-10.982001304626465,-20.62555694580078
resnet50,translation_right_32,5467,4,-13.329482078552246,-30.295522689819336
resnet50,translation_right_32,7661,4,-13.43088150024414,-28.755855560302734
resnet50,translation_right_32,1694,4,-12.13002872467041,-25.751611709594727
resnet50,translation_right_32,2064,4,-9.811614036560059,-29.341272354125977
resnet50,translation_right_32,490,4,-10.166998863220215,-15.872002601623535
resnet50,translation_right_32,6123,4,-9.962599754333496,-26.510112762451172
resnet50,translation_right_32,5888,4,-8.122869491577148,-26.680227279663086
resnet50,translation_right_32,6441,4,-7.688806056976318,-13.460718154907227
resnet50,translation_right_32,7054,4,-12.397537231445312,-21.303632736206055
resnet50,translation_right_32,2125,4,-10.037107467651367,-22.061199188232422
resnet50,translation_right_32,1592,4,-12.474660873413086,-18.259733200073242
resnet50,translation_right_32,7154,4,-9.915550231933594,-25.323230743408203
resnet50,translation_right_32,1223,4,-12.147655487060547,-29.968435287475586
resnet50,translation_right_32,4384,4,-6.500604629516602,-12.238533973693848
resnet50,translation_right_32,3069,4,-7.0670857429504395,-18.79454803466797
resnet50,translation_right_32,4262,4,-12.910591125488281,-25.868480682373047
resnet50,translation_right_32,2653,4,-15.16354751586914,-28.431509017944336
resnet50,translation_right_32,1209,4,-10.571505546569824,-25.00564956665039
resnet50,translation_right_32,5765,4,-4.657947540283203,-8.84933090209961
resnet50,translation_right_32,3078,4,-7.475126266479492,-17.67900276184082
resnet50,translation_right_32,2862,4,-15.248114585876465,-25.3562068939209
resnet50,translation_right_32,5708,4,-9.906966209411621,-18.621164321899414
resnet50,translation_right_32,4616,4,-14.459486961364746,-15.34308910369873
resnet50,translation_right_32,3444,4,-12.4519624710083,-29.965787887573242
resnet50,translation_right_32,650,4,-7.448315143585205,-5.4268107414245605
resnet50,translation_right_32,1050,4,-11.363296508789062,-30.693763732910156
resnet50,translation_right_32,7387,4,-23.712522506713867,-48.478397369384766
resnet50,translation_right_32,3012,4,-11.972779273986816,-16.14656639099121
resnet50,translation_right_32,51,4,-15.887497901916504,-17.459590911865234
resnet50,translation_right_32,6587,4,-9.34979248046875,-20.668649673461914
resnet50,translation_right_32,6122,4,-14.585857391357422,-20.884803771972656
resnet50,translation_right_32,1011,4,-8.363473892211914,-16.0634708404541
resnet50,translation_right_32,7574,4,-10.85787582397461,-30.667879104614258
resnet50,translation_right_32,4006,4,-12.50510025024414,-18.064022064208984
resnet50,translation_right_32,2875,4,-10.024640083312988,-24.329105377197266
resnet50,translation_right_32,3568,4,-3.4161293506622314,-13.213293075561523
resnet50,translation_right_32,3825,5,-42.30897521972656,2.061948537826538
resnet50,translation_right_32,2451,5,-38.189571380615234,-7.520015239715576
resnet50,translation_right_32,533,5,-52.800987243652344,-6.432070732116699
resnet50,translation_right_32,6959,5,-42.817237854003906,-19.15060806274414
resnet50,translation_right_32,6376,5,-41.40595626831055,-14.780956268310547
resnet50,translation_right_32,3625,5,-61.60817337036133,0.6550601124763489
resnet50,translation_right_32,5603,5,-44.984130859375,-10.694265365600586
resnet50,translation_right_32,1715,5,-51.873565673828125,-11.857236862182617
resnet50,translation_right_32,7577,5,-44.84633255004883,-20.621423721313477
resnet50,translation_right_32,4917,5,-43.30434799194336,-5.352165222167969
resnet50,translation_right_32,6930,5,-53.98519515991211,-14.079117774963379
resnet50,translation_right_32,78,5,-55.572105407714844,-11.020352363586426
resnet50,translation_right_32,123,5,-60.84548568725586,2.647226572036743
resnet50,translation_right_32,7179,5,-49.53643798828125,4.38384485244751
resnet50,translation_right_32,5234,5,-43.849700927734375,-18.962697982788086
resnet50,translation_right_32,1057,5,-44.07502365112305,-6.024985313415527
resnet50,translation_right_32,5288,5,-45.889892578125,-11.159957885742188
resnet50,translation_right_32,1677,5,-41.82217025756836,-12.494757652282715
resnet50,translation_right_32,4526,5,-53.08564758300781,-17.45153045654297
resnet50,translation_right_32,6019,5,-45.09347915649414,-11.176077842712402
resnet50,translation_right_32,7672,5,-55.541648864746094,-0.7912132143974304
resnet50,translation_right_32,840,5,-61.58238220214844,1.8098444938659668
resnet50,translation_right_32,4870,5,-45.573638916015625,5.0309648513793945
resnet50,translation_right_32,162,5,-42.365787506103516,-21.83104705810547
resnet50,translation_right_32,1361,5,-46.728790283203125,4.796947002410889
resnet50,translation_right_32,5281,5,-46.20283126831055,6.376768112182617
resnet50,translation_right_32,2332,5,-43.4964714050293,-18.71082878112793
resnet50,translation_right_32,6822,5,-47.08903503417969,-4.654600143432617
resnet50,translation_right_32,2453,5,-55.651973724365234,-9.937779426574707
resnet50,translation_right_32,6970,5,-58.82078552246094,0.34818264842033386
resnet50,translation_right_32,39,5,-47.78511047363281,-7.018515586853027
resnet50,translation_right_32,7429,5,-53.20524978637695,-6.156523704528809
resnet50,translation_right_32,3892,5,-53.78839111328125,-7.4554643630981445
resnet50,translation_right_32,5794,5,-41.05445098876953,-19.1501522064209
resnet50,translation_right_32,7343,5,-43.91743087768555,-20.37053680419922
resnet50,translation_right_32,5646,5,-46.0187873840332,3.647648811340332
resnet50,translation_right_32,3080,5,-39.639102935791016,-11.50420093536377
resnet50,translation_right_32,6989,5,-55.62943649291992,-14.647860527038574
resnet50,translation_right_32,4265,5,-45.19499206542969,6.283455848693848
resnet50,translation_right_32,5687,5,-53.83103561401367,-6.842034816741943
resnet50,translation_right_32,567,5,-60.43307876586914,2.5356667041778564
resnet50,translation_right_32,4862,5,-53.488101959228516,-11.663641929626465
resnet50,translation_right_32,5767,5,-61.3181266784668,2.437654972076416
resnet50,translation_right_32,4597,5,-49.93106460571289,-9.892889022827148
resnet50,translation_right_32,4966,5,-45.75163650512695,-4.186573505401611
resnet50,translation_right_32,5417,5,-41.51584243774414,-19.666528701782227
resnet50,translation_right_32,1823,5,-46.46678161621094,2.008512258529663
resnet50,translation_right_32,7771,5,-43.911949157714844,-12.751334190368652
resnet50,translation_right_32,1889,5,-44.44134521484375,-8.1858491897583
resnet50,translation_right_32,1010,5,-53.204185485839844,-15.253091812133789
resnet50,translation_right_32,6614,6,-25.679393768310547,-39.87770080566406
resnet50,translation_right_32,813,6,-23.36844253540039,-52.27293014526367
resnet50,translation_right_32,2485,6,-18.43549919128418,-47.98455047607422
resnet50,translation_right_32,4430,6,-30.883087158203125,-40.56547546386719
resnet50,translation_right_32,6485,6,-29.146589279174805,-42.83305740356445
resnet50,translation_right_32,1770,6,-23.875972747802734,-49.66158676147461
resnet50,translation_right_32,2201,6,-26.00193977355957,-49.68626403808594
resnet50,translation_right_32,3193,6,-28.9339599609375,-37.89807891845703
resnet50,translation_right_32,3628,6,-37.67300796508789,-26.633806228637695
resnet50,translation_right_32,2647,6,-28.41419792175293,-31.618009567260742
resnet50,translation_right_32,1890,6,-27.352802276611328,-44.391075134277344
resnet50,translation_right_32,5986,6,-24.174236297607422,-50.587608337402344
resnet50,translation_right_32,1330,6,-31.08431053161621,-39.79705047607422
resnet50,translation_right_32,6746,6,-21.843936920166016,-48.95102310180664
resnet50,translation_right_32,7622,6,-29.32844352722168,-52.5291862487793
resnet50,translation_right_32,7962,6,-23.28610610961914,-53.629459381103516
resnet50,translation_right_32,7745,6,-30.03438949584961,-37.114501953125
resnet50,translation_right_32,2566,6,-20.631481170654297,-47.96533966064453
resnet50,translation_right_32,19,6,-19.49529457092285,-47.74769973754883
resnet50,translation_right_32,6411,6,-26.618667602539062,-33.5963020324707
resnet50,translation_right_32,2561,6,-25.76472282409668,-32.76372146606445
resnet50,translation_right_32,3418,6,-30.785076141357422,-38.41334915161133
resnet50,translation_right_32,5854,6,-27.16564178466797,-40.77461242675781
resnet50,translation_right_32,3802,6,-27.173702239990234,-43.98517990112305
resnet50,translation_right_32,4685,6,-23.553165435791016,-52.939292907714844
resnet50,translation_right_32,4251,6,-24.980663299560547,-32.9981803894043
resnet50,translation_right_32,4798,6,-26.866806030273438,-30.737655639648438
resnet50,translation_right_32,2565,6,-28.947710037231445,-43.486907958984375
resnet50,translation_right_32,4476,6,-36.66847610473633,-23.362667083740234
resnet50,translation_right_32,2969,6,-16.210140228271484,-46.402530670166016
resnet50,translation_right_32,3661,6,-25.176557540893555,-46.95233917236328
resnet50,translation_right_32,629,6,-24.79779624938965,-42.15216064453125
resnet50,translation_right_32,5722,6,-19.454259872436523,-49.35151672363281
resnet50,translation_right_32,6790,6,-30.528854370117188,-41.50885009765625
resnet50,translation_right_32,6920,6,-22.058902740478516,-49.94058609008789
resnet50,translation_right_32,6154,6,-24.650949478149414,-52.072425842285156
resnet50,translation_right_32,3137,6,-28.929292678833008,-45.21126937866211
resnet50,translation_right_32,4411,6,-23.62603759765625,-46.54629898071289
resnet50,translation_right_32,1912,6,-18.04058837890625,-41.07865905761719
resnet50,translation_right_32,7108,6,-17.939146041870117,-45.61821746826172
resnet50,translation_right_32,1077,6,-28.204689025878906,-44.287879943847656
resnet50,translation_right_32,432,6,-26.95237159729004,-35.94482421875
resnet50,translation_right_32,1481,6,-24.991817474365234,-44.25891876220703
resnet50,translation_right_32,7187,6,-23.315757751464844,-36.964542388916016
resnet50,translation_right_32,4746,6,-28.439563751220703,-33.65187072753906
resnet50,translation_right_32,5732,6,-25.4296932220459,-34.77397918701172
resnet50,translation_right_32,1157,6,-22.404579162597656,-51.84120559692383
resnet50,translation_right_32,4968,6,-30.639564514160156,-35.500267028808594
resnet50,translation_right_32,4869,6,-25.886472702026367,-41.17019271850586
resnet50,translation_right_32,760,6,-32.45830535888672,-30.951505661010742
resnet50,translation_right_32,864,7,-47.884456634521484,26.74337387084961
resnet50,translation_right_32,2982,7,-45.3498420715332,28.225154876708984
resnet50,translation_right_32,7778,7,-36.05497741699219,34.54476547241211
resnet50,translation_right_32,6876,7,-36.70805740356445,30.283815383911133
resnet50,translation_right_32,2756,7,-45.09994888305664,25.382448196411133
resnet50,translation_right_32,6225,7,-30.216785430908203,32.47098159790039
resnet50,translation_right_32,1514,7,-29.844388961791992,30.491968154907227
resnet50,translation_right_32,4951,7,-37.33861541748047,30.151012420654297
resnet50,translation_right_32,7608,7,-38.29513168334961,39.42497634887695
resnet50,translation_right_32,7769,7,-39.562191009521484,39.41119384765625
resnet50,translation_right_32,3590,7,-47.083213806152344,26.286428451538086
resnet50,translation_right_32,2808,7,-42.65582275390625,37.09791564941406
resnet50,translation_right_32,230,7,-33.22536849975586,32.43722152709961
resnet50,translation_right_32,2787,7,-30.178855895996094,31.839954376220703
resnet50,translation_right_32,4080,7,-39.603023529052734,39.53002166748047
resnet50,translation_right_32,6301,7,-46.47813034057617,26.715679168701172
resnet50,translation_right_32,6840,7,-22.583810806274414,16.485824584960938
resnet50,translation_right_32,6882,7,-32.99605941772461,31.777667999267578
resnet50,translation_right_32,1473,7,-39.20281982421875,27.910646438598633
resnet50,translation_right_32,1237,7,-47.91038131713867,26.88646125793457
resnet50,translation_right_32,6869,7,-18.288251876831055,11.022937774658203
resnet50,translation_right_32,1656,7,-29.290552139282227,34.2194938659668
resnet50,translation_right_32,493,7,-39.48960876464844,38.0299186706543
resnet50,translation_right_32,6663,7,-48.638916015625,27.591825485229492
resnet50,translation_right_32,2100,7,-46.84207534790039,29.06231689453125
resnet50,translation_right_32,6725,7,-27.3170108795166,35.65250015258789
resnet50,translation_right_32,4773,7,-36.663578033447266,28.738656997680664
resnet50,translation_right_32,2207,7,-44.253936767578125,31.219194412231445
resnet50,translation_right_32,1122,7,-26.602678298950195,22.00666046142578
resnet50,translation_right_32,7695,7,-47.078338623046875,26.624778747558594
resnet50,translation_right_32,2063,7,-28.711923599243164,29.096664428710938
resnet50,translation_right_32,5697,7,-38.899837493896484,26.694679260253906
resnet50,translation_right_32,2581,7,-38.295433044433594,28.193626403808594
resnet50,translation_right_32,5995,7,-31.644821166992188,31.4633846282959
resnet50,translation_right_32,1985,7,-28.949575424194336,32.45953369140625
resnet50,translation_right_32,2773,7,-48.30956268310547,29.212907791137695
resnet50,translation_right_32,6322,7,-36.077903747558594,32.191810607910156
resnet50,translation_right_32,3411,7,-46.0784797668457,25.406034469604492
resnet50,translation_right_32,6149,7,-28.4835262298584,34.90814971923828
resnet50,translation_right_32,7505,7,-38.27252197265625,38.51535415649414
resnet50,translation_right_32,6374,7,-28.482851028442383,34.549964904785156
resnet50,translation_right_32,57,7,-39.246742248535156,38.43425750732422
resnet50,translation_right_32,4441,7,-45.81884002685547,26.48919105529785
resnet50,translation_right_32,3581,7,-35.80704116821289,34.43677520751953
resnet50,translation_right_32,5586,7,-26.822036743164062,33.23645782470703
resnet50,translation_right_32,3140,7,-27.730148315429688,35.211402893066406
resnet50,translation_right_32,5535,7,-36.47798156738281,30.487211227416992
resnet50,translation_right_32,1224,7,-35.697235107421875,34.126468658447266
resnet50,translation_right_32,680,7,-28.11374282836914,30.567855834960938
resnet50,translation_right_32,3230,7,-43.125370025634766,26.61606216430664
resnet50,translation_right_32,6797,8,59.01793670654297,16.80950927734375
resnet50,translation_right_32,7508,8,61.483089447021484,15.947052955627441
resnet50,translation_right_32,6365,8,57.477909088134766,25.74078941345215
resnet50,translation_right_32,4058,8,53.18717575073242,21.229537963867188
resnet50,translation_right_32,6110,8,63.638484954833984,19.439088821411133
resnet50,translation_right_32,2335,8,59.47582244873047,27.246292114257812
resnet50,translation_right_32,4844,8,62.98591232299805,10.3113431930542
resnet50,translation_right_32,3479,8,47.47425079345703,26.911121368408203
resnet50,translation_right_32,4876,8,58.953033447265625,26.537248611450195
resnet50,translation_right_32,3551,8,58.57232666015625,11.96945858001709
resnet50,translation_right_32,4072,8,59.457740783691406,13.337894439697266
resnet50,translation_right_32,5959,8,59.6314697265625,16.069557189941406
resnet50,translation_right_32,4655,8,54.065673828125,20.549720764160156
resnet50,translation_right_32,6302,8,57.71678924560547,9.438690185546875
resnet50,translation_right_32,4690,8,60.491943359375,26.293973922729492
resnet50,translation_right_32,4030,8,53.79526138305664,21.822092056274414
resnet50,translation_right_32,7596,8,61.500457763671875,10.7776460647583
resnet50,translation_right_32,7300,8,46.709510803222656,24.513179779052734
resnet50,translation_right_32,2355,8,58.629844665527344,8.983160018920898
resnet50,translation_right_32,2657,8,64.14142608642578,9.445351600646973
resnet50,translation_right_32,1002,8,59.113590240478516,14.702428817749023
resnet50,translation_right_32,7907,8,52.60832214355469,9.657757759094238
resnet50,translation_right_32,460,8,58.468505859375,19.395328521728516
resnet50,translation_right_32,4632,8,64.23246002197266,19.57338523864746
resnet50,translation_right_32,6832,8,62.72003173828125,17.820680618286133
resnet50,translation_right_32,5398,8,59.301631927490234,17.9543514251709
resnet50,translation_right_32,6643,8,46.314517974853516,24.50777244567871
resnet50,translation_right_32,6274,8,61.150814056396484,26.88123893737793
resnet50,translation_right_32,1166,8,47.599037170410156,27.599849700927734
resnet50,translation_right_32,5040,8,61.38936233520508,10.604817390441895
resnet50,translation_right_32,1658,8,58.249446868896484,12.400946617126465
resnet50,translation_right_32,6001,8,61.95768356323242,9.547647476196289
resnet50,translation_right_32,5320,8,54.85081100463867,24.105384826660156
resnet50,translation_right_32,2038,8,58.75737380981445,10.803624153137207
resnet50,translation_right_32,2099,8,54.51927947998047,11.916547775268555
resnet50,translation_right_32,6870,8,60.80930709838867,14.897920608520508
resnet50,translation_right_32,5479,8,62.046104431152344,23.749126434326172
resnet50,translation_right_32,266,8,55.95183563232422,9.827733993530273
resnet50,translation_right_32,6162,8,60.98389434814453,8.584026336669922
resnet50,translation_right_32,3816,8,46.993648529052734,25.840606689453125
resnet50,translation_right_32,3900,8,61.182579040527344,13.443094253540039
resnet50,translation_right_32,2059,8,53.57624053955078,20.211885452270508
resnet50,translation_right_32,6131,8,57.47104263305664,20.39855194091797
resnet50,translation_right_32,273,8,53.79363250732422,17.408533096313477
resnet50,translation_right_32,1255,8,55.72785568237305,19.629989624023438
resnet50,translation_right_32,6862,8,64.40531158447266,19.964452743530273
resnet50,translation_right_32,7976,8,61.46471405029297,11.973008155822754
resnet50,translation_right_32,1616,8,59.71399688720703,8.704567909240723
resnet50,translation_right_32,602,8,57.17618179321289,17.54290199279785
resnet50,translation_right_32,5134,8,62.007911682128906,19.663606643676758
resnet50,translation_right_32,932,9,51.89175796508789,-11.599006652832031
resnet50,translation_right_32,2674,9,51.66926956176758,-12.84146499633789
resnet50,translation_right_32,5655,9,45.67688751220703,-15.201265335083008
resnet50,translation_right_32,7705,9,50.43430709838867,-15.988836288452148
resnet50,translation_right_32,952,9,56.39391326904297,-12.844243049621582
resnet50,translation_right_32,1836,9,51.71778106689453,-15.327010154724121
resnet50,translation_right_32,6202,9,40.64617919921875,-13.870280265808105
resnet50,translation_right_32,7701,9,25.287519454956055,-9.251035690307617
resnet50,translation_right_32,7147,9,55.43578338623047,-10.280064582824707
resnet50,translation_right_32,243,9,47.208656311035156,-11.6060209274292
resnet50,translation_right_32,7330,9,44.1502685546875,-18.796682357788086
resnet50,translation_right_32,2379,9,42.991580963134766,-12.781367301940918
resnet50,translation_right_32,5210,9,40.893741607666016,-10.783906936645508
resnet50,translation_right_32,3103,9,40.62916564941406,-5.672954559326172
resnet50,translation_right_32,7049,9,59.013328552246094,-11.636237144470215
resnet50,translation_right_32,7921,9,55.31978988647461,-12.703227043151855
resnet50,translation_right_32,2667,9,48.70722198486328,-17.48223876953125
resnet50,translation_right_32,1240,9,39.82386779785156,-16.24444580078125
resnet50,translation_right_32,2166,9,53.79257583618164,-10.35204029083252
resnet50,translation_right_32,4362,9,57.288726806640625,-10.754125595092773
resnet50,translation_right_32,757,9,48.9206428527832,-10.08497428894043
resnet50,translation_right_32,5211,9,41.11979293823242,-17.302038192749023
resnet50,translation_right_32,4049,9,45.541534423828125,-17.27923583984375
resnet50,translation_right_32,5301,9,37.696590423583984,-16.657739639282227
resnet50,translation_right_32,352,9,49.98887252807617,-4.803516864776611
resnet50,translation_right_32,3428,9,39.792686462402344,-8.10348892211914
resnet50,translation_right_32,3690,9,38.543357849121094,14.89380931854248
resnet50,translation_right_32,2682,9,34.27402114868164,-10.617735862731934
resnet50,translation_right_32,7767,9,42.36103439331055,-8.90754222869873
resnet50,translation_right_32,6747,9,21.00192642211914,-9.278546333312988
resnet50,translation_right_32,4721,9,41.477298736572266,-8.844579696655273
resnet50,translation_right_32,7654,9,49.29628372192383,-12.421708106994629
resnet50,translation_right_32,3200,9,43.307403564453125,-15.966978073120117
resnet50,translation_right_32,7671,9,43.977603912353516,-15.153748512268066
resnet50,translation_right_32,6451,9,44.65355682373047,-6.068568706512451
resnet50,translation_right_32,732,9,55.767578125,-9.24295711517334
resnet50,translation_right_32,7845,9,39.02643585205078,-10.116132736206055
resnet50,translation_right_32,6496,9,42.61572265625,-17.101696014404297
resnet50,translation_right_32,4956,9,48.642669677734375,-6.124354362487793
resnet50,translation_right_32,6536,9,57.14010238647461,-12.094454765319824
resnet50,translation_right_32,852,9,47.233821868896484,-13.761024475097656
resnet50,translation_right_32,4320,9,40.080101013183594,-7.429177761077881
resnet50,translation_right_32,5621,9,45.097042083740234,-12.897566795349121
resnet50,translation_right_32,4095,9,47.804386138916016,-15.396257400512695
resnet50,translation_right_32,1163,9,50.399452209472656,-16.354602813720703
resnet50,translation_right_32,3249,9,32.54909896850586,-38.379947662353516
resnet50,translation_right_32,2414,9,35.25715255737305,1.241146445274353
resnet50,translation_right_32,3993,9,36.62267303466797,-5.7512617111206055
resnet50,translation_right_32,3076,9,52.1507453918457,-9.257707595825195
resnet50,translation_right_32,1522,9,49.26020050048828,-16.067419052124023
resnet50,patch_shuffle,2937,0,28.418546676635742,40.184600830078125
resnet50,patch_shuffle,2210,0,25.849645614624023,29.931255340576172
resnet50,patch_shuffle,4533,0,41.64237594604492,18.380407333374023
resnet50,patch_shuffle,5067,0,20.62628936767578,31.243606567382812
resnet50,patch_shuffle,3488,0,43.6698112487793,15.386788368225098
resnet50,patch_shuffle,808,0,30.393104553222656,27.39516830444336
resnet50,patch_shuffle,298,0,32.29250717163086,29.410350799560547
resnet50,patch_shuffle,6817,0,27.734493255615234,28.821674346923828
resnet50,patch_shuffle,597,0,40.75199508666992,20.753864288330078
resnet50,patch_shuffle,339,0,17.656017303466797,39.804988861083984
resnet50,patch_shuffle,241,0,26.260316848754883,35.644771575927734
resnet50,patch_shuffle,6420,0,26.139333724975586,35.17410659790039
resnet50,patch_shuffle,422,0,41.91345977783203,18.610803604125977
resnet50,patch_shuffle,7782,0,20.32378578186035,39.08409881591797
resnet50,patch_shuffle,7869,0,18.209260940551758,39.36726760864258
resnet50,patch_shuffle,5999,0,24.645570755004883,35.05409240722656
resnet50,patch_shuffle,7975,0,19.4105167388916,38.152130126953125
resnet50,patch_shuffle,7101,0,25.6391544342041,30.211950302124023
resnet50,patch_shuffle,6762,0,27.312528610229492,35.083858489990234
resnet50,patch_shuffle,3999,0,29.64173698425293,-11.66900634765625
resnet50,patch_shuffle,5255,0,24.24030303955078,36.06045913696289
resnet50,patch_shuffle,5276,0,27.682348251342773,34.60209655761719
resnet50,patch_shuffle,7165,0,25.22294044494629,30.53362464904785
resnet50,patch_shuffle,5624,0,24.027324676513672,35.3835334777832
resnet50,patch_shuffle,480,0,21.338205337524414,36.6235237121582
resnet50,patch_shuffle,4819,0,26.906757354736328,33.85040283203125
resnet50,patch_shuffle,7334,0,25.98748779296875,34.01935577392578
resnet50,patch_shuffle,6065,0,18.95911407470703,36.86307144165039
resnet50,patch_shuffle,5785,0,26.652137756347656,34.8350944519043
resnet50,patch_shuffle,359,0,30.21718406677246,27.53243064880371
resnet50,patch_shuffle,4045,0,43.131317138671875,18.89971160888672
resnet50,patch_shuffle,7128,0,20.61002540588379,36.902130126953125
resnet50,patch_shuffle,7260,0,43.71232604980469,17.77305793762207
resnet50,patch_shuffle,3151,0,20.807382583618164,37.99139404296875
resnet50,patch_shuffle,1463,0,19.80935287475586,37.45482635498047
resnet50,patch_shuffle,5068,0,43.07011413574219,17.594255447387695
resnet50,patch_shuffle,3759,0,21.38289451599121,37.793296813964844
resnet50,patch_shuffle,6500,0,20.20608901977539,37.78240203857422
resnet50,patch_shuffle,1548,0,29.266633987426758,32.33271789550781
resnet50,patch_shuffle,728,0,21.783447265625,37.449092864990234
resnet50,patch_shuffle,5711,0,31.780582427978516,18.18216896057129
resnet50,patch_shuffle,1977,0,21.271595001220703,39.009063720703125
resnet50,patch_shuffle,3285,0,42.01506423950195,18.905153274536133
resnet50,patch_shuffle,6429,0,20.4656982421875,41.454856872558594
resnet50,patch_shuffle,60,0,22.29227638244629,37.369140625
resnet50,patch_shuffle,3397,0,20.23656463623047,36.28409957885742
resnet50,patch_shuffle,7430,0,29.472782135009766,32.52277755737305
resnet50,patch_shuffle,4982,0,43.03211975097656,16.441503524780273
resnet50,patch_shuffle,752,0,23.599464416503906,35.42173767089844
resnet50,patch_shuffle,4151,0,24.970251083374023,27.31976890563965
resnet50,patch_shuffle,5093,1,5.349429130554199,26.94464111328125
resnet50,patch_shuffle,4709,1,-8.131769180297852,24.439876556396484
resnet50,patch_shuffle,3530,1,-4.695528030395508,24.56623649597168
resnet50,patch_shuffle,6068,1,-6.130287170410156,19.403249740600586
resnet50,patch_shuffle,2673,1,-8.019217491149902,22.876646041870117
resnet50,patch_shuffle,3161,1,-2.0385630130767822,23.781261444091797
resnet50,patch_shuffle,3254,1,-3.210265636444092,21.61701774597168
resnet50,patch_shuffle,7217,1,7.823176383972168,25.231407165527344
resnet50,patch_shuffle,5546,1,10.53628158569336,15.686481475830078
resnet50,patch_shuffle,6498,1,-20.989652633666992,16.784669876098633
resnet50,patch_shuffle,5425,1,11.066858291625977,17.70821189880371
resnet50,patch_shuffle,3537,1,-4.344570636749268,23.49098014831543
resnet50,patch_shuffle,463,1,-10.435494422912598,14.973798751831055
resnet50,patch_shuffle,4733,1,-13.72199821472168,21.17422103881836
resnet50,patch_shuffle,5240,1,-2.7847681045532227,23.48635482788086
resnet50,patch_shuffle,3223,1,-5.388363838195801,23.715124130249023
resnet50,patch_shuffle,1740,1,-10.0520658493042,23.638866424560547
resnet50,patch_shuffle,6410,1,4.563291072845459,23.6584529876709
resnet50,patch_shuffle,3834,1,-6.332472324371338,22.290578842163086
resnet50,patch_shuffle,1302,1,-8.353754043579102,23.392133712768555
resnet50,patch_shuffle,1218,1,-3.76754093170166,19.826683044433594
resnet50,patch_shuffle,1428,1,-4.425262451171875,21.54994010925293
resnet50,patch_shuffle,564,1,-9.977336883544922,21.20069122314453
resnet50,patch_shuffle,6072,1,-7.553440570831299,22.190567016601562
resnet50,patch_shuffle,2988,1,-10.870107650756836,23.79054069519043
resnet50,patch_shuffle,3556,1,-8.506529808044434,20.429567337036133
resnet50,patch_shuffle,1053,1,4.827919006347656,24.341045379638672
resnet50,patch_shuffle,6880,1,10.133304595947266,14.561317443847656
resnet50,patch_shuffle,5830,1,10.504446029663086,20.772289276123047
resnet50,patch_shuffle,5394,1,-3.8682823181152344,23.08026123046875
resnet50,patch_shuffle,963,1,-9.091586112976074,19.194475173950195
resnet50,patch_shuffle,5122,1,-7.516237735748291,21.33820915222168
resnet50,patch_shuffle,7052,1,-6.851496696472168,24.312162399291992
resnet50,patch_shuffle,1081,1,-21.106470108032227,6.196473121643066
resnet50,patch_shuffle,3588,1,-2.1181063652038574,21.069942474365234
resnet50,patch_shuffle,1491,1,11.337041854858398,21.804607391357422
resnet50,patch_shuffle,4188,1,5.439245700836182,27.60183334350586
resnet50,patch_shuffle,1353,1,-6.938146591186523,11.235675811767578
resnet50,patch_shuffle,3388,1,-8.435940742492676,23.16124153137207
resnet50,patch_shuffle,7066,1,-8.548802375793457,24.24625015258789
resnet50,patch_shuffle,275,1,11.969015121459961,21.31783103942871
resnet50,patch_shuffle,225,1,12.848891258239746,16.306446075439453
resnet50,patch_shuffle,61,1,-7.0285444259643555,15.327096939086914
resnet50,patch_shuffle,5929,1,-4.325451374053955,21.17277717590332
resnet50,patch_shuffle,3144,1,-4.8768439292907715,9.994240760803223
resnet50,patch_shuffle,6982,1,-6.984168529510498,23.248870849609375
resnet50,patch_shuffle,6938,1,-5.099315643310547,25.458248138427734
resnet50,patch_shuffle,6014,1,-2.1938486099243164,23.042930603027344
resnet50,patch_shuffle,4361,1,-10.42154598236084,25.43317985534668
resnet50,patch_shuffle,6022,1,2.120532512664795,22.862016677856445
resnet50,patch_shuffle,2915,2,27.01506233215332,-17.572158813476562
resnet50,patch_shuffle,2338,2,25.86392593383789,-14.902758598327637
resnet50,patch_shuffle,7327,2,26.311511993408203,-19.21289825439453
resnet50,patch_shuffle,4201,2,23.35320472717285,-16.25980567932129
resnet50,patch_shuffle,1731,2,27.168729782104492,-14.629355430603027
resnet50,patch_shuffle,7826,2,25.55352210998535,-15.634997367858887
resnet50,patch_shuffle,4041,2,27.88506317138672,-19.75774383544922
resnet50,patch_shuffle,313,2,24.41469383239746,-17.6375675201416
resnet50,patch_shuffle,2392,2,27.94986343383789,-20.1263484954834
resnet50,patch_shuffle,1750,2,24.394886016845703,-14.966512680053711
resnet50,patch_shuffle,6053,2,25.113523483276367,-17.832321166992188
resnet50,patch_shuffle,5463,2,38.67104721069336,13.815255165100098
resnet50,patch_shuffle,5484,2,23.35845375061035,-18.102924346923828
resnet50,patch_shuffle,6683,2,25.69246482849121,-19.473690032958984
resnet50,patch_shuffle,2611,2,20.918188095092773,-22.176597595214844
resnet50,patch_shuffle,1059,2,24.652406692504883,-17.048799514770508
resnet50,patch_shuffle,5177,2,26.18857765197754,-11.450556755065918
resnet50,patch_shuffle,6981,2,24.424427032470703,-20.249448776245117
resnet50,patch_shuffle,6347,2,21.344829559326172,-13.471037864685059
resnet50,patch_shuffle,6216,2,23.257530212402344,-13.434294700622559
resnet50,patch_shuffle,655,2,23.936716079711914,-16.14238929748535
resnet50,patch_shuffle,7392,2,26.139604568481445,-13.657318115234375
resnet50,patch_shuffle,6548,2,24.58109474182129,-15.420019149780273
resnet50,patch_shuffle,6271,2,26.733978271484375,-22.495668411254883
resnet50,patch_shuffle,2252,2,29.66823959350586,-20.281047821044922
resnet50,patch_shuffle,3363,2,25.495927810668945,-14.801593780517578
resnet50,patch_shuffle,7843,2,26.738826751708984,-19.91501235961914
resnet50,patch_shuffle,6795,2,26.179702758789062,-22.092836380004883
resnet50,patch_shuffle,4605,2,23.328372955322266,-17.1519775390625
resnet50,patch_shuffle,5011,2,27.552011489868164,-19.35927963256836
resnet50,patch_shuffle,2436,2,29.524887084960938,-23.36905860900879
resnet50,patch_shuffle,3944,2,30.59625244140625,-14.387287139892578
resnet50,patch_shuffle,517,2,22.25779914855957,-20.948976516723633
resnet50,patch_shuffle,2200,2,26.666667938232422,-19.95183563232422
resnet50,patch_shuffle,3067,2,29.015329360961914,-20.998157501220703
resnet50,patch_shuffle,5004,2,28.644359588623047,-21.049270629882812
resnet50,patch_shuffle,6738,2,23.983016967773438,-19.173986434936523
resnet50,patch_shuffle,905,2,23.503984451293945,-19.082416534423828
resnet50,patch_shuffle,4316,2,25.85172462463379,-19.983736038208008
resnet50,patch_shuffle,332,2,25.934118270874023,-17.976884841918945
resnet50,patch_shuffle,2503,2,21.918872833251953,-18.171276092529297
resnet50,patch_shuffle,2748,2,25.81816864013672,-16.07025909423828
resnet50,patch_shuffle,1179,2,22.259008407592773,-14.850301742553711
resnet50,patch_shuffle,3641,2,24.593969345092773,-19.435806274414062
resnet50,patch_shuffle,5663,2,23.366535186767578,-13.351554870605469
resnet50,patch_shuffle,4440,2,24.79765510559082,-15.319037437438965
resnet50,patch_shuffle,2909,2,26.07300567626953,-21.688493728637695
resnet50,patch_shuffle,7711,2,24.431379318237305,-21.92688751220703
resnet50,patch_shuffle,88,2,33.67335510253906,-1.2520958185195923
resnet50,patch_shuffle,5577,2,23.606536865234375,-16.477596282958984
resnet50,patch_shuffle,6459,3,-16.75049591064453,-0.22560113668441772
resnet50,patch_shuffle,4174,3,-32.808311462402344,-0.012986268848180771
resnet50,patch_shuffle,6324,3,-22.209999084472656,-10.4612398147583
resnet50,patch_shuffle,2785,3,-39.70685577392578,-4.37124490737915
resnet50,patch_shuffle,4473,3,-16.599245071411133,-2.170191764831543
resnet50,patch_shuffle,2480,3,-35.22007751464844,15.434429168701172
resnet50,patch_shuffle,7360,3,-16.839433670043945,-2.629464626312256
resnet50,patch_shuffle,5976,3,-30.304180145263672,7.561740398406982
resnet50,patch_shuffle,7416,3,-42.881717681884766,0.1761830449104309
resnet50,patch_shuffle,1563,3,-29.087921142578125,24.28148078918457
resnet50,patch_shuffle,2206,3,-32.542633056640625,1.6224910020828247
resnet50,patch_shuffle,5551,3,-32.48231506347656,2.685748338699341
resnet50,patch_shuffle,5635,3,-28.41986083984375,-14.107900619506836
resnet50,patch_shuffle,6632,3,-17.01140785217285,-0.8404075503349304
resnet50,patch_shuffle,7891,3,-30.1906681060791,-13.165960311889648
resnet50,patch_shuffle,2434,3,-29.245864868164062,5.997061252593994
resnet50,patch_shuffle,6575,3,-27.848312377929688,-4.261357307434082
resnet50,patch_shuffle,589,3,-15.699628829956055,-0.7389631271362305
resnet50,patch_shuffle,897,3,-27.489656448364258,0.5773571133613586
resnet50,patch_shuffle,874,3,-24.356922149658203,7.9884538650512695
resnet50,patch_shuffle,1622,3,-20.999860763549805,-18.19652557373047
resnet50,patch_shuffle,249,3,-22.944049835205078,-20.430095672607422
resnet50,patch_shuffle,2360,3,-24.272409439086914,-11.215474128723145
resnet50,patch_shuffle,1343,3,-15.58420181274414,-0.8208488821983337
resnet50,patch_shuffle,4720,3,-33.34751510620117,2.8340985774993896
resnet50,patch_shuffle,6385,3,-30.702722549438477,7.72278356552124
resnet50,patch_shuffle,1241,3,-20.657047271728516,-11.367582321166992
resnet50,patch_shuffle,495,3,-16.191844940185547,-11.893510818481445
resnet50,patch_shuffle,1531,3,-28.127988815307617,-11.41585636138916
resnet50,patch_shuffle,2454,3,-52.887367248535156,-4.042715549468994
resnet50,patch_shuffle,6641,3,-14.259583473205566,1.4309656620025635
resnet50,patch_shuffle,3681,3,-20.76700782775879,5.678269863128662
resnet50,patch_shuffle,185,3,-33.12898254394531,1.6372674703598022
resnet50,patch_shuffle,7421,3,-36.28141403198242,0.5035890340805054
resnet50,patch_shuffle,6826,3,-15.853119850158691,-0.11991854012012482
resnet50,patch_shuffle,2222,3,-24.383398056030273,-19.596561431884766
resnet50,patch_shuffle,1968,3,-28.35427474975586,5.956684112548828
resnet50,patch_shuffle,3202,3,-40.97377014160156,0.01748969405889511
resnet50,patch_shuffle,5522,3,-32.941951751708984,0.20637859404087067
resnet50,patch_shuffle,1946,3,-15.321470260620117,-0.03423677012324333
resnet50,patch_shuffle,6094,3,-28.064964294433594,-14.633711814880371
resnet50,patch_shuffle,6647,3,-14.36832332611084,1.477793574333191
resnet50,patch_shuffle,1187,3,-30.050579071044922,-13.2748441696167
resnet50,patch_shuffle,3375,3,-27.9793701171875,-11.488377571105957
resnet50,patch_shuffle,4184,3,-17.159626007080078,8.715546607971191
resnet50,patch_shuffle,4858,3,-30.890249252319336,2.7976279258728027
resnet50,patch_shuffle,2225,3,-25.122404098510742,-15.026399612426758
resnet50,patch_shuffle,5294,3,-40.55875015258789,-0.46609586477279663
resnet50,patch_shuffle,7527,3,-40.120826721191406,2.5698037147521973
resnet50,patch_shuffle,4856,3,-24.223562240600586,-17.438425064086914
resnet50,patch_shuffle,321,4,-23.041915893554688,-17.610509872436523
resnet50,patch_shuffle,4155,4,3.503166437149048,1.581559658050537
resnet50,patch_shuffle,3928,4,-18.682125091552734,-33.92765426635742
resnet50,patch_shuffle,7910,4,-15.427458763122559,-29.615550994873047
resnet50,patch_shuffle,1669,4,-16.456035614013672,-29.88005256652832
resnet50,patch_shuffle,2021,4,-15.124248504638672,-23.645719528198242
resnet50,patch_shuffle,3861,4,-24.814159393310547,-12.113465309143066
resnet50,patch_shuffle,3339,4,-18.680402755737305,-17.282209396362305
resnet50,patch_shuffle,7728,4,-19.401594161987305,-31.378015518188477
resnet50,patch_shuffle,5181,4,-18.92751121520996,-19.30478858947754
resnet50,patch_shuffle,6913,4,-17.906841278076172,-21.22384262084961
resnet50,patch_shuffle,4089,4,-20.62606430053711,-17.716632843017578
resnet50,patch_shuffle,1550,4,-21.543067932128906,-21.389562606811523
resnet50,patch_shuffle,3890,4,-24.55397605895996,-20.925025939941406
resnet50,patch_shuffle,5467,4,-19.461814880371094,-30.90032196044922
resnet50,patch_shuffle,7661,4,-19.89506721496582,-30.84600830078125
resnet50,patch_shuffle,1694,4,-22.639312744140625,-21.04156494140625
resnet50,patch_shuffle,2064,4,-18.727357864379883,-28.014907836914062
resnet50,patch_shuffle,490,4,-19.59266471862793,-18.784826278686523
resnet50,patch_shuffle,6123,4,-9.26268196105957,-28.207412719726562
resnet50,patch_shuffle,5888,4,-20.84396743774414,-19.69532585144043
resnet50,patch_shuffle,6441,4,-35.4351921081543,-21.601030349731445
resnet50,patch_shuffle,7054,4,-19.035551071166992,-18.331783294677734
resnet50,patch_shuffle,2125,4,-19.38809585571289,-20.646072387695312
resnet50,patch_shuffle,1592,4,-19.7204647064209,-16.503602981567383
resnet50,patch_shuffle,7154,4,-16.4033145904541,-23.14295768737793
resnet50,patch_shuffle,1223,4,-17.775991439819336,-30.575481414794922
resnet50,patch_shuffle,4384,4,-6.403105735778809,-8.604717254638672
resnet50,patch_shuffle,3069,4,-18.2269287109375,-16.51622200012207
resnet50,patch_shuffle,4262,4,-22.936351776123047,-21.287050247192383
resnet50,patch_shuffle,2653,4,-16.2681827545166,-28.59054183959961
resnet50,patch_shuffle,1209,4,-15.9315824508667,-24.246084213256836
resnet50,patch_shuffle,5765,4,-5.21252965927124,-8.610611915588379
resnet50,patch_shuffle,3078,4,-11.376039505004883,-12.588627815246582
resnet50,patch_shuffle,2862,4,-16.61081886291504,-24.933931350708008
resnet50,patch_shuffle,5708,4,-24.746240615844727,-17.80435562133789
resnet50,patch_shuffle,4616,4,-21.1799373626709,-19.29331398010254
resnet50,patch_shuffle,3444,4,-19.294837951660156,-29.865863800048828
resnet50,patch_shuffle,650,4,-7.648754119873047,-5.503799915313721
resnet50,patch_shuffle,1050,4,-19.141870498657227,-30.313173294067383
resnet50,patch_shuffle,7387,4,-31.288610458374023,-22.564119338989258
resnet50,patch_shuffle,3012,4,-22.084430694580078,-19.33918571472168
resnet50,patch_shuffle,51,4,-17.779342651367188,-4.292739391326904
resnet50,patch_shuffle,6587,4,-17.964527130126953,-20.515785217285156
resnet50,patch_shuffle,6122,4,-17.675045013427734,-21.42182159423828
resnet50,patch_shuffle,1011,4,-22.575157165527344,-17.201221466064453
resnet50,patch_shuffle,7574,4,-15.652297019958496,-30.362224578857422
resnet50,patch_shuffle,4006,4,-19.453886032104492,-17.023216247558594
resnet50,patch_shuffle,2875,4,-17.081661224365234,-21.858991622924805
resnet50,patch_shuffle,3568,4,-3.0417768955230713,-12.448698997497559
resnet50,patch_shuffle,3825,5,-42.43559265136719,0.9208318591117859
resnet50,patch_shuffle,2451,5,-37.66707229614258,-7.6080403327941895
resnet50,patch_shuffle,533,5,-52.66121292114258,-5.361209392547607
resnet50,patch_shuffle,6959,5,-39.250221252441406,-20.990623474121094
resnet50,patch_shuffle,6376,5,-39.6284065246582,-12.822447776794434
resnet50,patch_shuffle,3625,5,-61.6611328125,-0.31176212430000305
resnet50,patch_shuffle,5603,5,-25.891103744506836,-15.800274848937988
resnet50,patch_shuffle,1715,5,-51.56304931640625,-11.44070816040039
resnet50,patch_shuffle,7577,5,-21.229358673095703,-22.02970314025879
resnet50,patch_shuffle,4917,5,-41.64202880859375,-0.3832280933856964
resnet50,patch_shuffle,6930,5,-54.562198638916016,-13.364027976989746
resnet50,patch_shuffle,78,5,-55.7305793762207,-6.371825695037842
resnet50,patch_shuffle,123,5,-59.10615539550781,-0.9363651871681213
resnet50,patch_shuffle,7179,5,-49.60999298095703,4.592751979827881
resnet50,patch_shuffle,5234,5,-22.418331146240234,-23.67850112915039
resnet50,patch_shuffle,1057,5,-16.853546142578125,8.524646759033203
resnet50,patch_shuffle,5288,5,-42.30645751953125,-8.60853099822998
resnet50,patch_shuffle,1677,5,-41.00872039794922,-12.401487350463867
resnet50,patch_shuffle,4526,5,-23.382686614990234,-27.36098861694336
resnet50,patch_shuffle,6019,5,-42.633270263671875,-9.172370910644531
resnet50,patch_shuffle,7672,5,-55.3598518371582,-0.9051534533500671
resnet50,patch_shuffle,840,5,-59.83052444458008,-1.016619324684143
resnet50,patch_shuffle,4870,5,-43.488121032714844,0.23076358437538147
resnet50,patch_shuffle,162,5,-41.922401428222656,-21.825000762939453
resnet50,patch_shuffle,1361,5,-44.241455078125,0.30508124828338623
resnet50,patch_shuffle,5281,5,-45.714935302734375,0.7676390409469604
resnet50,patch_shuffle,2332,5,-39.418033599853516,-21.198396682739258
resnet50,patch_shuffle,6822,5,-46.446075439453125,-4.002998352050781
resnet50,patch_shuffle,2453,5,-56.39942932128906,-9.345526695251465
resnet50,patch_shuffle,6970,5,-58.5472526550293,-0.7605794072151184
resnet50,patch_shuffle,39,5,-33.438316345214844,-22.94123649597168
resnet50,patch_shuffle,7429,5,-53.04536819458008,-4.858991622924805
resnet50,patch_shuffle,3892,5,-54.192230224609375,-4.656240463256836
resnet50,patch_shuffle,5794,5,-39.558876037597656,-19.52013397216797
resnet50,patch_shuffle,7343,5,-40.97237014770508,-21.420988082885742
resnet50,patch_shuffle,5646,5,-45.53527069091797,1.6790298223495483
resnet50,patch_shuffle,3080,5,-39.1524658203125,-11.687585830688477
resnet50,patch_shuffle,6989,5,-56.538490295410156,-14.730724334716797
resnet50,patch_shuffle,4265,5,-45.4303092956543,2.6641297340393066
resnet50,patch_shuffle,5687,5,-54.86876678466797,-6.230773448944092
resnet50,patch_shuffle,567,5,-59.18488311767578,2.4625298976898193
resnet50,patch_shuffle,4862,5,-35.11506271362305,15.698195457458496
resnet50,patch_shuffle,5767,5,-60.854949951171875,-0.05384078249335289
resnet50,patch_shuffle,4597,5,-49.49551010131836,-10.11402416229248
resnet50,patch_shuffle,4966,5,-45.431156158447266,-3.623414993286133
resnet50,patch_shuffle,5417,5,-38.4841194152832,-20.366722106933594
resnet50,patch_shuffle,1823,5,-45.88569641113281,0.9147828817367554
resnet50,patch_shuffle,7771,5,-42.4253044128418,-9.38369083404541
resnet50,patch_shuffle,1889,5,-44.71495819091797,-3.2816150188446045
resnet50,patch_shuffle,1010,5,-30.989524841308594,-13.486679077148438
resnet50,patch_shuffle,6614,6,-24.993892669677734,-39.33454895019531
resnet50,patch_shuffle,813,6,-22.590381622314453,-43.82225799560547
resnet50,patch_shuffle,2485,6,-17.898820877075195,-47.7348518371582
resnet50,patch_shuffle,4430,6,-22.21353530883789,-39.292076110839844
resnet50,patch_shuffle,6485,6,-19.62897300720215,-39.307273864746094
resnet50,patch_shuffle,1770,6,-22.677297592163086,-44.92805862426758
resnet50,patch_shuffle,2201,6,28.950531005859375,-7.576709747314453
resnet50,patch_shuffle,3193,6,-22.561317443847656,-31.09742546081543
resnet50,patch_shuffle,3628,6,-37.11553955078125,-26.828834533691406
resnet50,patch_shuffle,2647,6,-28.56230354309082,-27.551498413085938
resnet50,patch_shuffle,1890,6,-17.108016967773438,-42.70369338989258
resnet50,patch_shuffle,5986,6,-22.32279396057129,-45.11691665649414
resnet50,patch_shuffle,1330,6,-32.34312438964844,-39.49794006347656
resnet50,patch_shuffle,6746,6,-19.84889030456543,-44.221343994140625
resnet50,patch_shuffle,7622,6,-31.475427627563477,-51.207157135009766
resnet50,patch_shuffle,7962,6,-21.656692504882812,-44.761478424072266
resnet50,patch_shuffle,7745,6,-29.443288803100586,-36.531219482421875
resnet50,patch_shuffle,2566,6,-19.07825469970703,-43.77378845214844
resnet50,patch_shuffle,19,6,-19.312686920166016,-45.976375579833984
resnet50,patch_shuffle,6411,6,-21.729740142822266,-31.190345764160156
resnet50,patch_shuffle,2561,6,-21.903104782104492,-29.911657333374023
resnet50,patch_shuffle,3418,6,-31.553550720214844,-38.889137268066406
resnet50,patch_shuffle,5854,6,-21.03390121459961,-41.975364685058594
resnet50,patch_shuffle,3802,6,-17.261533737182617,-42.58443832397461
resnet50,patch_shuffle,4685,6,-21.70757293701172,-40.34233474731445
resnet50,patch_shuffle,4251,6,-20.280916213989258,-31.551719665527344
resnet50,patch_shuffle,4798,6,-24.26372718811035,-21.56017303466797
resnet50,patch_shuffle,2565,6,-21.46063232421875,-40.18276596069336
resnet50,patch_shuffle,4476,6,-35.65475082397461,-21.942243576049805
resnet50,patch_shuffle,2969,6,-15.914592742919922,-46.27730941772461
resnet50,patch_shuffle,3661,6,-32.75822448730469,-23.4653263092041
resnet50,patch_shuffle,629,6,-22.630844116210938,-39.48031234741211
resnet50,patch_shuffle,5722,6,-21.411968231201172,-44.78254318237305
resnet50,patch_shuffle,6790,6,-22.212242126464844,-42.712310791015625
resnet50,patch_shuffle,6920,6,-21.568572998046875,-42.60955810546875
resnet50,patch_shuffle,6154,6,-22.20071029663086,-45.61273956298828
resnet50,patch_shuffle,3137,6,-20.003395080566406,-40.34526824951172
resnet50,patch_shuffle,4411,6,-22.62059211730957,-41.23166275024414
resnet50,patch_shuffle,1912,6,-18.185821533203125,-40.72773361206055
resnet50,patch_shuffle,7108,6,-19.625038146972656,-39.05158233642578
resnet50,patch_shuffle,1077,6,-24.054773330688477,-22.657302856445312
resnet50,patch_shuffle,432,6,-20.755765914916992,-30.567821502685547
resnet50,patch_shuffle,1481,6,-20.93161964416504,-42.83665466308594
resnet50,patch_shuffle,7187,6,-22.30768394470215,-38.546607971191406
resnet50,patch_shuffle,4746,6,-22.588932037353516,-31.077251434326172
resnet50,patch_shuffle,5732,6,-22.172155380249023,-33.69644546508789
resnet50,patch_shuffle,1157,6,-20.48004722595215,-42.45102310180664
resnet50,patch_shuffle,4968,6,-22.351675033569336,-33.02977752685547
resnet50,patch_shuffle,4869,6,-23.252578735351562,-39.850852966308594
resnet50,patch_shuffle,760,6,-32.634525299072266,-29.9559383392334
resnet50,patch_shuffle,864,7,-40.54655838012695,19.15004539489746
resnet50,patch_shuffle,2982,7,-40.816123962402344,16.65981101989746
resnet50,patch_shuffle,7778,7,-40.72600173950195,18.95241928100586
resnet50,patch_shuffle,6876,7,-36.472389221191406,21.912235260009766
resnet50,patch_shuffle,2756,7,-38.302616119384766,19.005802154541016
resnet50,patch_shuffle,6225,7,-25.941585540771484,29.55034065246582
resnet50,patch_shuffle,1514,7,-26.876480102539062,26.546327590942383
resnet50,patch_shuffle,4951,7,-37.61311340332031,22.603269577026367
resnet50,patch_shuffle,7608,7,-34.732948303222656,19.465797424316406
resnet50,patch_shuffle,7769,7,-34.969539642333984,18.266427993774414
resnet50,patch_shuffle,3590,7,-39.137821197509766,18.01211929321289
resnet50,patch_shuffle,2808,7,-42.99913024902344,37.13277053833008
resnet50,patch_shuffle,230,7,-27.087215423583984,25.200477600097656
resnet50,patch_shuffle,2787,7,-27.601682662963867,26.235393524169922
resnet50,patch_shuffle,4080,7,-34.75041198730469,19.551694869995117
resnet50,patch_shuffle,6301,7,-37.42658233642578,17.5572509765625
resnet50,patch_shuffle,6840,7,-22.142431259155273,16.980838775634766
resnet50,patch_shuffle,6882,7,-29.286643981933594,25.75289535522461
resnet50,patch_shuffle,1473,7,-37.18989944458008,21.23206329345703
resnet50,patch_shuffle,1237,7,-39.928916931152344,17.412490844726562
resnet50,patch_shuffle,6869,7,-17.784841537475586,9.699767112731934
resnet50,patch_shuffle,1656,7,-28.13121223449707,26.85584831237793
resnet50,patch_shuffle,493,7,-33.610591888427734,22.3632869720459
resnet50,patch_shuffle,6663,7,-38.657371520996094,16.896404266357422
resnet50,patch_shuffle,2100,7,-39.85388946533203,20.023096084594727
resnet50,patch_shuffle,6725,7,-35.01077651977539,17.621606826782227
resnet50,patch_shuffle,4773,7,-38.100189208984375,19.879735946655273
resnet50,patch_shuffle,2207,7,-38.93058776855469,20.162132263183594
resnet50,patch_shuffle,1122,7,-25.51146125793457,23.563501358032227
resnet50,patch_shuffle,7695,7,-39.60105895996094,17.7729549407959
resnet50,patch_shuffle,2063,7,-26.603038787841797,24.848344802856445
resnet50,patch_shuffle,5697,7,-38.378257751464844,25.259477615356445
resnet50,patch_shuffle,2581,7,-37.811824798583984,21.27863311767578
resnet50,patch_shuffle,5995,7,-28.57074546813965,25.852100372314453
resnet50,patch_shuffle,1985,7,-28.369640350341797,27.752408981323242
resnet50,patch_shuffle,2773,7,-40.86311340332031,16.33635139465332
resnet50,patch_shuffle,6322,7,-32.54710006713867,23.77482795715332
resnet50,patch_shuffle,3411,7,-38.32979965209961,19.113859176635742
resnet50,patch_shuffle,6149,7,-25.547407150268555,30.976743698120117
resnet50,patch_shuffle,7505,7,-24.85613250732422,24.202028274536133
resnet50,patch_shuffle,6374,7,-26.13350486755371,27.845731735229492
resnet50,patch_shuffle,57,7,-33.52080535888672,21.910369873046875
resnet50,patch_shuffle,4441,7,-39.29441452026367,18.286827087402344
resnet50,patch_shuffle,3581,7,-33.6842041015625,22.630735397338867
resnet50,patch_shuffle,5586,7,-25.59166717529297,30.994319915771484
resnet50,patch_shuffle,3140,7,-25.99274444580078,32.3430061340332
resnet50,patch_shuffle,5535,7,-36.722591400146484,21.78418731689453
resnet50,patch_shuffle,1224,7,-28.628721237182617,25.571144104003906
resnet50,patch_shuffle,680,7,-26.19534683227539,28.72254180908203
resnet50,patch_shuffle,3230,7,-42.399574279785156,25.890348434448242
resnet50,patch_shuffle,6797,8,47.96031951904297,17.517391204833984
resnet50,patch_shuffle,7508,8,48.9146614074707,16.24593734741211
resnet50,patch_shuffle,6365,8,50.348995208740234,20.947072982788086
resnet50,patch_shuffle,4058,8,51.59005355834961,19.974437713623047
resnet50,patch_shuffle,6110,8,59.618038177490234,22.938146591186523
resnet50,patch_shuffle,2335,8,59.3391227722168,24.58802604675293
resnet50,patch_shuffle,4844,8,48.047149658203125,14.664196968078613
resnet50,patch_shuffle,3479,8,46.64387512207031,20.701711654663086
resnet50,patch_shuffle,4876,8,58.768707275390625,26.29979705810547
resnet50,patch_shuffle,3551,8,49.899879455566406,13.478971481323242
resnet50,patch_shuffle,4072,8,51.15773391723633,14.669083595275879
resnet50,patch_shuffle,5959,8,51.06723403930664,16.003742218017578
resnet50,patch_shuffle,4655,8,51.430694580078125,18.010534286499023
resnet50,patch_shuffle,6302,8,51.25002670288086,13.083290100097656
resnet50,patch_shuffle,4690,8,48.82481384277344,17.42650604248047
resnet50,patch_shuffle,4030,8,51.49836349487305,20.75152015686035
resnet50,patch_shuffle,7596,8,50.265777587890625,14.492254257202148
resnet50,patch_shuffle,7300,8,46.65027618408203,22.18378448486328
resnet50,patch_shuffle,2355,8,50.9018669128418,13.402844429016113
resnet50,patch_shuffle,2657,8,47.161529541015625,14.676373481750488
resnet50,patch_shuffle,1002,8,46.998924255371094,16.42046356201172
resnet50,patch_shuffle,7907,8,50.095821380615234,11.406700134277344
resnet50,patch_shuffle,460,8,56.80351638793945,19.740354537963867
resnet50,patch_shuffle,4632,8,59.654144287109375,22.57655906677246
resnet50,patch_shuffle,6832,8,49.07640838623047,16.748937606811523
resnet50,patch_shuffle,5398,8,48.185142517089844,17.739404678344727
resnet50,patch_shuffle,6643,8,46.1707763671875,21.385770797729492
resnet50,patch_shuffle,6274,8,58.53586196899414,23.352489471435547
resnet50,patch_shuffle,1166,8,46.67192840576172,20.492097854614258
resnet50,patch_shuffle,5040,8,49.81901550292969,14.621561050415039
resnet50,patch_shuffle,1658,8,46.28036117553711,15.178481101989746
resnet50,patch_shuffle,6001,8,48.82502746582031,14.440494537353516
resnet50,patch_shuffle,5320,8,54.28564453125,24.390539169311523
resnet50,patch_shuffle,2038,8,50.44711685180664,12.581714630126953
resnet50,patch_shuffle,2099,8,53.89683151245117,12.173233032226562
resnet50,patch_shuffle,6870,8,51.11820602416992,16.290969848632812
resnet50,patch_shuffle,5479,8,60.83642578125,23.788740158081055
resnet50,patch_shuffle,266,8,52.01515197753906,12.227469444274902
resnet50,patch_shuffle,6162,8,51.89279556274414,14.621820449829102
resnet50,patch_shuffle,3816,8,46.557491302490234,21.641803741455078
resnet50,patch_shuffle,3900,8,47.05937194824219,13.125247955322266
resnet50,patch_shuffle,2059,8,51.91533279418945,19.99872398376465
resnet50,patch_shuffle,6131,8,44.0775032043457,17.437835693359375
resnet50,patch_shuffle,273,8,52.98857498168945,17.302288055419922
resnet50,patch_shuffle,1255,8,51.12580871582031,17.171123504638672
resnet50,patch_shuffle,6862,8,59.770198822021484,23.40523910522461
resnet50,patch_shuffle,7976,8,49.32517623901367,15.520097732543945
resnet50,patch_shuffle,1616,8,50.79773712158203,14.072937965393066
resnet50,patch_shuffle,602,8,46.40349578857422,17.080297470092773
resnet50,patch_shuffle,5134,8,50.217933654785156,17.705408096313477
resnet50,patch_shuffle,932,9,50.1851806640625,-6.921617031097412
resnet50,patch_shuffle,2674,9,32.51980209350586,-9.437081336975098
resnet50,patch_shuffle,5655,9,29.833240509033203,-13.455262184143066
resnet50,patch_shuffle,7705,9,32.2197151184082,-8.346495628356934
resnet50,patch_shuffle,952,9,32.00449752807617,-14.390106201171875
resnet50,patch_shuffle,1836,9,29.974428176879883,-16.447187423706055
resnet50,patch_shuffle,6202,9,32.91580581665039,-15.484487533569336
resnet50,patch_shuffle,7701,9,-30.62294578552246,20.155534744262695
resnet50,patch_shuffle,7147,9,51.95719528198242,-7.939709186553955
resnet50,patch_shuffle,243,9,30.786584854125977,-11.41667652130127
resnet50,patch_shuffle,7330,9,31.649410247802734,-14.780524253845215
resnet50,patch_shuffle,2379,9,31.792356491088867,-12.040184020996094
resnet50,patch_shuffle,5210,9,34.491092681884766,-6.313232898712158
resnet50,patch_shuffle,3103,9,40.465576171875,-4.847918510437012
resnet50,patch_shuffle,7049,9,33.551483154296875,-13.18791389465332
resnet50,patch_shuffle,7921,9,31.852699279785156,-13.523148536682129
resnet50,patch_shuffle,2667,9,31.641305923461914,-8.02569580078125
resnet50,patch_shuffle,1240,9,33.66358184814453,-12.794256210327148
resnet50,patch_shuffle,2166,9,51.86082077026367,-8.198721885681152
resnet50,patch_shuffle,4362,9,53.38805389404297,-7.117007732391357
resnet50,patch_shuffle,757,9,35.59123992919922,-12.951026916503906
resnet50,patch_shuffle,5211,9,31.305509567260742,-12.677937507629395
resnet50,patch_shuffle,4049,9,31.659896850585938,-12.484500885009766
resnet50,patch_shuffle,5301,9,46.73635482788086,12.8224515914917
resnet50,patch_shuffle,352,9,49.23420333862305,-4.310234069824219
resnet50,patch_shuffle,3428,9,34.12278747558594,-7.460021018981934
resnet50,patch_shuffle,3690,9,39.13420104980469,14.827828407287598
resnet50,patch_shuffle,2682,9,33.44060516357422,-10.743894577026367
resnet50,patch_shuffle,7767,9,33.45416259765625,-2.965216636657715
resnet50,patch_shuffle,6747,9,20.57630157470703,-9.874488830566406
resnet50,patch_shuffle,4721,9,33.352622985839844,-4.166683197021484
resnet50,patch_shuffle,7654,9,32.00290298461914,-10.801857948303223
resnet50,patch_shuffle,3200,9,31.066125869750977,-12.991825103759766
resnet50,patch_shuffle,7671,9,31.213340759277344,-10.124939918518066
resnet50,patch_shuffle,6451,9,31.95622444152832,16.904556274414062
resnet50,patch_shuffle,732,9,52.1776237487793,-7.4742255210876465
resnet50,patch_shuffle,7845,9,38.238975524902344,-10.102139472961426
resnet50,patch_shuffle,6496,9,30.13090705871582,-13.454002380371094
resnet50,patch_shuffle,4956,9,48.91590118408203,-4.095926761627197
resnet50,patch_shuffle,6536,9,33.39293670654297,-13.782247543334961
resnet50,patch_shuffle,852,9,30.421781539916992,-10.863627433776855
resnet50,patch_shuffle,4320,9,33.449920654296875,-7.0682373046875
resnet50,patch_shuffle,5621,9,29.7705135345459,-10.402305603027344
resnet50,patch_shuffle,4095,9,32.98542785644531,-7.980524063110352
resnet50,patch_shuffle,1163,9,32.107425689697266,-8.447579383850098
resnet50,patch_shuffle,3249,9,26.457395553588867,-13.874810218811035
resnet50,patch_shuffle,2414,9,34.68572998046875,0.7824974060058594
resnet50,patch_shuffle,3993,9,35.37562942504883,-5.988794326782227
resnet50,patch_shuffle,3076,9,50.15937423706055,-6.860289096832275
resnet50,patch_shuffle,1522,9,32.98966598510742,-7.843718528747559
vit_b_16,baseline,2937,0,-16.11229705810547,-18.362207412719727
vit_b_16,baseline,2210,0,-12.288700103759766,-35.556854248046875
vit_b_16,baseline,4533,0,-35.839271545410156,-15.281001091003418
vit_b_16,baseline,5067,0,-17.77678871154785,-16.430419921875
vit_b_16,baseline,3488,0,-16.211021423339844,-36.921356201171875
vit_b_16,baseline,808,0,-16.61300277709961,-38.16571044921875
vit_b_16,baseline,298,0,-21.61271858215332,-20.934595108032227
vit_b_16,baseline,6817,0,-14.720438003540039,-36.39979934692383
vit_b_16,baseline,597,0,-35.523475646972656,-17.065628051757812
vit_b_16,baseline,339,0,-17.69959831237793,-32.402618408203125
vit_b_16,baseline,241,0,-15.46349048614502,-15.574612617492676
vit_b_16,baseline,6420,0,-22.197080612182617,-24.053842544555664
vit_b_16,baseline,422,0,-35.22473907470703,-13.255839347839355
vit_b_16,baseline,7782,0,-17.33008575439453,-27.094053268432617
vit_b_16,baseline,7869,0,-16.508907318115234,-28.984493255615234
vit_b_16,baseline,5999,0,-16.117008209228516,-20.505168914794922
vit_b_16,baseline,7975,0,-19.09529685974121,-28.455238342285156
vit_b_16,baseline,7101,0,-11.766107559204102,-35.5526237487793
vit_b_16,baseline,6762,0,-13.696964263916016,-16.44274139404297
vit_b_16,baseline,3999,0,-16.596698760986328,-23.541994094848633
vit_b_16,baseline,5255,0,-12.683205604553223,-17.245746612548828
vit_b_16,baseline,5276,0,-22.78975486755371,-23.895471572875977
vit_b_16,baseline,7165,0,-11.44773006439209,-36.23944091796875
vit_b_16,baseline,5624,0,-10.438932418823242,-35.57632827758789
vit_b_16,baseline,480,0,-10.302242279052734,-34.119625091552734
vit_b_16,baseline,4819,0,-22.352706909179688,-21.696584701538086
vit_b_16,baseline,7334,0,-22.202648162841797,-22.94607162475586
vit_b_16,baseline,6065,0,-15.446213722229004,-27.00704574584961
vit_b_16,baseline,5785,0,-24.131088256835938,-23.886919021606445
vit_b_16,baseline,359,0,-17.12881088256836,-37.00515365600586
vit_b_16,baseline,4045,0,-37.25932312011719,-16.052047729492188
vit_b_16,baseline,7128,0,-18.907224655151367,-23.986101150512695
vit_b_16,baseline,7260,0,-36.680850982666016,-14.077302932739258
vit_b_16,baseline,3151,0,-19.91181182861328,-24.569698333740234
vit_b_16,baseline,1463,0,-19.348102569580078,-24.96001434326172
vit_b_16,baseline,5068,0,-34.887908935546875,-14.673575401306152
vit_b_16,baseline,3759,0,-10.703121185302734,-35.0527229309082
vit_b_16,baseline,6500,0,-12.349540710449219,-31.5361385345459
vit_b_16,baseline,1548,0,-20.18678092956543,-17.02896499633789
vit_b_16,baseline,728,0,-13.133821487426758,-33.2681884765625
vit_b_16,baseline,5711,0,-21.820632934570312,-10.910715103149414
vit_b_16,baseline,1977,0,-20.157569885253906,-25.0560245513916
vit_b_16,baseline,3285,0,-36.42171096801758,-16.727001190185547
vit_b_16,baseline,6429,0,-14.194443702697754,-32.53316879272461
vit_b_16,baseline,60,0,-10.236849784851074,-34.924957275390625
vit_b_16,baseline,3397,0,-10.38326358795166,-33.38264846801758
vit_b_16,baseline,7430,0,-19.359996795654297,-18.037057876586914
vit_b_16,baseline,4982,0,-34.620967864990234,-15.357696533203125
vit_b_16,baseline,752,0,-13.688905715942383,-20.57701873779297
vit_b_16,baseline,4151,0,-17.742839813232422,-21.644641876220703
vit_b_16,baseline,5093,1,13.719117164611816,-26.502824783325195
vit_b_16,baseline,4709,1,6.902451038360596,-31.706193923950195
vit_b_16,baseline,3530,1,6.08996057510376,-32.34967803955078
vit_b_16,baseline,6068,1,15.004704475402832,-17.186017990112305
vit_b_16,baseline,2673,1,12.282617568969727,-19.066978454589844
vit_b_16,baseline,3161,1,3.222895622253418,-30.168601989746094
vit_b_16,baseline,3254,1,11.232390403747559,-10.743722915649414
vit_b_16,baseline,7217,1,8.613510131835938,-26.341917037963867
vit_b_16,baseline,5546,1,-2.0350258350372314,-12.557432174682617
vit_b_16,baseline,6498,1,12.784582138061523,-5.721995830535889
vit_b_16,baseline,5425,1,-4.1370110511779785,-15.914329528808594
vit_b_16,baseline,3537,1,9.618406295776367,-31.352758407592773
vit_b_16,baseline,463,1,9.631417274475098,-23.17552375793457
vit_b_16,baseline,4733,1,17.31291389465332,-17.5843505859375
vit_b_16,baseline,5240,1,4.516071319580078,-31.444074630737305
vit_b_16,baseline,3223,1,7.812782287597656,-33.42641830444336
vit_b_16,baseline,1740,1,5.10452938079834,-18.916336059570312
vit_b_16,baseline,6410,1,15.850199699401855,-17.38874626159668
vit_b_16,baseline,3834,1,10.92600154876709,-31.092830657958984
vit_b_16,baseline,1302,1,12.11301040649414,-32.12639617919922
vit_b_16,baseline,1218,1,7.722719669342041,-10.61966323852539
vit_b_16,baseline,1428,1,9.178175926208496,-28.329744338989258
vit_b_16,baseline,564,1,11.253386497497559,-28.611295700073242
vit_b_16,baseline,6072,1,14.722285270690918,-18.190004348754883
vit_b_16,baseline,2988,1,8.755840301513672,-18.465070724487305
vit_b_16,baseline,3556,1,14.007651329040527,-10.951374053955078
vit_b_16,baseline,1053,1,7.716217994689941,-20.987802505493164
vit_b_16,baseline,6880,1,12.222214698791504,-1.8523380756378174
vit_b_16,baseline,5830,1,-0.9330205917358398,-15.872772216796875
vit_b_16,baseline,5394,1,7.432317733764648,-27.019075393676758
vit_b_16,baseline,963,1,8.65025806427002,-16.288480758666992
vit_b_16,baseline,5122,1,13.435422897338867,-17.128610610961914
vit_b_16,baseline,7052,1,7.264637470245361,-32.496055603027344
vit_b_16,baseline,1081,1,39.30679702758789,-11.968951225280762
vit_b_16,baseline,3588,1,10.737626075744629,-24.833742141723633
vit_b_16,baseline,1491,1,-0.5948662161827087,-16.495328903198242
vit_b_16,baseline,4188,1,16.363306045532227,-16.713577270507812
vit_b_16,baseline,1353,1,7.141317844390869,-8.081830978393555
vit_b_16,baseline,3388,1,12.15422248840332,-19.91519546508789
vit_b_16,baseline,7066,1,13.210724830627441,-31.854454040527344
vit_b_16,baseline,275,1,1.235612392425537,-13.165828704833984
vit_b_16,baseline,225,1,-3.5967135429382324,-14.290216445922852
vit_b_16,baseline,61,1,15.216743469238281,-27.436716079711914
vit_b_16,baseline,5929,1,7.298197269439697,-17.747472763061523
vit_b_16,baseline,3144,1,7.4991135597229,-8.681469917297363
vit_b_16,baseline,6982,1,9.34597396850586,-34.76139450073242
vit_b_16,baseline,6938,1,6.424961566925049,-33.151554107666016
vit_b_16,baseline,6014,1,4.805667400360107,-31.534503936767578
vit_b_16,baseline,4361,1,9.794858932495117,-35.407169342041016
vit_b_16,baseline,6022,1,5.010146617889404,-26.843095779418945
vit_b_16,baseline,2915,2,-60.2977409362793,5.893932819366455
vit_b_16,baseline,2338,2,-44.1345329284668,1.5633807182312012
vit_b_16,baseline,7327,2,-59.645164489746094,4.767899990081787
vit_b_16,baseline,4201,2,-53.54803466796875,7.930034160614014
vit_b_16,baseline,1731,2,-52.311702728271484,2.901858329772949
vit_b_16,baseline,7826,2,-49.190467834472656,6.910175323486328
vit_b_16,baseline,4041,2,-48.29104232788086,8.335433006286621
vit_b_16,baseline,313,2,-56.615745544433594,5.034662246704102
vit_b_16,baseline,2392,2,-47.41846466064453,8.732324600219727
vit_b_16,baseline,1750,2,-44.720603942871094,3.144766092300415
vit_b_16,baseline,6053,2,-57.260337829589844,4.159555435180664
vit_b_16,baseline,5463,2,-42.58359909057617,8.851113319396973
vit_b_16,baseline,5484,2,-46.743534088134766,12.814133644104004
vit_b_16,baseline,6683,2,-55.63461685180664,8.965761184692383
vit_b_16,baseline,2611,2,-41.42595672607422,-1.9820494651794434
vit_b_16,baseline,1059,2,-43.11450958251953,3.905543565750122
vit_b_16,baseline,5177,2,-29.311595916748047,7.5565338134765625
vit_b_16,baseline,6981,2,-47.36475372314453,-1.7775707244873047
vit_b_16,baseline,6347,2,-54.31570816040039,8.174480438232422
vit_b_16,baseline,6216,2,-54.87631607055664,8.949944496154785
vit_b_16,baseline,655,2,-50.71764373779297,10.735444068908691
vit_b_16,baseline,7392,2,-59.441986083984375,8.812217712402344
vit_b_16,baseline,6548,2,-59.7513313293457,4.034143924713135
vit_b_16,baseline,6271,2,-44.874977111816406,12.918105125427246
vit_b_16,baseline,2252,2,-50.50496292114258,5.2823309898376465
vit_b_16,baseline,3363,2,-58.36384201049805,5.683606147766113
vit_b_16,baseline,7843,2,-46.61350631713867,10.669672966003418
vit_b_16,baseline,6795,2,-44.65141296386719,13.159439086914062
vit_b_16,baseline,4605,2,-46.77724838256836,7.129330635070801
vit_b_16,baseline,5011,2,-46.29873275756836,3.0947649478912354
vit_b_16,baseline,2436,2,-62.30261993408203,8.112950325012207
vit_b_16,baseline,3944,2,-23.893312454223633,9.729904174804688
vit_b_16,baseline,517,2,-41.2313117980957,1.3752291202545166
vit_b_16,baseline,2200,2,-44.65546798706055,9.62234878540039
vit_b_16,baseline,3067,2,-52.24500274658203,10.216963768005371
vit_b_16,baseline,5004,2,-48.93838882446289,3.1157073974609375
vit_b_16,baseline,6738,2,-47.94926834106445,-0.45638343691825867
vit_b_16,baseline,905,2,-47.55564498901367,2.9398226737976074
vit_b_16,baseline,4316,2,-46.65424346923828,11.921736717224121
vit_b_16,baseline,332,2,-61.554073333740234,5.283725738525391
vit_b_16,baseline,2503,2,-60.45615768432617,7.094782829284668
vit_b_16,baseline,2748,2,-60.582359313964844,4.184942245483398
vit_b_16,baseline,1179,2,-59.4151496887207,7.399369239807129
vit_b_16,baseline,3641,2,-48.7170295715332,9.37382984161377
vit_b_16,baseline,5663,2,-56.19839096069336,6.150960445404053
vit_b_16,baseline,4440,2,-47.74845886230469,5.336066722869873
vit_b_16,baseline,2909,2,-47.6239013671875,10.872337341308594
vit_b_16,baseline,7711,2,-48.59700012207031,14.02485179901123
vit_b_16,baseline,88,2,-23.087841033935547,2.123213529586792
vit_b_16,baseline,5577,2,-46.29622268676758,-1.4107297658920288
vit_b_16,baseline,6459,3,49.01836395263672,4.863595008850098
vit_b_16,baseline,4174,3,32.449405670166016,6.3877387046813965
vit_b_16,baseline,6324,3,43.822296142578125,10.15234661102295
vit_b_16,baseline,2785,3,13.518729209899902,5.16070032119751
vit_b_16,baseline,4473,3,48.562171936035156,2.6354336738586426
vit_b_16,baseline,2480,3,43.11234664916992,6.378275394439697
vit_b_16,baseline,7360,3,50.818603515625,-0.14730244874954224
vit_b_16,baseline,5976,3,37.65150451660156,-6.626895427703857
vit_b_16,baseline,7416,3,21.472429275512695,-3.0547657012939453
vit_b_16,baseline,1563,3,34.31456756591797,-23.88466453552246
vit_b_16,baseline,2206,3,36.70402145385742,-3.6700968742370605
vit_b_16,baseline,5551,3,37.365604400634766,-4.961527347564697
vit_b_16,baseline,5635,3,34.35463333129883,13.632498741149902
vit_b_16,baseline,6632,3,49.05264663696289,2.6667938232421875
vit_b_16,baseline,7891,3,35.69377899169922,15.567510604858398
vit_b_16,baseline,2434,3,37.29106521606445,-5.726563930511475
vit_b_16,baseline,6575,3,38.703094482421875,6.7149882316589355
vit_b_16,baseline,589,3,51.06074142456055,3.4220378398895264
vit_b_16,baseline,897,3,35.9547119140625,7.320644378662109
vit_b_16,baseline,874,3,41.15895080566406,-1.8753544092178345
vit_b_16,baseline,1622,3,44.25754928588867,10.922261238098145
vit_b_16,baseline,249,3,35.99435043334961,10.891401290893555
vit_b_16,baseline,2360,3,37.49454879760742,15.123093605041504
vit_b_16,baseline,1343,3,45.061058044433594,8.260453224182129
vit_b_16,baseline,4720,3,33.3035888671875,-2.980560302734375
vit_b_16,baseline,6385,3,36.75668716430664,-6.003754138946533
vit_b_16,baseline,1241,3,42.99003982543945,12.173033714294434
vit_b_16,baseline,495,3,30.253141403198242,6.427559852600098
vit_b_16,baseline,1531,3,36.13850784301758,14.575236320495605
vit_b_16,baseline,2454,3,32.63951873779297,1.022394061088562
vit_b_16,baseline,6641,3,50.166534423828125,4.1399359703063965
vit_b_16,baseline,3681,3,44.6036491394043,8.183115005493164
vit_b_16,baseline,185,3,40.372032165527344,-5.8151750564575195
vit_b_16,baseline,7421,3,27.670122146606445,-2.8803021907806396
vit_b_16,baseline,6826,3,48.97629928588867,3.860739231109619
vit_b_16,baseline,2222,3,38.164398193359375,11.782089233398438
vit_b_16,baseline,1968,3,38.303932189941406,-5.943901062011719
vit_b_16,baseline,3202,3,35.91004943847656,-4.883705139160156
vit_b_16,baseline,5522,3,34.83281326293945,-4.584323406219482
vit_b_16,baseline,1946,3,46.181190490722656,5.1259589195251465
vit_b_16,baseline,6094,3,34.429256439208984,14.861320495605469
vit_b_16,baseline,6647,3,50.05439376831055,4.071880340576172
vit_b_16,baseline,1187,3,34.502685546875,-2.492833375930786
vit_b_16,baseline,3375,3,34.80332565307617,13.699812889099121
vit_b_16,baseline,4184,3,39.70261764526367,-1.1262081861495972
vit_b_16,baseline,4858,3,35.78966522216797,-3.4665234088897705
vit_b_16,baseline,2225,3,33.27924346923828,14.406866073608398
vit_b_16,baseline,5294,3,35.53703308105469,-1.1233247518539429
vit_b_16,baseline,7527,3,22.819766998291016,-3.3850820064544678
vit_b_16,baseline,4856,3,36.479644775390625,13.818696975708008
vit_b_16,baseline,321,4,35.214839935302734,29.791061401367188
vit_b_16,baseline,4155,4,33.07326126098633,35.454490661621094
vit_b_16,baseline,3928,4,20.745277404785156,36.840816497802734
vit_b_16,baseline,7910,4,28.858367919921875,39.539512634277344
vit_b_16,baseline,1669,4,35.72962951660156,40.20867156982422
vit_b_16,baseline,2021,4,33.12749481201172,29.456645965576172
vit_b_16,baseline,3861,4,36.3160400390625,22.059236526489258
vit_b_16,baseline,3339,4,30.487449645996094,31.64600372314453
vit_b_16,baseline,7728,4,33.08656311035156,36.713157653808594
vit_b_16,baseline,5181,4,34.994327545166016,28.435989379882812
vit_b_16,baseline,6913,4,38.71257019042969,37.524681091308594
vit_b_16,baseline,4089,4,35.722042083740234,34.70590591430664
vit_b_16,baseline,1550,4,36.05905532836914,37.5572509765625
vit_b_16,baseline,3890,4,35.88174819946289,32.81752395629883
vit_b_16,baseline,5467,4,30.95506477355957,42.02574920654297
vit_b_16,baseline,7661,4,29.47626304626465,41.315284729003906
vit_b_16,baseline,1694,4,30.845643997192383,29.686691284179688
vit_b_16,baseline,2064,4,35.3110466003418,38.16645431518555
vit_b_16,baseline,490,4,31.70442008972168,31.04717445373535
vit_b_16,baseline,6123,4,35.48727798461914,39.40238571166992
vit_b_16,baseline,5888,4,35.22882843017578,32.12581253051758
vit_b_16,baseline,6441,4,36.87076187133789,31.468353271484375
vit_b_16,baseline,7054,4,36.191261291503906,33.86037826538086
vit_b_16,baseline,2125,4,33.47303009033203,32.80674362182617
vit_b_16,baseline,1592,4,26.789432525634766,32.764930725097656
vit_b_16,baseline,7154,4,35.81751251220703,36.652652740478516
vit_b_16,baseline,1223,4,33.50324630737305,41.41171646118164
vit_b_16,baseline,4384,4,37.027835845947266,33.19575881958008
vit_b_16,baseline,3069,4,28.5902099609375,33.3007926940918
vit_b_16,baseline,4262,4,26.620527267456055,26.620508193969727
vit_b_16,baseline,2653,4,33.83931350708008,42.82581329345703
vit_b_16,baseline,1209,4,28.06791877746582,33.779048919677734
vit_b_16,baseline,5765,4,42.273197174072266,33.72423553466797
vit_b_16,baseline,3078,4,39.98813247680664,31.833635330200195
vit_b_16,baseline,2862,4,27.89558219909668,31.281394958496094
vit_b_16,baseline,5708,4,36.213539123535156,28.7357177734375
vit_b_16,baseline,4616,4,39.304901123046875,40.66511917114258
vit_b_16,baseline,3444,4,31.77520751953125,40.75600814819336
vit_b_16,baseline,650,4,0.8674967885017395,-9.804817199707031
vit_b_16,baseline,1050,4,33.80478286743164,41.66506576538086
vit_b_16,baseline,7387,4,3.669851064682007,34.39393997192383
vit_b_16,baseline,3012,4,41.205413818359375,34.804168701171875
vit_b_16,baseline,51,4,34.54344940185547,30.848308563232422
vit_b_16,baseline,6587,4,34.7249870300293,33.90147399902344
vit_b_16,baseline,6122,4,38.01258850097656,39.54136657714844
vit_b_16,baseline,1011,4,32.77021026611328,31.26365089416504
vit_b_16,baseline,7574,4,34.27565002441406,42.34156036376953
vit_b_16,baseline,4006,4,37.15493392944336,37.97440719604492
vit_b_16,baseline,2875,4,36.839603424072266,40.07463836669922
vit_b_16,baseline,3568,4,37.921661376953125,26.943445205688477
vit_b_16,baseline,3825,5,22.333477020263672,-4.87481164932251
vit_b_16,baseline,2451,5,11.67997932434082,4.23108434677124
vit_b_16,baseline,533,5,14.202507972717285,11.794234275817871
vit_b_16,baseline,6959,5,11.329489707946777,23.091764450073242
vit_b_16,baseline,6376,5,9.381523132324219,8.482062339782715
vit_b_16,baseline,3625,5,-3.82861590385437,15.427371978759766
vit_b_16,baseline,5603,5,3.7812247276306152,5.012074947357178
vit_b_16,baseline,1715,5,19.190998077392578,9.61730670928955
vit_b_16,baseline,7577,5,10.085333824157715,22.122928619384766
vit_b_16,baseline,4917,5,7.244748115539551,3.503002166748047
vit_b_16,baseline,6930,5,20.97249984741211,5.092808246612549
vit_b_16,baseline,78,5,20.65434455871582,9.134583473205566
vit_b_16,baseline,123,5,-3.0036675930023193,16.06098747253418
vit_b_16,baseline,7179,5,22.386747360229492,-8.997365951538086
vit_b_16,baseline,5234,5,10.643414497375488,22.650039672851562
vit_b_16,baseline,1057,5,5.222280979156494,4.230202674865723
vit_b_16,baseline,5288,5,3.5536916255950928,4.342544078826904
vit_b_16,baseline,1677,5,14.98073673248291,-0.0711417868733406
vit_b_16,baseline,4526,5,19.914823532104492,3.879701614379883
vit_b_16,baseline,6019,5,3.7288663387298584,5.461843490600586
vit_b_16,baseline,7672,5,-1.3928948640823364,15.02904987335205
vit_b_16,baseline,840,5,-2.6442935466766357,17.087512969970703
vit_b_16,baseline,4870,5,23.609968185424805,-7.742572784423828
vit_b_16,baseline,162,5,9.020237922668457,23.6929931640625
vit_b_16,baseline,1361,5,23.587797164916992,-6.9736151695251465
vit_b_16,baseline,5281,5,22.61779022216797,-7.671058177947998
vit_b_16,baseline,2332,5,9.989056587219238,23.132694244384766
vit_b_16,baseline,6822,5,12.9955415725708,0.6605629324913025
vit_b_16,baseline,2453,5,20.254472732543945,9.217638969421387
vit_b_16,baseline,6970,5,-1.3099021911621094,16.190767288208008
vit_b_16,baseline,39,5,16.170963287353516,8.337392807006836
vit_b_16,baseline,7429,5,14.577343940734863,11.872417449951172
vit_b_16,baseline,3892,5,14.904746055603027,12.364361763000488
vit_b_16,baseline,5794,5,10.248512268066406,15.838013648986816
vit_b_16,baseline,7343,5,9.603515625,23.667098999023438
vit_b_16,baseline,5646,5,22.865642547607422,-8.209901809692383
vit_b_16,baseline,3080,5,8.506324768066406,7.98663854598999
vit_b_16,baseline,6989,5,19.05119514465332,7.45296049118042
vit_b_16,baseline,4265,5,23.472837448120117,-8.395377159118652
vit_b_16,baseline,5687,5,13.577089309692383,12.09103775024414
vit_b_16,baseline,567,5,-2.496304750442505,16.418048858642578
vit_b_16,baseline,4862,5,18.02493667602539,8.550050735473633
vit_b_16,baseline,5767,5,-2.9259796142578125,15.086907386779785
vit_b_16,baseline,4597,5,7.9974775314331055,9.7115478515625
vit_b_16,baseline,4966,5,11.072606086730957,1.759682059288025
vit_b_16,baseline,5417,5,9.88597297668457,24.22254753112793
vit_b_16,baseline,1823,5,21.601472854614258,-7.625751495361328
vit_b_16,baseline,7771,5,7.636526107788086,7.817193508148193
vit_b_16,baseline,1889,5,4.93027400970459,2.414019823074341
vit_b_16,baseline,1010,5,20.739200592041016,3.8924336433410645
vit_b_16,baseline,6614,6,0.5529431104660034,46.03485870361328
vit_b_16,baseline,813,6,-6.06809139251709,44.976806640625
vit_b_16,baseline,2485,6,6.047121524810791,46.53977966308594
vit_b_16,baseline,4430,6,7.93023157119751,49.48270034790039
vit_b_16,baseline,6485,6,6.624838352203369,51.717411041259766
vit_b_16,baseline,1770,6,-7.599343776702881,44.702972412109375
vit_b_16,baseline,2201,6,-2.6875200271606445,43.00914764404297
vit_b_16,baseline,3193,6,14.847414016723633,48.465579986572266
vit_b_16,baseline,3628,6,9.815893173217773,18.478622436523438
vit_b_16,baseline,2647,6,12.588885307312012,31.460662841796875
vit_b_16,baseline,1890,6,4.736557960510254,53.041568756103516
vit_b_16,baseline,5986,6,-7.62948751449585,45.846405029296875
vit_b_16,baseline,1330,6,14.236027717590332,48.79791259765625
vit_b_16,baseline,6746,6,-5.849923610687256,45.573829650878906
vit_b_16,baseline,7622,6,-5.0456085205078125,43.911285400390625
vit_b_16,baseline,7962,6,-6.7226386070251465,45.64869689941406
vit_b_16,baseline,7745,6,14.269021987915039,48.26469802856445
vit_b_16,baseline,2566,6,-2.5962445735931396,40.31708526611328
vit_b_16,baseline,19,6,-3.588165283203125,41.122337341308594
vit_b_16,baseline,6411,6,15.519598960876465,43.62657165527344
vit_b_16,baseline,2561,6,15.409279823303223,45.326820373535156
vit_b_16,baseline,3418,6,14.477933883666992,48.074440002441406
vit_b_16,baseline,5854,6,6.464596271514893,50.0462646484375
vit_b_16,baseline,3802,6,5.397817611694336,52.45174026489258
vit_b_16,baseline,4685,6,-4.610994815826416,42.32194519042969
vit_b_16,baseline,4251,6,14.187396049499512,44.72809600830078
vit_b_16,baseline,4798,6,17.992149353027344,39.2678337097168
vit_b_16,baseline,2565,6,7.294624328613281,50.24559020996094
vit_b_16,baseline,4476,6,12.083694458007812,30.237092971801758
vit_b_16,baseline,2969,6,5.278796195983887,46.35152816772461
vit_b_16,baseline,3661,6,-6.070178508758545,46.761898040771484
vit_b_16,baseline,629,6,8.574910163879395,44.328826904296875
vit_b_16,baseline,5722,6,-7.519461154937744,43.812400817871094
vit_b_16,baseline,6790,6,8.466994285583496,47.60087203979492
vit_b_16,baseline,6920,6,1.6647623777389526,48.31569290161133
vit_b_16,baseline,6154,6,-6.846913814544678,44.990474700927734
vit_b_16,baseline,3137,6,4.008511543273926,52.1470832824707
vit_b_16,baseline,4411,6,0.9662050604820251,50.319129943847656
vit_b_16,baseline,1912,6,3.1015007495880127,51.089263916015625
vit_b_16,baseline,7108,6,-1.8609938621520996,39.190093994140625
vit_b_16,baseline,1077,6,6.057182312011719,53.045570373535156
vit_b_16,baseline,432,6,14.950263977050781,47.032196044921875
vit_b_16,baseline,1481,6,1.0655523538589478,45.44978713989258
vit_b_16,baseline,7187,6,15.529417037963867,38.58110809326172
vit_b_16,baseline,4746,6,15.367659568786621,48.85991287231445
vit_b_16,baseline,5732,6,13.668283462524414,46.0864143371582
vit_b_16,baseline,1157,6,-0.9235928058624268,45.16820526123047
vit_b_16,baseline,4968,6,13.949649810791016,47.4138298034668
vit_b_16,baseline,4869,6,8.2195405960083,45.3584098815918
vit_b_16,baseline,760,6,14.434950828552246,37.15666580200195
vit_b_16,baseline,864,7,51.85171890258789,-22.434295654296875
vit_b_16,baseline,2982,7,51.86323547363281,-23.280197143554688
vit_b_16,baseline,7778,7,47.32575607299805,-37.5285758972168
vit_b_16,baseline,6876,7,44.201141357421875,-34.538047790527344
vit_b_16,baseline,2756,7,47.19272232055664,-24.646533966064453
vit_b_16,baseline,6225,7,27.220247268676758,-45.45144271850586
vit_b_16,baseline,1514,7,26.3405704498291,-46.64232635498047
vit_b_16,baseline,4951,7,40.94572448730469,-29.797454833984375
vit_b_16,baseline,7608,7,39.989990234375,-40.064090728759766
vit_b_16,baseline,7769,7,39.90565490722656,-40.84467315673828
vit_b_16,baseline,3590,7,50.39243698120117,-26.055150985717773
vit_b_16,baseline,2808,7,46.96683120727539,-37.81729507446289
vit_b_16,baseline,230,7,36.87516784667969,-35.7962760925293
vit_b_16,baseline,2787,7,27.451032638549805,-44.852073669433594
vit_b_16,baseline,4080,7,39.10405731201172,-40.85036849975586
vit_b_16,baseline,6301,7,44.14142990112305,-28.618701934814453
vit_b_16,baseline,6840,7,38.288536071777344,-34.94769287109375
vit_b_16,baseline,6882,7,37.28227615356445,-34.229000091552734
vit_b_16,baseline,1473,7,38.36238098144531,-30.406593322753906
vit_b_16,baseline,1237,7,50.25907897949219,-22.530471801757812
vit_b_16,baseline,6869,7,36.77619171142578,-33.33735656738281
vit_b_16,baseline,1656,7,25.80946159362793,-47.332489013671875
vit_b_16,baseline,493,7,39.55320358276367,-41.01960372924805
vit_b_16,baseline,6663,7,51.34605407714844,-22.795896530151367
vit_b_16,baseline,2100,7,51.06695556640625,-23.51700210571289
vit_b_16,baseline,6725,7,26.398855209350586,-44.6214599609375
vit_b_16,baseline,4773,7,36.904964447021484,-32.17519760131836
vit_b_16,baseline,2207,7,48.46967697143555,-25.710153579711914
vit_b_16,baseline,1122,7,50.0073127746582,-24.78279685974121
vit_b_16,baseline,7695,7,49.2768669128418,-24.3396053314209
vit_b_16,baseline,2063,7,24.869476318359375,-48.05290603637695
vit_b_16,baseline,5697,7,39.71430206298828,-31.257837295532227
vit_b_16,baseline,2581,7,38.33007049560547,-29.61908721923828
vit_b_16,baseline,5995,7,36.79535675048828,-35.23401641845703
vit_b_16,baseline,1985,7,25.426342010498047,-47.354915618896484
vit_b_16,baseline,2773,7,52.12139129638672,-21.80074119567871
vit_b_16,baseline,6322,7,41.51484298706055,-32.14663314819336
vit_b_16,baseline,3411,7,49.975975036621094,-23.564334869384766
vit_b_16,baseline,6149,7,26.845970153808594,-46.853858947753906
vit_b_16,baseline,7505,7,40.52402877807617,-39.791263580322266
vit_b_16,baseline,6374,7,26.149917602539062,-48.08903884887695
vit_b_16,baseline,57,7,39.504032135009766,-40.294281005859375
vit_b_16,baseline,4441,7,49.74097442626953,-24.098430633544922
vit_b_16,baseline,3581,7,46.42073059082031,-36.86268615722656
vit_b_16,baseline,5586,7,26.782079696655273,-47.80503845214844
vit_b_16,baseline,3140,7,27.157230377197266,-47.054935455322266
vit_b_16,baseline,5535,7,40.37873458862305,-32.4561882019043
vit_b_16,baseline,1224,7,47.49566650390625,-36.848297119140625
vit_b_16,baseline,680,7,27.005271911621094,-41.949344635009766
vit_b_16,baseline,3230,7,49.322879791259766,-26.868120193481445
vit_b_16,baseline,6797,8,-46.76353073120117,-23.274797439575195
vit_b_16,baseline,7508,8,-46.791194915771484,-22.295188903808594
vit_b_16,baseline,6365,8,-41.949859619140625,-36.55692672729492
vit_b_16,baseline,4058,8,-56.8455696105957,-27.036298751831055
vit_b_16,baseline,6110,8,-42.61269760131836,-39.41490173339844
vit_b_16,baseline,2335,8,-42.377986907958984,-38.653282165527344
vit_b_16,baseline,4844,8,-47.560543060302734,-28.276639938354492
vit_b_16,baseline,3479,8,-38.94097137451172,-26.20958709716797
vit_b_16,baseline,4876,8,-41.852195739746094,-38.37931442260742
vit_b_16,baseline,3551,8,-57.46795654296875,-23.37063217163086
vit_b_16,baseline,4072,8,-54.71775436401367,-26.31798553466797
vit_b_16,baseline,5959,8,-44.47985076904297,-21.900745391845703
vit_b_16,baseline,4655,8,-56.360172271728516,-26.48881721496582
vit_b_16,baseline,6302,8,-57.94985580444336,-24.857378005981445
vit_b_16,baseline,4690,8,-45.467533111572266,-36.841670989990234
vit_b_16,baseline,4030,8,-56.171783447265625,-29.982975006103516
vit_b_16,baseline,7596,8,-50.09033966064453,-24.153074264526367
vit_b_16,baseline,7300,8,-39.355262756347656,-27.641319274902344
vit_b_16,baseline,2355,8,-57.836463928222656,-25.48624610900879
vit_b_16,baseline,2657,8,-51.064735412597656,-33.95427703857422
vit_b_16,baseline,1002,8,-55.36848449707031,-26.886709213256836
vit_b_16,baseline,7907,8,-54.030067443847656,-23.583595275878906
vit_b_16,baseline,460,8,-44.5888557434082,-35.0965576171875
vit_b_16,baseline,4632,8,-42.34209060668945,-39.66117858886719
vit_b_16,baseline,6832,8,-43.39420700073242,-36.94940948486328
vit_b_16,baseline,5398,8,-44.9929313659668,-22.96930694580078
vit_b_16,baseline,6643,8,-39.791770935058594,-27.43224334716797
vit_b_16,baseline,6274,8,-43.315650939941406,-38.667789459228516
vit_b_16,baseline,1166,8,-39.07183837890625,-26.976266860961914
vit_b_16,baseline,5040,8,-56.26335906982422,-25.0579776763916
vit_b_16,baseline,1658,8,-51.422542572021484,-32.9760856628418
vit_b_16,baseline,6001,8,-50.1763916015625,-23.78847312927246
vit_b_16,baseline,5320,8,-44.79275894165039,-34.243003845214844
vit_b_16,baseline,2038,8,-55.03324508666992,-23.779260635375977
vit_b_16,baseline,2099,8,-52.06283187866211,-21.603822708129883
vit_b_16,baseline,6870,8,-52.920616149902344,-28.404438018798828
vit_b_16,baseline,5479,8,-41.342655181884766,-39.6236686706543
vit_b_16,baseline,266,8,-58.60869216918945,-24.495737075805664
vit_b_16,baseline,6162,8,-52.38345718383789,-24.62278175354004
vit_b_16,baseline,3816,8,-39.56378173828125,-26.30799674987793
vit_b_16,baseline,3900,8,-48.30617904663086,-22.253339767456055
vit_b_16,baseline,2059,8,-55.0529670715332,-28.154022216796875
vit_b_16,baseline,6131,8,-45.097259521484375,-32.11470031738281
vit_b_16,baseline,273,8,-52.811885833740234,-26.381643295288086
vit_b_16,baseline,1255,8,-53.31361770629883,-27.35227394104004
vit_b_16,baseline,6862,8,-42.093711853027344,-39.90338134765625
vit_b_16,baseline,7976,8,-53.72545623779297,-29.17097282409668
vit_b_16,baseline,1616,8,-57.40205764770508,-24.969148635864258
vit_b_16,baseline,602,8,-44.05885314941406,-23.800174713134766
vit_b_16,baseline,5134,8,-42.5097770690918,-38.034278869628906
vit_b_16,baseline,932,9,-26.0411434173584,25.521780014038086
vit_b_16,baseline,2674,9,-27.727319717407227,28.721853256225586
vit_b_16,baseline,5655,9,-17.99609375,21.290977478027344
vit_b_16,baseline,7705,9,-31.066068649291992,28.25062370300293
vit_b_16,baseline,952,9,-29.80219078063965,28.883617401123047
vit_b_16,baseline,1836,9,-30.305463790893555,31.38848304748535
vit_b_16,baseline,6202,9,-16.1516056060791,19.37455940246582
vit_b_16,baseline,7701,9,-18.256376266479492,7.895063400268555
vit_b_16,baseline,7147,9,-28.73102569580078,28.147077560424805
vit_b_16,baseline,243,9,-24.510717391967773,28.256494522094727
vit_b_16,baseline,7330,9,-23.338390350341797,19.447101593017578
vit_b_16,baseline,2379,9,-30.611711502075195,22.660720825195312
vit_b_16,baseline,5210,9,-14.652337074279785,20.30828285217285
vit_b_16,baseline,3103,9,-15.875694274902344,21.33336067199707
vit_b_16,baseline,7049,9,-15.343908309936523,20.880224227905273
vit_b_16,baseline,7921,9,-27.190332412719727,30.085832595825195
vit_b_16,baseline,2667,9,-29.249841690063477,25.18975830078125
vit_b_16,baseline,1240,9,-22.21588897705078,13.144183158874512
vit_b_16,baseline,2166,9,-26.376497268676758,29.035058975219727
vit_b_16,baseline,4362,9,-23.50051498413086,27.209087371826172
vit_b_16,baseline,757,9,-22.745662689208984,28.812847137451172
vit_b_16,baseline,5211,9,-20.02794075012207,11.927633285522461
vit_b_16,baseline,4049,9,-31.38306427001953,25.17856216430664
vit_b_16,baseline,5301,9,-20.833818435668945,7.347616672515869
vit_b_16,baseline,352,9,-24.525739669799805,25.998062133789062
vit_b_16,baseline,3428,9,-13.640274047851562,21.667621612548828
vit_b_16,baseline,3690,9,-27.448638916015625,4.653428077697754
vit_b_16,baseline,2682,9,-28.026193618774414,24.73809814453125
vit_b_16,baseline,7767,9,-25.798797607421875,6.096792697906494
vit_b_16,baseline,6747,9,-26.601884841918945,17.6307373046875
vit_b_16,baseline,4721,9,-20.190465927124023,18.350963592529297
vit_b_16,baseline,7654,9,-25.455041885375977,30.977136611938477
vit_b_16,baseline,3200,9,-27.59824562072754,22.75884437561035
vit_b_16,baseline,7671,9,-28.740434646606445,21.531131744384766
vit_b_16,baseline,6451,9,-20.323074340820312,27.834230422973633
vit_b_16,baseline,732,9,-25.52768898010254,27.0848445892334
vit_b_16,baseline,7845,9,-15.083141326904297,19.056306838989258
vit_b_16,baseline,6496,9,-20.161705017089844,12.844708442687988
vit_b_16,baseline,4956,9,-22.413867950439453,26.585447311401367
vit_b_16,baseline,6536,9,-28.55460548400879,29.398008346557617
vit_b_16,baseline,852,9,-24.83576774597168,28.71950912475586
vit_b_16,baseline,4320,9,-14.166021347045898,21.624168395996094
vit_b_16,baseline,5621,9,-29.022586822509766,22.89352035522461
vit_b_16,baseline,4095,9,-29.969928741455078,25.426687240600586
vit_b_16,baseline,1163,9,-29.700119018554688,27.03944206237793
vit_b_16,baseline,3249,9,-25.03961753845215,11.234015464782715
vit_b_16,baseline,2414,9,-23.36566162109375,5.082447052001953
vit_b_16,baseline,3993,9,-13.3173828125,20.98552703857422
vit_b_16,baseline,3076,9,-26.792573928833008,26.415605545043945
vit_b_16,baseline,1522,9,-28.447139739990234,25.565391540527344
vit_b_16,grey_scale,2937,0,-16.46638298034668,-18.48838233947754
vit_b_16,grey_scale,2210,0,-12.38251781463623,-34.75495147705078
vit_b_16,grey_scale,4533,0,-33.30927658081055,-17.402984619140625
vit_b_16,grey_scale,5067,0,-17.77955436706543,-16.435314178466797
vit_b_16,grey_scale,3488,0,-14.089367866516113,-37.474273681640625
vit_b_16,grey_scale,808,0,-15.045872688293457,-37.53852844238281
vit_b_16,grey_scale,298,0,-20.85978889465332,-20.557113647460938
vit_b_16,grey_scale,6817,0,-14.249336242675781,-37.199058532714844
vit_b_16,grey_scale,597,0,-33.06889724731445,-17.53641700744629
vit_b_16,grey_scale,339,0,-19.27958106994629,-32.083641052246094
vit_b_16,grey_scale,241,0,-15.704977989196777,-15.683772087097168
vit_b_16,grey_scale,6420,0,-17.64394187927246,-24.713918685913086
vit_b_16,grey_scale,422,0,-33.165706634521484,-15.23762321472168
vit_b_16,grey_scale,7782,0,-16.916488647460938,-26.795242309570312
vit_b_16,grey_scale,7869,0,-16.279430389404297,-29.007122039794922
vit_b_16,grey_scale,5999,0,-16.29570770263672,-20.317779541015625
vit_b_16,grey_scale,7975,0,-17.669519424438477,-17.533443450927734
vit_b_16,grey_scale,7101,0,-12.058893203735352,-34.405738830566406
vit_b_16,grey_scale,6762,0,-13.97338581085205,-18.60003089904785
vit_b_16,grey_scale,3999,0,-16.76128578186035,-23.402284622192383
vit_b_16,grey_scale,5255,0,-12.247371673583984,-16.213102340698242
vit_b_16,grey_scale,5276,0,-14.324665069580078,-19.556665420532227
vit_b_16,grey_scale,7165,0,-11.540349006652832,-36.56334686279297
vit_b_16,grey_scale,5624,0,-11.638236045837402,-34.70513916015625
vit_b_16,grey_scale,480,0,-11.090457916259766,-33.3575325012207
vit_b_16,grey_scale,4819,0,-17.682344436645508,-19.24632453918457
vit_b_16,grey_scale,7334,0,-17.33119773864746,-19.54151153564453
vit_b_16,grey_scale,6065,0,-15.53361701965332,-27.084209442138672
vit_b_16,grey_scale,5785,0,-14.050074577331543,-16.193105697631836
vit_b_16,grey_scale,359,0,-17.55198097229004,-36.30653381347656
vit_b_16,grey_scale,4045,0,-34.01189422607422,-17.850238800048828
vit_b_16,grey_scale,7128,0,-18.28481674194336,-23.489465713500977
vit_b_16,grey_scale,7260,0,-33.15115737915039,-16.400379180908203
vit_b_16,grey_scale,3151,0,-18.84711265563965,-24.993091583251953
vit_b_16,grey_scale,1463,0,-17.671039581298828,-25.307655334472656
vit_b_16,grey_scale,5068,0,-33.765892028808594,-15.946206092834473
vit_b_16,grey_scale,3759,0,-11.055906295776367,-34.29848861694336
vit_b_16,grey_scale,6500,0,-11.660714149475098,-32.406185150146484
vit_b_16,grey_scale,1548,0,-19.462148666381836,-17.240520477294922
vit_b_16,grey_scale,728,0,-11.801427841186523,-33.655181884765625
vit_b_16,grey_scale,5711,0,-21.820693969726562,-10.91073226928711
vit_b_16,grey_scale,1977,0,-18.674121856689453,-25.16036605834961
vit_b_16,grey_scale,3285,0,-33.549522399902344,-17.613975524902344
vit_b_16,grey_scale,6429,0,-13.137145042419434,-32.44456481933594
vit_b_16,grey_scale,60,0,-10.92454719543457,-34.53794860839844
vit_b_16,grey_scale,3397,0,-11.465867042541504,-33.33222961425781
vit_b_16,grey_scale,7430,0,-18.79417610168457,-17.916397094726562
vit_b_16,grey_scale,4982,0,-32.567317962646484,-16.921100616455078
vit_b_16,grey_scale,752,0,-13.93552303314209,-19.901931762695312
vit_b_16,grey_scale,4151,0,-17.955015182495117,-21.289350509643555
vit_b_16,grey_scale,5093,1,13.344003677368164,-26.975509643554688
vit_b_16,grey_scale,4709,1,7.334158420562744,-29.235488891601562
vit_b_16,grey_scale,3530,1,7.000988006591797,-30.14342498779297
vit_b_16,grey_scale,6068,1,10.722862243652344,-16.458415985107422
vit_b_16,grey_scale,2673,1,7.6127400398254395,-30.684553146362305
vit_b_16,grey_scale,3161,1,3.348541259765625,-29.721622467041016
vit_b_16,grey_scale,3254,1,11.087347984313965,-10.698996543884277
vit_b_16,grey_scale,7217,1,6.477496147155762,-29.448848724365234
vit_b_16,grey_scale,5546,1,-1.504150390625,-12.115992546081543
vit_b_16,grey_scale,6498,1,12.641951560974121,-6.176364421844482
vit_b_16,grey_scale,5425,1,-3.7589075565338135,-15.478928565979004
vit_b_16,grey_scale,3537,1,8.049965858459473,-28.147708892822266
vit_b_16,grey_scale,463,1,9.413954734802246,-22.87253189086914
vit_b_16,grey_scale,4733,1,17.106647491455078,-19.71717643737793
vit_b_16,grey_scale,5240,1,4.5537214279174805,-30.419416427612305
vit_b_16,grey_scale,3223,1,8.734246253967285,-32.68551254272461
vit_b_16,grey_scale,1740,1,5.1024065017700195,-19.135915756225586
vit_b_16,grey_scale,6410,1,7.573533058166504,-30.09356689453125
vit_b_16,grey_scale,3834,1,8.893674850463867,-32.2214241027832
vit_b_16,grey_scale,1302,1,9.556418418884277,-32.60314178466797
vit_b_16,grey_scale,1218,1,7.617900848388672,-10.971940040588379
vit_b_16,grey_scale,1428,1,8.210753440856934,-29.96745491027832
vit_b_16,grey_scale,564,1,8.023122787475586,-28.852588653564453
vit_b_16,grey_scale,6072,1,8.03880500793457,-30.342641830444336
vit_b_16,grey_scale,2988,1,8.7667818069458,-18.50037384033203
vit_b_16,grey_scale,3556,1,15.183621406555176,-6.857250690460205
vit_b_16,grey_scale,1053,1,1.8884928226470947,-17.259807586669922
vit_b_16,grey_scale,6880,1,12.255755424499512,-1.7659178972244263
vit_b_16,grey_scale,5830,1,-0.9771648645401001,-15.428903579711914
vit_b_16,grey_scale,5394,1,8.879849433898926,-25.03596305847168
vit_b_16,grey_scale,963,1,-6.956842422485352,-5.548722743988037
vit_b_16,grey_scale,5122,1,11.559321403503418,-16.443744659423828
vit_b_16,grey_scale,7052,1,5.972222328186035,-30.420989990234375
vit_b_16,grey_scale,1081,1,39.376644134521484,-11.685986518859863
vit_b_16,grey_scale,3588,1,11.266825675964355,-24.458824157714844
vit_b_16,grey_scale,1491,1,-0.5272822976112366,-16.22347640991211
vit_b_16,grey_scale,4188,1,0.9712544083595276,-16.243276596069336
vit_b_16,grey_scale,1353,1,7.082398414611816,-8.110819816589355
vit_b_16,grey_scale,3388,1,7.914246082305908,-31.014720916748047
vit_b_16,grey_scale,7066,1,9.763946533203125,-30.17664337158203
vit_b_16,grey_scale,275,1,0.7466989159584045,-14.239690780639648
vit_b_16,grey_scale,225,1,-3.4300851821899414,-14.430405616760254
vit_b_16,grey_scale,61,1,10.335515975952148,3.339726448059082
vit_b_16,grey_scale,5929,1,1.5623639822006226,-16.572534561157227
vit_b_16,grey_scale,3144,1,7.134237289428711,-9.554447174072266
vit_b_16,grey_scale,6982,1,9.482122421264648,-33.892635345458984
vit_b_16,grey_scale,6938,1,8.898393630981445,-32.52400207519531
vit_b_16,grey_scale,6014,1,4.914059638977051,-30.395084381103516
vit_b_16,grey_scale,4361,1,9.947689056396484,-35.58838653564453
vit_b_16,grey_scale,6022,1,5.453258514404297,-27.55466079711914
vit_b_16,grey_scale,2915,2,-59.48747634887695,6.299368858337402
vit_b_16,grey_scale,2338,2,-44.395301818847656,1.647935390472412
vit_b_16,grey_scale,7327,2,-59.0662841796875,4.054136276245117
vit_b_16,grey_scale,4201,2,-53.24502182006836,7.195202350616455
vit_b_16,grey_scale,1731,2,-52.166812896728516,2.7890827655792236
vit_b_16,grey_scale,7826,2,-49.63710403442383,6.738579273223877
vit_b_16,grey_scale,4041,2,-46.94105911254883,-0.3228766620159149
vit_b_16,grey_scale,313,2,-56.02104568481445,4.9762492179870605
vit_b_16,grey_scale,2392,2,-47.00442123413086,1.5552685260772705
vit_b_16,grey_scale,1750,2,-45.87277603149414,1.609257698059082
vit_b_16,grey_scale,6053,2,-55.89004135131836,3.537003517150879
vit_b_16,grey_scale,5463,2,-27.265907287597656,5.4075927734375
vit_b_16,grey_scale,5484,2,-47.777435302734375,12.676811218261719
vit_b_16,grey_scale,6683,2,-55.6629753112793,8.194665908813477
vit_b_16,grey_scale,2611,2,-41.86983871459961,-1.7567782402038574
vit_b_16,grey_scale,1059,2,-46.648433685302734,0.4121019244194031
vit_b_16,grey_scale,5177,2,-28.825481414794922,7.280334949493408
vit_b_16,grey_scale,6981,2,-47.1933479309082,-1.4043079614639282
vit_b_16,grey_scale,6347,2,-55.30747985839844,7.904543876647949
vit_b_16,grey_scale,6216,2,-54.96630859375,8.088220596313477
vit_b_16,grey_scale,655,2,-51.68817138671875,8.923770904541016
vit_b_16,grey_scale,7392,2,-59.06350326538086,11.179577827453613
vit_b_16,grey_scale,6548,2,-55.63002395629883,3.227137804031372
vit_b_16,grey_scale,6271,2,-45.29187774658203,13.501825332641602
vit_b_16,grey_scale,2252,2,-49.79625701904297,4.75193452835083
vit_b_16,grey_scale,3363,2,-57.69001007080078,5.3024001121521
vit_b_16,grey_scale,7843,2,-48.647789001464844,11.959792137145996
vit_b_16,grey_scale,6795,2,-45.10978698730469,13.803714752197266
vit_b_16,grey_scale,4605,2,-47.70729446411133,-0.044853467494249344
vit_b_16,grey_scale,5011,2,-46.70771026611328,2.005950689315796
vit_b_16,grey_scale,2436,2,-61.991764068603516,8.1061429977417
vit_b_16,grey_scale,3944,2,-23.584962844848633,10.44289493560791
vit_b_16,grey_scale,517,2,-41.21590042114258,1.3563936948776245
vit_b_16,grey_scale,2200,2,-46.928382873535156,4.027602195739746
vit_b_16,grey_scale,3067,2,-56.175445556640625,7.839804172515869
vit_b_16,grey_scale,5004,2,-49.268245697021484,2.7035233974456787
vit_b_16,grey_scale,6738,2,-47.51808166503906,-0.4190725088119507
vit_b_16,grey_scale,905,2,-47.70560836791992,2.754648208618164
vit_b_16,grey_scale,4316,2,-48.950382232666016,11.252674102783203
vit_b_16,grey_scale,332,2,-57.78696823120117,3.343827724456787
vit_b_16,grey_scale,2503,2,-58.40028381347656,7.333017349243164
vit_b_16,grey_scale,2748,2,-59.07704544067383,3.2424538135528564
vit_b_16,grey_scale,1179,2,-59.02748489379883,7.384208679199219
vit_b_16,grey_scale,3641,2,-49.674686431884766,8.896900177001953
vit_b_16,grey_scale,5663,2,-55.51678466796875,5.1614532470703125
vit_b_16,grey_scale,4440,2,-47.77894973754883,4.243312358856201
vit_b_16,grey_scale,2909,2,-48.63789367675781,12.11276912689209
vit_b_16,grey_scale,7711,2,-48.50825881958008,13.659765243530273
vit_b_16,grey_scale,88,2,-23.89392852783203,2.5505120754241943
vit_b_16,grey_scale,5577,2,-46.50179672241211,-1.3819167613983154
vit_b_16,grey_scale,6459,3,48.44546127319336,5.022099018096924
vit_b_16,grey_scale,4174,3,32.968929290771484,8.229281425476074
vit_b_16,grey_scale,6324,3,42.19134521484375,11.529150009155273
vit_b_16,grey_scale,2785,3,13.112659454345703,4.446571350097656
vit_b_16,grey_scale,4473,3,49.38880157470703,-0.06252160668373108
vit_b_16,grey_scale,2480,3,42.6826286315918,6.0485944747924805
vit_b_16,grey_scale,7360,3,35.598426818847656,4.102228164672852
vit_b_16,grey_scale,5976,3,38.399723052978516,-5.221860408782959
vit_b_16,grey_scale,7416,3,21.422449111938477,-1.7165367603302002
vit_b_16,grey_scale,1563,3,33.600284576416016,-23.563232421875
vit_b_16,grey_scale,2206,3,37.40110397338867,-3.4820754528045654
vit_b_16,grey_scale,5551,3,38.06427764892578,-4.24744176864624
vit_b_16,grey_scale,5635,3,34.239891052246094,13.329981803894043
vit_b_16,grey_scale,6632,3,49.15846633911133,1.8862589597702026
vit_b_16,grey_scale,7891,3,32.028987884521484,9.853301048278809
vit_b_16,grey_scale,2434,3,38.31974411010742,-4.27710485458374
vit_b_16,grey_scale,6575,3,38.36526870727539,6.491058349609375
vit_b_16,grey_scale,589,3,50.452735900878906,2.5167386531829834
vit_b_16,grey_scale,897,3,35.7839469909668,7.504730224609375
vit_b_16,grey_scale,874,3,39.80318069458008,-2.282353162765503
vit_b_16,grey_scale,1622,3,31.652334213256836,9.270852088928223
vit_b_16,grey_scale,249,3,32.932743072509766,10.412672996520996
vit_b_16,grey_scale,2360,3,38.182647705078125,16.221649169921875
vit_b_16,grey_scale,1343,3,44.962459564208984,7.4864349365234375
vit_b_16,grey_scale,4720,3,37.369789123535156,-2.680361032485962
vit_b_16,grey_scale,6385,3,36.91693878173828,-4.311527252197266
vit_b_16,grey_scale,1241,3,39.911659240722656,29.940471649169922
vit_b_16,grey_scale,495,3,29.834274291992188,6.695332050323486
vit_b_16,grey_scale,1531,3,32.8553581237793,11.044037818908691
vit_b_16,grey_scale,2454,3,32.8001823425293,0.9919605255126953
vit_b_16,grey_scale,6641,3,50.31403350830078,5.0332818031311035
vit_b_16,grey_scale,3681,3,44.831260681152344,7.802586078643799
vit_b_16,grey_scale,185,3,40.1655387878418,-4.847115993499756
vit_b_16,grey_scale,7421,3,27.65223503112793,-2.850036382675171
vit_b_16,grey_scale,6826,3,48.66880798339844,1.966592788696289
vit_b_16,grey_scale,2222,3,38.21292495727539,11.099346160888672
vit_b_16,grey_scale,1968,3,39.08289337158203,-4.019131183624268
vit_b_16,grey_scale,3202,3,38.632686614990234,-3.721693754196167
vit_b_16,grey_scale,5522,3,38.34337615966797,-3.302302122116089
vit_b_16,grey_scale,1946,3,45.16069793701172,5.050288677215576
vit_b_16,grey_scale,6094,3,32.44940185546875,10.923306465148926
vit_b_16,grey_scale,6647,3,50.16514587402344,5.093358039855957
vit_b_16,grey_scale,1187,3,37.02047348022461,-1.6333147287368774
vit_b_16,grey_scale,3375,3,34.37855911254883,12.621952056884766
vit_b_16,grey_scale,4184,3,39.32118225097656,-1.4394561052322388
vit_b_16,grey_scale,4858,3,36.22028732299805,-2.6975107192993164
vit_b_16,grey_scale,2225,3,35.546546936035156,4.194760322570801
vit_b_16,grey_scale,5294,3,36.06586837768555,-0.9777094721794128
vit_b_16,grey_scale,7527,3,22.934900283813477,-3.0650758743286133
vit_b_16,grey_scale,4856,3,33.08637237548828,10.681882858276367
vit_b_16,grey_scale,321,4,38.769676208496094,30.378517150878906
vit_b_16,grey_scale,4155,4,32.00686264038086,35.50381088256836
vit_b_16,grey_scale,3928,4,21.49469757080078,36.74895095825195
vit_b_16,grey_scale,7910,4,28.24097442626953,37.40499496459961
vit_b_16,grey_scale,1669,4,32.95268249511719,38.80046463012695
vit_b_16,grey_scale,2021,4,39.02954864501953,34.248924255371094
vit_b_16,grey_scale,3861,4,15.125286102294922,-6.715261936187744
vit_b_16,grey_scale,3339,4,30.649066925048828,33.05479049682617
vit_b_16,grey_scale,7728,4,31.68807601928711,35.86980056762695
vit_b_16,grey_scale,5181,4,32.24386978149414,33.777835845947266
vit_b_16,grey_scale,6913,4,38.38789367675781,35.662479400634766
vit_b_16,grey_scale,4089,4,41.971187591552734,29.75197410583496
vit_b_16,grey_scale,1550,4,37.79057693481445,35.140777587890625
vit_b_16,grey_scale,3890,4,31.0693416595459,34.139991760253906
vit_b_16,grey_scale,5467,4,27.943546295166016,37.32035827636719
vit_b_16,grey_scale,7661,4,27.648950576782227,37.6550407409668
vit_b_16,grey_scale,1694,4,31.57345962524414,37.48127365112305
vit_b_16,grey_scale,2064,4,37.34953308105469,36.21479415893555
vit_b_16,grey_scale,490,4,37.78448486328125,29.451818466186523
vit_b_16,grey_scale,6123,4,33.34050369262695,39.120208740234375
vit_b_16,grey_scale,5888,4,38.4898567199707,34.86671447753906
vit_b_16,grey_scale,6441,4,38.86129379272461,31.001867294311523
vit_b_16,grey_scale,7054,4,40.70111846923828,31.348426818847656
vit_b_16,grey_scale,2125,4,32.47028732299805,33.27705001831055
vit_b_16,grey_scale,1592,4,29.559276580810547,36.12725067138672
vit_b_16,grey_scale,7154,4,38.44881057739258,35.26902770996094
vit_b_16,grey_scale,1223,4,29.97878074645996,37.261199951171875
vit_b_16,grey_scale,4384,4,37.916236877441406,32.09080123901367
vit_b_16,grey_scale,3069,4,29.495222091674805,34.18026351928711
vit_b_16,grey_scale,4262,4,25.292606353759766,36.48932647705078
vit_b_16,grey_scale,2653,4,30.262264251708984,37.96916961669922
vit_b_16,grey_scale,1209,4,30.712242126464844,36.54347229003906
vit_b_16,grey_scale,5765,4,42.18764877319336,32.95302963256836
vit_b_16,grey_scale,3078,4,40.03630447387695,31.815311431884766
vit_b_16,grey_scale,2862,4,42.09065628051758,29.406320571899414
vit_b_16,grey_scale,5708,4,37.36951446533203,29.049949645996094
vit_b_16,grey_scale,4616,4,12.853358268737793,24.917539596557617
vit_b_16,grey_scale,3444,4,31.358163833618164,37.57608413696289
vit_b_16,grey_scale,650,4,-0.8147674202919006,-11.032692909240723
vit_b_16,grey_scale,1050,4,29.752317428588867,37.62434768676758
vit_b_16,grey_scale,7387,4,3.732032537460327,34.347206115722656
vit_b_16,grey_scale,3012,4,42.24466323852539,30.53008460998535
vit_b_16,grey_scale,51,4,39.76566696166992,30.564599990844727
vit_b_16,grey_scale,6587,4,30.87045669555664,34.792579650878906
vit_b_16,grey_scale,6122,4,39.84967803955078,32.52012252807617
vit_b_16,grey_scale,1011,4,31.22420310974121,35.022979736328125
vit_b_16,grey_scale,7574,4,30.730037689208984,37.571659088134766
vit_b_16,grey_scale,4006,4,29.58973503112793,35.842586517333984
vit_b_16,grey_scale,2875,4,31.87434196472168,37.918251037597656
vit_b_16,grey_scale,3568,4,38.37390899658203,27.494915008544922
vit_b_16,grey_scale,3825,5,22.10770606994629,-3.8164703845977783
vit_b_16,grey_scale,2451,5,11.679978370666504,4.2310791015625
vit_b_16,grey_scale,533,5,15.425556182861328,10.293049812316895
vit_b_16,grey_scale,6959,5,12.26448917388916,24.431339263916016
vit_b_16,grey_scale,6376,5,9.554644584655762,8.799337387084961
vit_b_16,grey_scale,3625,5,-3.9096484184265137,16.32103729248047
vit_b_16,grey_scale,5603,5,5.015699863433838,4.681711196899414
vit_b_16,grey_scale,1715,5,19.797422409057617,8.591265678405762
vit_b_16,grey_scale,7577,5,10.654921531677246,23.7830810546875
vit_b_16,grey_scale,4917,5,7.722931861877441,3.127018451690674
vit_b_16,grey_scale,6930,5,21.074317932128906,5.193274021148682
vit_b_16,grey_scale,78,5,20.628131866455078,8.539210319519043
vit_b_16,grey_scale,123,5,-3.5487332344055176,16.755414962768555
vit_b_16,grey_scale,7179,5,22.184938430786133,-9.377781867980957
vit_b_16,grey_scale,5234,5,11.104844093322754,24.00264549255371
vit_b_16,grey_scale,1057,5,8.782094955444336,2.481659412384033
vit_b_16,grey_scale,5288,5,4.0858025550842285,4.183498382568359
vit_b_16,grey_scale,1677,5,15.222944259643555,-0.3761720061302185
vit_b_16,grey_scale,4526,5,20.278003692626953,3.409925937652588
vit_b_16,grey_scale,6019,5,3.196282386779785,6.6901021003723145
vit_b_16,grey_scale,7672,5,-0.6587299108505249,14.29807186126709
vit_b_16,grey_scale,840,5,-3.241502285003662,17.174192428588867
vit_b_16,grey_scale,4870,5,22.86334800720215,-5.818167209625244
vit_b_16,grey_scale,162,5,11.473726272583008,24.675880432128906
vit_b_16,grey_scale,1361,5,23.491750717163086,-6.027196407318115
vit_b_16,grey_scale,5281,5,22.822338104248047,-7.483269214630127
vit_b_16,grey_scale,2332,5,11.133270263671875,24.29521942138672
vit_b_16,grey_scale,6822,5,12.938223838806152,0.36486852169036865
vit_b_16,grey_scale,2453,5,20.1387996673584,7.932150363922119
vit_b_16,grey_scale,6970,5,17.27254295349121,5.29356050491333
vit_b_16,grey_scale,39,5,16.70892906188965,8.080697059631348
vit_b_16,grey_scale,7429,5,15.297863960266113,10.791492462158203
vit_b_16,grey_scale,3892,5,15.849859237670898,10.335570335388184
vit_b_16,grey_scale,5794,5,10.22415542602539,15.694609642028809
vit_b_16,grey_scale,7343,5,10.70061206817627,24.90009117126465
vit_b_16,grey_scale,5646,5,22.061710357666016,-8.139204025268555
vit_b_16,grey_scale,3080,5,8.750249862670898,8.278779029846191
vit_b_16,grey_scale,6989,5,19.214509963989258,7.642622947692871
vit_b_16,grey_scale,4265,5,23.293354034423828,-8.79226016998291
vit_b_16,grey_scale,5687,5,14.799365043640137,10.942965507507324
vit_b_16,grey_scale,567,5,-2.961087703704834,16.602197647094727
vit_b_16,grey_scale,4862,5,18.3124942779541,8.34895133972168
vit_b_16,grey_scale,5767,5,-3.4745547771453857,16.080459594726562
vit_b_16,grey_scale,4597,5,8.650967597961426,9.89305591583252
vit_b_16,grey_scale,4966,5,10.954937934875488,1.598583459854126
vit_b_16,grey_scale,5417,5,12.476125717163086,25.168670654296875
vit_b_16,grey_scale,1823,5,21.023845672607422,-7.380259037017822
vit_b_16,grey_scale,7771,5,9.052417755126953,9.30660629272461
vit_b_16,grey_scale,1889,5,5.865795135498047,3.381169319152832
vit_b_16,grey_scale,1010,5,20.639190673828125,3.6906840801239014
vit_b_16,grey_scale,6614,6,3.5765867233276367,40.53243637084961
vit_b_16,grey_scale,813,6,-5.73885440826416,43.86874771118164
vit_b_16,grey_scale,2485,6,5.559981822967529,47.9145393371582
vit_b_16,grey_scale,4430,6,6.226827144622803,48.40363311767578
vit_b_16,grey_scale,6485,6,4.928645610809326,49.80875015258789
vit_b_16,grey_scale,1770,6,-6.628159046173096,42.861331939697266
vit_b_16,grey_scale,2201,6,-5.536257266998291,40.173667907714844
vit_b_16,grey_scale,3193,6,11.16397476196289,47.86343765258789
vit_b_16,grey_scale,3628,6,8.968016624450684,17.986223220825195
vit_b_16,grey_scale,2647,6,12.18724250793457,46.78704833984375
vit_b_16,grey_scale,1890,6,5.464474678039551,51.01818084716797
vit_b_16,grey_scale,5986,6,-6.561681747436523,43.73125457763672
vit_b_16,grey_scale,1330,6,6.2619547843933105,48.37472152709961
vit_b_16,grey_scale,6746,6,-4.774271488189697,44.23535919189453
vit_b_16,grey_scale,7622,6,-5.0456647872924805,43.9112434387207
vit_b_16,grey_scale,7962,6,-6.407467365264893,44.11193084716797
vit_b_16,grey_scale,7745,6,12.97901439666748,48.03116989135742
vit_b_16,grey_scale,2566,6,-3.9278013706207275,40.03639602661133
vit_b_16,grey_scale,19,6,-3.9038310050964355,41.29389572143555
vit_b_16,grey_scale,6411,6,14.296440124511719,39.14039611816406
vit_b_16,grey_scale,2561,6,13.38052749633789,43.62805938720703
vit_b_16,grey_scale,3418,6,12.87840747833252,47.802005767822266
vit_b_16,grey_scale,5854,6,4.365839004516602,49.067344665527344
vit_b_16,grey_scale,3802,6,6.048222541809082,50.57243347167969
vit_b_16,grey_scale,4685,6,-4.427526473999023,42.590423583984375
vit_b_16,grey_scale,4251,6,12.931777000427246,44.85363006591797
vit_b_16,grey_scale,4798,6,17.860578536987305,39.26084518432617
vit_b_16,grey_scale,2565,6,5.386219024658203,50.00435256958008
vit_b_16,grey_scale,4476,6,12.67471694946289,30.26865577697754
vit_b_16,grey_scale,2969,6,5.063150882720947,48.24431610107422
vit_b_16,grey_scale,3661,6,0.9512012004852295,41.38627624511719
vit_b_16,grey_scale,629,6,13.956910133361816,39.4713020324707
vit_b_16,grey_scale,5722,6,-5.837860584259033,40.48234558105469
vit_b_16,grey_scale,6790,6,4.822594165802002,49.56283187866211
vit_b_16,grey_scale,6920,6,-2.9552860260009766,44.28435516357422
vit_b_16,grey_scale,6154,6,-6.267247676849365,44.108360290527344
vit_b_16,grey_scale,3137,6,4.339960098266602,50.29106903076172
vit_b_16,grey_scale,4411,6,1.1344417333602905,50.000186920166016
vit_b_16,grey_scale,1912,6,3.7732925415039062,49.85283279418945
vit_b_16,grey_scale,7108,6,-3.303654670715332,39.28090286254883
vit_b_16,grey_scale,1077,6,3.558414936065674,49.8780632019043
vit_b_16,grey_scale,432,6,11.729780197143555,47.596622467041016
vit_b_16,grey_scale,1481,6,-2.098867177963257,43.971397399902344
vit_b_16,grey_scale,7187,6,14.115615844726562,39.25377655029297
vit_b_16,grey_scale,4746,6,11.767688751220703,47.99222946166992
vit_b_16,grey_scale,5732,6,12.5358247756958,44.31443405151367
vit_b_16,grey_scale,1157,6,-19.75157356262207,-10.834371566772461
vit_b_16,grey_scale,4968,6,11.671838760375977,46.76836395263672
vit_b_16,grey_scale,4869,6,4.7818474769592285,41.497039794921875
vit_b_16,grey_scale,760,6,14.281100273132324,37.77946090698242
vit_b_16,grey_scale,864,7,51.52510452270508,-24.452289581298828
vit_b_16,grey_scale,2982,7,51.82110595703125,-24.620580673217773
vit_b_16,grey_scale,7778,7,46.439414978027344,-37.749610900878906
vit_b_16,grey_scale,6876,7,43.26460647583008,-31.22943687438965
vit_b_16,grey_scale,2756,7,43.5329704284668,-31.18788719177246
vit_b_16,grey_scale,6225,7,29.48451805114746,-45.46068572998047
vit_b_16,grey_scale,1514,7,29.27931785583496,-44.804325103759766
vit_b_16,grey_scale,4951,7,40.994014739990234,-29.71293067932129
vit_b_16,grey_scale,7608,7,44.041748046875,-36.52867126464844
vit_b_16,grey_scale,7769,7,42.61773681640625,-37.196495056152344
vit_b_16,grey_scale,3590,7,51.01219177246094,-26.967222213745117
vit_b_16,grey_scale,2808,7,46.31989288330078,-38.109981536865234
vit_b_16,grey_scale,230,7,42.85387420654297,-35.77712631225586
vit_b_16,grey_scale,2787,7,30.26530647277832,-43.811100006103516
vit_b_16,grey_scale,4080,7,40.855812072753906,-37.88405990600586
vit_b_16,grey_scale,6301,7,42.924354553222656,-27.694414138793945
vit_b_16,grey_scale,6840,7,39.66871643066406,-26.66505241394043
vit_b_16,grey_scale,6882,7,38.3238525390625,-33.323890686035156
vit_b_16,grey_scale,1473,7,38.924591064453125,-30.518024444580078
vit_b_16,grey_scale,1237,7,51.16389465332031,-24.921926498413086
vit_b_16,grey_scale,6869,7,39.6730842590332,-26.533893585205078
vit_b_16,grey_scale,1656,7,28.950536727905273,-47.139610290527344
vit_b_16,grey_scale,493,7,41.105857849121094,-37.00008010864258
vit_b_16,grey_scale,6663,7,51.60651397705078,-24.08949089050293
vit_b_16,grey_scale,2100,7,47.681793212890625,-26.642486572265625
vit_b_16,grey_scale,6725,7,42.113746643066406,-35.143470764160156
vit_b_16,grey_scale,4773,7,40.01095199584961,-27.020292282104492
vit_b_16,grey_scale,2207,7,44.477813720703125,-30.592042922973633
vit_b_16,grey_scale,1122,7,42.583221435546875,-26.790088653564453
vit_b_16,grey_scale,7695,7,46.56562042236328,-26.74175262451172
vit_b_16,grey_scale,2063,7,25.04424476623535,-42.300113677978516
vit_b_16,grey_scale,5697,7,40.124351501464844,-31.272367477416992
vit_b_16,grey_scale,2581,7,39.06041717529297,-29.38364601135254
vit_b_16,grey_scale,5995,7,43.04768753051758,-35.60219955444336
vit_b_16,grey_scale,1985,7,28.731794357299805,-47.413299560546875
vit_b_16,grey_scale,2773,7,51.897499084472656,-26.548368453979492
vit_b_16,grey_scale,6322,7,42.43589401245117,-31.97621726989746
vit_b_16,grey_scale,3411,7,45.99186325073242,-26.74358367919922
vit_b_16,grey_scale,6149,7,28.10582733154297,-47.58065414428711
vit_b_16,grey_scale,7505,7,43.16691970825195,-36.68943405151367
vit_b_16,grey_scale,6374,7,27.62399673461914,-48.39637756347656
vit_b_16,grey_scale,57,7,43.18352127075195,-36.113677978515625
vit_b_16,grey_scale,4441,7,42.42550277709961,-29.10674285888672
vit_b_16,grey_scale,3581,7,45.64057159423828,-37.280120849609375
vit_b_16,grey_scale,5586,7,28.50954818725586,-46.57984161376953
vit_b_16,grey_scale,3140,7,27.52838134765625,-47.55339050292969
vit_b_16,grey_scale,5535,7,42.49170684814453,-31.29526138305664
vit_b_16,grey_scale,1224,7,46.45064926147461,-37.59593963623047
vit_b_16,grey_scale,680,7,26.971435546875,-41.72245407104492
vit_b_16,grey_scale,3230,7,48.72635269165039,-27.167278289794922
vit_b_16,grey_scale,6797,8,-46.621219635009766,-29.472740173339844
vit_b_16,grey_scale,7508,8,-50.69758224487305,-31.233530044555664
vit_b_16,grey_scale,6365,8,-41.629085540771484,-36.115455627441406
vit_b_16,grey_scale,4058,8,-53.1221923828125,-30.07147216796875
vit_b_16,grey_scale,6110,8,-40.10411071777344,-37.846961975097656
vit_b_16,grey_scale,2335,8,-41.039878845214844,-38.939117431640625
vit_b_16,grey_scale,4844,8,-48.25331497192383,-29.86644744873047
vit_b_16,grey_scale,3479,8,-38.204368591308594,-26.58884620666504
vit_b_16,grey_scale,4876,8,-41.13230895996094,-38.32822799682617
vit_b_16,grey_scale,3551,8,-49.53795623779297,-29.927167892456055
vit_b_16,grey_scale,4072,8,-51.06636428833008,-31.194978713989258
vit_b_16,grey_scale,5959,8,-44.016517639160156,-30.275197982788086
vit_b_16,grey_scale,4655,8,-53.60185623168945,-29.76694107055664
vit_b_16,grey_scale,6302,8,-56.52964401245117,-29.717256546020508
vit_b_16,grey_scale,4690,8,-47.622806549072266,-30.63756561279297
vit_b_16,grey_scale,4030,8,-55.9864501953125,-30.628488540649414
vit_b_16,grey_scale,7596,8,-49.21100616455078,-29.8040828704834
vit_b_16,grey_scale,7300,8,-38.3052864074707,-27.607913970947266
vit_b_16,grey_scale,2355,8,-58.65150833129883,-26.085025787353516
vit_b_16,grey_scale,2657,8,-50.898807525634766,-33.58773422241211
vit_b_16,grey_scale,1002,8,-50.091888427734375,-31.605976104736328
vit_b_16,grey_scale,7907,8,-53.52239990234375,-23.859054565429688
vit_b_16,grey_scale,460,8,-44.37905502319336,-34.47013473510742
vit_b_16,grey_scale,4632,8,-40.387813568115234,-38.48906707763672
vit_b_16,grey_scale,6832,8,-39.774696350097656,-38.14558792114258
vit_b_16,grey_scale,5398,8,-44.469722747802734,-30.156105041503906
vit_b_16,grey_scale,6643,8,-38.774532318115234,-27.55906867980957
vit_b_16,grey_scale,6274,8,-38.943016052246094,-38.39576721191406
vit_b_16,grey_scale,1166,8,-37.987403869628906,-27.09146499633789
vit_b_16,grey_scale,5040,8,-51.24000930786133,-32.075653076171875
vit_b_16,grey_scale,1658,8,-50.97554016113281,-32.62258529663086
vit_b_16,grey_scale,6001,8,-47.48349380493164,-29.321922302246094
vit_b_16,grey_scale,5320,8,-52.034027099609375,-30.074039459228516
vit_b_16,grey_scale,2038,8,-48.99616241455078,-29.265588760375977
vit_b_16,grey_scale,2099,8,-52.443790435791016,-21.656553268432617
vit_b_16,grey_scale,6870,8,-52.37645721435547,-29.62752342224121
vit_b_16,grey_scale,5479,8,-40.02791213989258,-38.94426345825195
vit_b_16,grey_scale,266,8,-59.07326126098633,-25.47747230529785
vit_b_16,grey_scale,6162,8,-49.07676696777344,-28.885848999023438
vit_b_16,grey_scale,3816,8,-38.23657989501953,-26.900781631469727
vit_b_16,grey_scale,3900,8,-50.06101608276367,-31.782062530517578
vit_b_16,grey_scale,2059,8,-54.791038513183594,-28.826854705810547
vit_b_16,grey_scale,6131,8,-44.8212890625,-31.920185089111328
vit_b_16,grey_scale,273,8,-51.750205993652344,-30.559547424316406
vit_b_16,grey_scale,1255,8,-44.67701721191406,-30.274892807006836
vit_b_16,grey_scale,6862,8,-40.24100112915039,-39.29473114013672
vit_b_16,grey_scale,7976,8,-49.667728424072266,-30.602705001831055
vit_b_16,grey_scale,1616,8,-58.691349029541016,-26.854333877563477
vit_b_16,grey_scale,602,8,-42.25870895385742,-22.601409912109375
vit_b_16,grey_scale,5134,8,-40.681663513183594,-37.24013137817383
vit_b_16,grey_scale,932,9,-26.600374221801758,27.23039436340332
vit_b_16,grey_scale,2674,9,-28.181753158569336,30.672557830810547
vit_b_16,grey_scale,5655,9,-17.865875244140625,20.795122146606445
vit_b_16,grey_scale,7705,9,-30.947620391845703,28.40597152709961
vit_b_16,grey_scale,952,9,-29.86020278930664,29.4923038482666
vit_b_16,grey_scale,1836,9,-28.73873519897461,31.286958694458008
vit_b_16,grey_scale,6202,9,-17.628908157348633,19.496257781982422
vit_b_16,grey_scale,7701,9,-18.403762817382812,7.913600444793701
vit_b_16,grey_scale,7147,9,-28.05562400817871,27.225296020507812
vit_b_16,grey_scale,243,9,-24.922359466552734,30.098182678222656
vit_b_16,grey_scale,7330,9,-23.139511108398438,19.480546951293945
vit_b_16,grey_scale,2379,9,-25.768966674804688,21.62445068359375
vit_b_16,grey_scale,5210,9,-16.811655044555664,20.369260787963867
vit_b_16,grey_scale,3103,9,-17.01931381225586,20.460783004760742
vit_b_16,grey_scale,7049,9,-16.614124298095703,20.630098342895508
vit_b_16,grey_scale,7921,9,-26.748868942260742,31.01238441467285
vit_b_16,grey_scale,2667,9,-29.534088134765625,26.13155746459961
vit_b_16,grey_scale,1240,9,-22.308507919311523,12.38677978515625
vit_b_16,grey_scale,2166,9,-27.13623046875,28.925945281982422
vit_b_16,grey_scale,4362,9,-24.01218605041504,29.498838424682617
vit_b_16,grey_scale,757,9,-22.619827270507812,28.754016876220703
vit_b_16,grey_scale,5211,9,-20.42291259765625,12.167844772338867
vit_b_16,grey_scale,4049,9,-31.463727951049805,25.424318313598633
vit_b_16,grey_scale,5301,9,-21.16115379333496,7.322410583496094
vit_b_16,grey_scale,352,9,-23.627872467041016,25.63738441467285
vit_b_16,grey_scale,3428,9,-13.764217376708984,20.90228271484375
vit_b_16,grey_scale,3690,9,-26.523767471313477,4.030736446380615
vit_b_16,grey_scale,2682,9,-25.79802894592285,23.533056259155273
vit_b_16,grey_scale,7767,9,-25.069013595581055,6.116337299346924
vit_b_16,grey_scale,6747,9,-26.583362579345703,17.700042724609375
vit_b_16,grey_scale,4721,9,-19.914962768554688,18.6397647857666
vit_b_16,grey_scale,7654,9,-25.389741897583008,32.47049331665039
vit_b_16,grey_scale,3200,9,-26.001901626586914,22.452346801757812
vit_b_16,grey_scale,7671,9,-28.124242782592773,21.499984741210938
vit_b_16,grey_scale,6451,9,-20.32295036315918,27.834257125854492
vit_b_16,grey_scale,732,9,-26.336647033691406,27.832073211669922
vit_b_16,grey_scale,7845,9,-17.154640197753906,18.80127716064453
vit_b_16,grey_scale,6496,9,-20.299345016479492,12.838157653808594
vit_b_16,grey_scale,4956,9,-22.384002685546875,27.808691024780273
vit_b_16,grey_scale,6536,9,-28.545249938964844,30.142215728759766
vit_b_16,grey_scale,852,9,-24.37444496154785,29.387269973754883
vit_b_16,grey_scale,4320,9,-14.618480682373047,21.508926391601562
vit_b_16,grey_scale,5621,9,-26.42598533630371,22.28194236755371
vit_b_16,grey_scale,4095,9,-30.1439208984375,26.056739807128906
vit_b_16,grey_scale,1163,9,-29.751773834228516,27.519493103027344
vit_b_16,grey_scale,3249,9,-24.367626190185547,10.741414070129395
vit_b_16,grey_scale,2414,9,-24.061662673950195,4.805255889892578
vit_b_16,grey_scale,3993,9,-13.675542831420898,20.19975471496582
vit_b_16,grey_scale,3076,9,-27.382150650024414,27.8338680267334
vit_b_16,grey_scale,1522,9,-28.186155319213867,26.491802215576172
vit_b_16,cue_conflict,c0_s1_0000_7975_3588,0,-9.016775131225586,-8.638407707214355
vit_b_16,cue_conflict,c0_s1_0001_6500_5425,0,-15.0012845993042,-27.677465438842773
vit_b_16,cue_conflict,c0_s1_0002_359_3161,0,-18.378427505493164,-36.462684631347656
vit_b_16,cue_conflict,c0_s1_0003_808_6982,0,-6.363894462585449,-10.638463973999023
vit_b_16,cue_conflict,c0_s1_0004_422_5240,0,-5.375959873199463,-4.112532138824463
vit_b_16,cue_conflict,c0_s1_0005_7782_4188,0,-10.482089042663574,-11.339673042297363
vit_b_16,cue_conflict,c0_s1_0009_5067_5093,0,-6.9873046875,-10.18410873413086
vit_b_16,cue_conflict,c0_s1_0010_5276_1428,0,-12.167612075805664,-14.23150634765625
vit_b_16,cue_conflict,c0_s1_0011_298_4361,0,-13.697674751281738,-9.741015434265137
vit_b_16,cue_conflict,c0_s1_0012_480_4188,0,-13.335772514343262,-28.989683151245117
vit_b_16,cue_conflict,c0_s1_0013_5068_6498,0,-33.77796173095703,-13.99392032623291
vit_b_16,cue_conflict,c0_s1_0014_5068_564,0,-33.5309944152832,-13.858863830566406
vit_b_16,cue_conflict,c0_s1_0015_241_1428,0,-8.210556030273438,-10.004647254943848
vit_b_16,cue_conflict,c0_s1_0016_1463_3530,0,-17.230022430419922,-21.630661010742188
vit_b_16,cue_conflict,c0_s1_0017_2937_5394,0,-11.074871063232422,-10.100434303283691
vit_b_16,cue_conflict,c0_s1_0018_5624_5830,0,-13.265453338623047,-28.835142135620117
vit_b_16,cue_conflict,c0_s1_0020_5068_4709,0,-10.022163391113281,-4.489715576171875
vit_b_16,cue_conflict,c0_s1_0022_1463_3834,0,-6.465786457061768,-10.367005348205566
vit_b_16,cue_conflict,c0_s1_0023_241_6410,0,-8.394448280334473,-10.489374160766602
vit_b_16,cue_conflict,c0_s1_0024_5785_1428,0,-12.981661796569824,-13.926822662353516
vit_b_16,cue_conflict,c1_s0_0000_6014_4533,1,3.9041097164154053,-28.450162887573242
vit_b_16,cue_conflict,c1_s0_0001_3144_7165,1,6.939578533172607,-9.57945728302002
vit_b_16,cue_conflict,c1_s0_0002_963_7334,1,-7.125126361846924,-9.051594734191895
vit_b_16,cue_conflict,c1_s0_0003_1428_3999,1,-5.39336633682251,-9.711047172546387
vit_b_16,cue_conflict,c1_s0_0005_4709_2210,1,4.856412887573242,-23.779233932495117
vit_b_16,cue_conflict,c1_s0_0008_4188_7334,1,-5.079561710357666,-10.660940170288086
vit_b_16,cue_conflict,c1_s0_0010_5830_3999,1,-4.551137447357178,-13.927868843078613
vit_b_16,cue_conflict,c1_s0_0011_2988_339,1,9.479557037353516,-18.77488136291504
vit_b_16,cue_conflict,c1_s0_0012_5546_60,1,-3.9262514114379883,-12.307052612304688
vit_b_16,cue_conflict,c1_s0_0013_1218_5276,1,11.767145156860352,-18.277935028076172
vit_b_16,cue_conflict,c1_s0_0014_3161_728,1,-0.852933943271637,-6.1883978843688965
vit_b_16,cue_conflict,c1_s0_0015_5929_3759,1,4.643281936645508,-18.062389373779297
vit_b_16,cue_conflict,c1_s0_0016_1302_7975,1,12.296083450317383,-32.58081817626953
vit_b_16,cue_conflict,c1_s0_0017_5425_60,1,-4.116241931915283,-13.203291893005371
vit_b_16,cue_conflict,c1_s0_0018_963_3397,1,-7.44542932510376,-8.630593299865723
vit_b_16,cue_conflict,c1_s0_0020_3834_298,1,4.85038423538208,-24.171010971069336
vit_b_16,cue_conflict,c1_s0_0021_5929_4533,1,-2.738093376159668,-10.452462196350098
vit_b_16,cue_conflict,c1_s0_0022_1353_1977,1,-4.936625003814697,-12.825846672058105
vit_b_16,cue_conflict,c1_s0_0023_4709_60,1,5.5171589851379395,-23.606964111328125
vit_b_16,cue_conflict,c1_s0_0024_225_3999,1,-5.102112770080566,-13.07614517211914
vit_b_16,cue_conflict,c1_s2_0000_1740_6683,1,4.547544002532959,-18.502321243286133
vit_b_16,cue_conflict,c1_s2_0001_225_5577,1,-5.561671257019043,-12.592622756958008
vit_b_16,cue_conflict,c1_s2_0002_6022_7711,1,4.772375583648682,-26.061059951782227
vit_b_16,cue_conflict,c1_s2_0003_5546_6683,1,-4.096793174743652,-11.821229934692383
vit_b_16,cue_conflict,c1_s2_0004_5240_2436,1,4.680119037628174,-24.478702545166016
vit_b_16,cue_conflict,c1_s2_0006_7066_3067,1,-6.207451820373535,-8.99560832977295
vit_b_16,cue_conflict,c1_s2_0007_1428_5463,1,6.228920936584473,-23.55833625793457
vit_b_16,cue_conflict,c1_s2_0009_2988_7327,1,9.704859733581543,-18.935457229614258
vit_b_16,cue_conflict,c1_s2_0010_5093_2909,1,6.292980670928955,-24.761207580566406
vit_b_16,cue_conflict,c1_s2_0011_1740_1179,1,-4.465539455413818,-9.834534645080566
vit_b_16,cue_conflict,c1_s2_0012_6014_6548,1,4.2892374992370605,-24.901609420776367
vit_b_16,cue_conflict,c1_s2_0014_5425_6548,1,-8.522184371948242,-12.446682929992676
vit_b_16,cue_conflict,c1_s2_0015_5929_2252,1,-3.3302841186523438,-10.340323448181152
vit_b_16,cue_conflict,c1_s2_0016_3537_6795,1,3.468973398208618,-22.800569534301758
vit_b_16,cue_conflict,c1_s2_0017_2673_313,1,3.6384074687957764,-21.586803436279297
vit_b_16,cue_conflict,c1_s2_0018_3530_2611,1,5.435475826263428,-32.6921501159668
vit_b_16,cue_conflict,c1_s2_0019_275_6548,1,-7.734467029571533,-12.605996131896973
vit_b_16,cue_conflict,c1_s2_0021_5093_6738,1,6.274871349334717,-24.75104522705078
vit_b_16,cue_conflict,c1_s2_0022_275_2915,1,-5.346147060394287,-11.900521278381348
vit_b_16,cue_conflict,c1_s2_0024_225_4316,1,-4.961863994598389,-13.305098533630371
vit_b_16,cue_conflict,c2_s1_0000_7392_3588,2,-53.3886604309082,15.169897079467773
vit_b_16,cue_conflict,c2_s1_0001_5011_5929,2,-53.33671188354492,12.851397514343262
vit_b_16,cue_conflict,c2_s1_0002_6216_4733,2,-52.77120590209961,13.895318984985352
vit_b_16,cue_conflict,c2_s1_0004_2436_1302,2,-52.06358337402344,14.224946975708008
vit_b_16,cue_conflict,c2_s1_0005_2611_5425,2,-42.583168029785156,-2.2627437114715576
vit_b_16,cue_conflict,c2_s1_0006_2392_3161,2,-53.837562561035156,10.608360290527344
vit_b_16,cue_conflict,c2_s1_0007_1731_4709,2,-54.21370315551758,13.36111068725586
vit_b_16,cue_conflict,c2_s1_0008_1179_6938,2,-56.969173431396484,10.325690269470215
vit_b_16,cue_conflict,c2_s1_0009_6548_1428,2,-52.087684631347656,14.137029647827148
vit_b_16,cue_conflict,c2_s1_0010_1731_6498,2,-54.39337921142578,12.915972709655762
vit_b_16,cue_conflict,c2_s1_0012_4605_7066,2,-53.30598068237305,11.92957592010498
vit_b_16,cue_conflict,c2_s1_0013_1179_3588,2,-57.943138122558594,9.180048942565918
vit_b_16,cue_conflict,c2_s1_0014_2503_3530,2,-60.13948440551758,9.284316062927246
vit_b_16,cue_conflict,c2_s1_0015_5577_5093,2,-46.89415740966797,-4.03244161605835
vit_b_16,cue_conflict,c2_s1_0016_6981_3254,2,-48.019989013671875,-2.9853124618530273
vit_b_16,cue_conflict,c2_s1_0018_3067_3834,2,-54.62665939331055,10.901495933532715
vit_b_16,cue_conflict,c2_s1_0019_6738_1081,2,-48.36159896850586,-0.5121148824691772
vit_b_16,cue_conflict,c2_s1_0022_2611_7066,2,-13.841085433959961,-9.648260116577148
vit_b_16,cue_conflict,c2_s1_0023_5004_3161,2,-54.280250549316406,12.468687057495117
vit_b_16,cue_conflict,c2_s1_0024_1179_6072,2,-57.012325286865234,10.245356559753418
vit_b_16,cue_conflict,c1_s3_0001_6938_6094,1,7.150882244110107,-33.798927307128906
vit_b_16,cue_conflict,c1_s3_0002_4733_3375,1,17.273815155029297,-18.702617645263672
vit_b_16,cue_conflict,c1_s3_0003_3388_3375,1,11.989961624145508,-19.974552154541016
vit_b_16,cue_conflict,c1_s3_0004_5425_897,1,-7.234335899353027,-10.654317855834961
vit_b_16,cue_conflict,c1_s3_0005_3223_2785,1,3.603287696838379,-22.476722717285156
vit_b_16,cue_conflict,c1_s3_0006_1081_1563,1,-4.687385559082031,-5.738107681274414
vit_b_16,cue_conflict,c1_s3_0007_6068_6459,1,10.157689094543457,-18.525890350341797
vit_b_16,cue_conflict,c1_s3_0008_1491_6094,1,-0.25226372480392456,-15.7582426071167
vit_b_16,cue_conflict,c1_s3_0009_1353_1531,1,-6.455487251281738,-8.513885498046875
vit_b_16,cue_conflict,c1_s3_0010_4709_1622,1,6.7989020347595215,-28.377378463745117
vit_b_16,cue_conflict,c1_s3_0011_5830_6385,1,-1.7186198234558105,-15.4771089553833
vit_b_16,cue_conflict,c1_s3_0013_5394_5294,1,9.448054313659668,-24.03238296508789
vit_b_16,cue_conflict,c1_s3_0014_4361_6632,1,-3.757455587387085,-9.2769775390625
vit_b_16,cue_conflict,c1_s3_0015_5122_1968,1,11.805929183959961,-16.646148681640625
vit_b_16,cue_conflict,c1_s3_0016_3161_1968,1,-4.800633430480957,-4.546799659729004
vit_b_16,cue_conflict,c1_s3_0019_7066_874,1,4.361606121063232,-23.37211036682129
vit_b_16,cue_conflict,c1_s3_0020_3144_4184,1,7.198178291320801,-9.736180305480957
vit_b_16,cue_conflict,c1_s3_0021_2988_3202,1,9.759182929992676,-19.22767448425293
vit_b_16,cue_conflict,c1_s3_0022_6022_6575,1,6.154562473297119,-25.811620712280273
vit_b_16,cue_conflict,c1_s3_0024_6498_6324,1,12.447336196899414,-6.463537216186523
vit_b_16,cue_conflict,c3_s1_0000_1563_6938,3,33.562591552734375,-23.859886169433594
vit_b_16,cue_conflict,c3_s1_0001_3202_6938,3,33.9724235534668,-4.555313587188721
vit_b_16,cue_conflict,c3_s1_0002_5522_6498,3,33.27621841430664,-4.944836616516113
vit_b_16,cue_conflict,c3_s1_0004_589_1302,3,-4.880130767822266,-5.350346088409424
vit_b_16,cue_conflict,c3_s1_0006_6385_2988,3,36.581207275390625,-5.477392673492432
vit_b_16,cue_conflict,c3_s1_0007_4858_6498,3,31.68498420715332,-5.6158127784729
vit_b_16,cue_conflict,c3_s1_0008_6324_1302,3,42.85948944091797,12.646066665649414
vit_b_16,cue_conflict,c3_s1_0009_6826_6498,3,-8.371082305908203,-3.6731414794921875
vit_b_16,cue_conflict,c3_s1_0010_2785_6068,3,13.484318733215332,5.644158363342285
vit_b_16,cue_conflict,c3_s1_0011_3375_225,3,-6.981367111206055,-6.601503849029541
vit_b_16,cue_conflict,c3_s1_0012_4856_6880,3,37.965797424316406,14.513334274291992
vit_b_16,cue_conflict,c3_s1_0013_5294_4733,3,35.139766693115234,-26.53724479675293
vit_b_16,cue_conflict,c3_s1_0014_6459_963,3,-3.8521690368652344,-5.416734218597412
vit_b_16,cue_conflict,c3_s1_0017_2434_5929,3,30.733543395996094,-4.234931945800781
vit_b_16,cue_conflict,c3_s1_0018_5976_7217,3,32.00794219970703,-4.852870464324951
vit_b_16,cue_conflict,c3_s1_0019_5551_5830,3,31.090534210205078,-4.782431602478027
vit_b_16,cue_conflict,c3_s1_0020_4858_3834,3,31.536062240600586,-5.69748067855835
vit_b_16,cue_conflict,c3_s1_0022_6459_3223,3,45.95486831665039,5.718913555145264
vit_b_16,cue_conflict,c3_s1_0023_1187_1218,3,31.243518829345703,-4.109691619873047
vit_b_16,cue_conflict,c3_s1_0024_2480_3223,3,43.162960052490234,6.813986778259277
vit_b_16,cue_conflict,c2_s4_0001_6053_6441,2,-53.68552017211914,14.39834976196289
vit_b_16,cue_conflict,c2_s4_0002_6981_6122,2,-47.904605865478516,-2.598931074142456
vit_b_16,cue_conflict,c2_s4_0003_3944_3078,2,-56.07960510253906,14.815189361572266
vit_b_16,cue_conflict,c2_s4_0004_7327_1694,2,-59.423622131347656,5.441672325134277
vit_b_16,cue_conflict,c2_s4_0005_6347_490,2,-55.9871826171875,12.160022735595703
vit_b_16,cue_conflict,c2_s4_0006_5577_1223,2,-47.04490280151367,-4.212893962860107
vit_b_16,cue_conflict,c2_s4_0008_7843_1223,2,-53.23842239379883,14.942502975463867
vit_b_16,cue_conflict,c2_s4_0009_2252_4262,2,-51.24675369262695,13.629082679748535
vit_b_16,cue_conflict,c2_s4_0010_7711_321,2,-55.569190979003906,12.947184562683105
vit_b_16,cue_conflict,c2_s4_0011_6053_4616,2,-54.26860427856445,14.476698875427246
vit_b_16,cue_conflict,c2_s4_0012_5484_6122,2,-46.72644805908203,13.735368728637695
vit_b_16,cue_conflict,c2_s4_0013_7392_1223,2,-53.611209869384766,15.640546798706055
vit_b_16,cue_conflict,c2_s4_0016_3067_650,2,-54.971195220947266,11.15041446685791
vit_b_16,cue_conflict,c2_s4_0017_4316_3012,2,-55.74338912963867,14.528437614440918
vit_b_16,cue_conflict,c2_s4_0018_6216_1669,2,-53.16111373901367,13.588419914245605
vit_b_16,cue_conflict,c2_s4_0019_1059_2875,2,-47.171958923339844,-4.555143356323242
vit_b_16,cue_conflict,c2_s4_0020_88_3444,2,-21.877408981323242,2.011488914489746
vit_b_16,cue_conflict,c2_s4_0021_6053_490,2,-53.835777282714844,14.44692325592041
vit_b_16,cue_conflict,c2_s4_0022_4440_7728,2,-56.33756637573242,13.529267311096191
vit_b_16,cue_conflict,c2_s4_0024_3067_4616,2,-54.99110412597656,10.903716087341309
vit_b_16,cue_conflict,c4_s2_0002_6587_2915,4,24.67775535583496,30.010570526123047
vit_b_16,cue_conflict,c4_s2_0003_321_6683,4,33.894805908203125,23.523542404174805
vit_b_16,cue_conflict,c4_s2_0004_5765_5663,4,-4.705432415008545,-7.849025249481201
vit_b_16,cue_conflict,c4_s2_0005_7910_6548,4,23.480449676513672,30.853391647338867
vit_b_16,cue_conflict,c4_s2_0006_1550_1731,4,22.18988037109375,30.150243759155273
vit_b_16,cue_conflict,c4_s2_0007_1694_3641,4,-9.732633590698242,-9.798691749572754
vit_b_16,cue_conflict,c4_s2_0008_4089_4605,4,-5.158010482788086,-4.86026668548584
vit_b_16,cue_conflict,c4_s2_0009_650_517,4,-9.908345222473145,-11.304244995117188
vit_b_16,cue_conflict,c4_s2_0010_4616_1731,4,22.624895095825195,27.823579788208008
vit_b_16,cue_conflict,c4_s2_0011_5708_1750,4,-9.541165351867676,-9.337657928466797
vit_b_16,cue_conflict,c4_s2_0013_4006_1731,4,21.983356475830078,30.353599548339844
vit_b_16,cue_conflict,c4_s2_0014_7910_6053,4,23.752161026000977,31.177433013916016
vit_b_16,cue_conflict,c4_s2_0015_1209_7711,4,22.59925079345703,30.462352752685547
vit_b_16,cue_conflict,c4_s2_0016_2021_1750,4,-4.901578426361084,-8.127198219299316
vit_b_16,cue_conflict,c4_s2_0017_4155_7327,4,23.962066650390625,30.41383171081543
vit_b_16,cue_conflict,c4_s2_0018_1550_2611,4,22.406614303588867,30.101137161254883
vit_b_16,cue_conflict,c4_s2_0019_3928_332,4,20.877744674682617,36.649139404296875
vit_b_16,cue_conflict,c4_s2_0020_4155_5177,4,23.78497886657715,30.389490127563477
vit_b_16,cue_conflict,c4_s2_0021_7910_2915,4,23.861129760742188,31.101503372192383
vit_b_16,cue_conflict,c4_s2_0023_4616_313,4,22.66182518005371,28.014184951782227
vit_b_16,cue_conflict,c7_s9_0000_6149_7921,7,-9.50572395324707,-7.682065486907959
vit_b_16,cue_conflict,c7_s9_0001_7769_1163,7,40.506858825683594,-41.359588623046875
vit_b_16,cue_conflict,c7_s9_0002_680_7705,7,-10.951889991760254,-6.875804424285889
vit_b_16,cue_conflict,c7_s9_0004_2581_3200,7,-9.031744003295898,-7.171977519989014
vit_b_16,cue_conflict,c7_s9_0005_2207_852,7,34.63023376464844,-28.33563995361328
vit_b_16,cue_conflict,c7_s9_0006_7695_1163,7,35.02007293701172,-29.50804901123047
vit_b_16,cue_conflict,c7_s9_0007_2982_7671,7,-8.698542594909668,-6.358475208282471
vit_b_16,cue_conflict,c7_s9_0008_7505_852,7,34.98552703857422,-30.023767471313477
vit_b_16,cue_conflict,c7_s9_0009_2581_7671,7,-8.262489318847656,-6.201909065246582
vit_b_16,cue_conflict,c7_s9_0011_1473_7767,7,37.99504852294922,-30.61992073059082
vit_b_16,cue_conflict,c7_s9_0012_230_7767,7,35.07270050048828,-30.19305992126465
vit_b_16,cue_conflict,c7_s9_0014_1656_7701,7,28.819568634033203,-43.55824661254883
vit_b_16,cue_conflict,c7_s9_0015_1122_3103,7,-6.470192909240723,-2.649944305419922
vit_b_16,cue_conflict,c7_s9_0016_1224_1522,7,34.555843353271484,-29.93431282043457
vit_b_16,cue_conflict,c7_s9_0017_2787_3249,7,28.35619354248047,-45.50430679321289
vit_b_16,cue_conflict,c7_s9_0018_5535_243,7,-8.440488815307617,-8.09977912902832
vit_b_16,cue_conflict,c7_s9_0019_2581_243,7,-9.138278007507324,-6.881169319152832
vit_b_16,cue_conflict,c7_s9_0020_6225_7049,7,-10.137960433959961,-6.58358907699585
vit_b_16,cue_conflict,c7_s9_0021_6840_4049,7,-7.427506923675537,-6.097420692443848
vit_b_16,cue_conflict,c7_s9_0022_864_2674,7,-8.09447956085205,-6.122646808624268
vit_b_16,cue_conflict,c9_s7_0001_852_680,9,-23.392419815063477,14.018329620361328
vit_b_16,cue_conflict,c9_s7_0002_3428_2207,9,-12.751731872558594,21.14510154724121
vit_b_16,cue_conflict,c9_s7_0003_7147_2982,9,-25.495019912719727,14.169746398925781
vit_b_16,cue_conflict,c9_s7_0004_7330_5697,9,-24.925254821777344,13.218608856201172
vit_b_16,cue_conflict,c9_s7_0005_5211_4773,9,-10.44141674041748,-3.2434418201446533
vit_b_16,cue_conflict,c9_s7_0006_4956_5535,9,-9.843352317810059,-3.787252187728882
vit_b_16,cue_conflict,c9_s7_0007_6496_4951,9,-24.160892486572266,14.244911193847656
vit_b_16,cue_conflict,c9_s7_0008_3249_6374,9,-26.131549835205078,12.377018928527832
vit_b_16,cue_conflict,c9_s7_0009_4049_6322,9,-25.910327911376953,14.06360912322998
vit_b_16,cue_conflict,c9_s7_0010_5621_2773,9,-25.35944175720215,17.883825302124023
vit_b_16,cue_conflict,c9_s7_0011_7654_6869,9,-9.863628387451172,-3.6050779819488525
vit_b_16,cue_conflict,c9_s7_0012_4049_3590,9,-25.13125228881836,15.318461418151855
vit_b_16,cue_conflict,c9_s7_0013_7654_6840,9,-25.0485897064209,31.581937789916992
vit_b_16,cue_conflict,c9_s7_0014_5621_1985,9,-25.759052276611328,17.719728469848633
vit_b_16,cue_conflict,c9_s7_0015_7049_6149,9,-25.71849250793457,12.78957462310791
vit_b_16,cue_conflict,c9_s7_0017_6536_864,9,-26.957462310791016,32.0744743347168
vit_b_16,cue_conflict,c9_s7_0019_4721_7695,9,-21.616064071655273,2.4435291290283203
vit_b_16,cue_conflict,c9_s7_0020_4721_4951,9,-9.054019927978516,-4.5599212646484375
vit_b_16,cue_conflict,c9_s7_0021_4049_6149,9,-25.20452308654785,15.187426567077637
vit_b_16,cue_conflict,c9_s7_0023_243_2773,9,-23.0341796875,30.593883514404297
vit_b_16,translation_right_32,2937,0,-15.502338409423828,-17.87275505065918
vit_b_16,translation_right_32,2210,0,-13.61956787109375,-35.84578323364258
vit_b_16,translation_right_32,4533,0,-35.88545608520508,-15.410850524902344
vit_b_16,translation_right_32,5067,0,-17.771202087402344,-16.395002365112305
vit_b_16,translation_right_32,3488,0,-16.688663482666016,-36.98080062866211
vit_b_16,translation_right_32,808,0,-16.691120147705078,-38.235591888427734
vit_b_16,translation_right_32,298,0,-22.0372257232666,-21.050521850585938
vit_b_16,translation_right_32,6817,0,-14.825942993164062,-36.46285629272461
vit_b_16,translation_right_32,597,0,-35.54133224487305,-17.075729370117188
vit_b_16,translation_right_32,339,0,-18.514562606811523,-31.50591278076172
vit_b_16,translation_right_32,241,0,-15.450304985046387,-15.571881294250488
vit_b_16,translation_right_32,6420,0,-22.139936447143555,-24.03046417236328
vit_b_16,translation_right_32,422,0,-35.25790023803711,-13.45077896118164
vit_b_16,translation_right_32,7782,0,-17.674869537353516,-26.946592330932617
vit_b_16,translation_right_32,7869,0,-16.540172576904297,-28.97154998779297
vit_b_16,translation_right_32,5999,0,-16.030872344970703,-20.556856155395508
vit_b_16,translation_right_32,7975,0,-19.113630294799805,-28.460493087768555
vit_b_16,translation_right_32,7101,0,-11.917882919311523,-35.67790985107422
vit_b_16,translation_right_32,6762,0,-13.631123542785645,-16.29068374633789
vit_b_16,translation_right_32,3999,0,-16.61382484436035,-23.553369522094727
vit_b_16,translation_right_32,5255,0,-12.08128547668457,-15.960355758666992
vit_b_16,translation_right_32,5276,0,-22.8178653717041,-23.8718318939209
vit_b_16,translation_right_32,7165,0,-15.577422142028809,-33.747623443603516
vit_b_16,translation_right_32,5624,0,-10.488030433654785,-35.688140869140625
vit_b_16,translation_right_32,480,0,-10.41073989868164,-34.00339889526367
vit_b_16,translation_right_32,4819,0,-22.40345573425293,-21.750072479248047
vit_b_16,translation_right_32,7334,0,-22.218486785888672,-22.948511123657227
vit_b_16,translation_right_32,6065,0,-15.997505187988281,-26.65001678466797
vit_b_16,translation_right_32,5785,0,-24.133777618408203,-23.89234161376953
vit_b_16,translation_right_32,359,0,-17.349639892578125,-37.053977966308594
vit_b_16,translation_right_32,4045,0,-37.12694549560547,-16.11105728149414
vit_b_16,translation_right_32,7128,0,-19.090106964111328,-24.06568717956543
vit_b_16,translation_right_32,7260,0,-36.57838439941406,-13.890397071838379
vit_b_16,translation_right_32,3151,0,-20.013330459594727,-24.79789161682129
vit_b_16,translation_right_32,1463,0,-19.52564811706543,-25.114830017089844
vit_b_16,translation_right_32,5068,0,-35.03150939941406,-14.740405082702637
vit_b_16,translation_right_32,3759,0,-10.993290901184082,-35.14845275878906
vit_b_16,translation_right_32,6500,0,-12.510411262512207,-31.355365753173828
vit_b_16,translation_right_32,1548,0,-20.313499450683594,-16.84914207458496
vit_b_16,translation_right_32,728,0,-13.1500825881958,-33.24136734008789
vit_b_16,translation_right_32,5711,0,-21.91379165649414,-10.857486724853516
vit_b_16,translation_right_32,1977,0,-20.20775032043457,-25.35505485534668
vit_b_16,translation_right_32,3285,0,-36.334442138671875,-16.568452835083008
vit_b_16,translation_right_32,6429,0,-14.390734672546387,-32.39031219482422
vit_b_16,translation_right_32,60,0,-10.134392738342285,-34.9742546081543
vit_b_16,translation_right_32,3397,0,-10.369011878967285,-33.06846618652344
vit_b_16,translation_right_32,7430,0,-19.464616775512695,-17.972509384155273
vit_b_16,translation_right_32,4982,0,-34.65591812133789,-15.312606811523438
vit_b_16,translation_right_32,752,0,-13.766172409057617,-20.38446044921875
vit_b_16,translation_right_32,4151,0,-11.067180633544922,-12.180017471313477
vit_b_16,translation_right_32,5093,1,13.775134086608887,-26.48955726623535
vit_b_16,translation_right_32,4709,1,6.775793075561523,-31.549598693847656
vit_b_16,translation_right_32,3530,1,6.1215500831604,-32.2470588684082
vit_b_16,translation_right_32,6068,1,15.030153274536133,-17.19489097595215
vit_b_16,translation_right_32,2673,1,12.366101264953613,-18.996578216552734
vit_b_16,translation_right_32,3161,1,3.1475038528442383,-30.0174617767334
vit_b_16,translation_right_32,3254,1,11.216668128967285,-10.742319107055664
vit_b_16,translation_right_32,7217,1,8.657724380493164,-26.120044708251953
vit_b_16,translation_right_32,5546,1,-2.0896854400634766,-12.572219848632812
vit_b_16,translation_right_32,6498,1,12.825759887695312,-5.625011444091797
vit_b_16,translation_right_32,5425,1,-4.258245944976807,-16.051855087280273
vit_b_16,translation_right_32,3537,1,9.614895820617676,-31.347322463989258
vit_b_16,translation_right_32,463,1,9.646665573120117,-23.136348724365234
vit_b_16,translation_right_32,4733,1,17.337820053100586,-17.603923797607422
vit_b_16,translation_right_32,5240,1,4.337682247161865,-31.27347183227539
vit_b_16,translation_right_32,3223,1,7.775125980377197,-33.42633056640625
vit_b_16,translation_right_32,1740,1,5.096600532531738,-18.914615631103516
vit_b_16,translation_right_32,6410,1,15.895008087158203,-17.342514038085938
vit_b_16,translation_right_32,3834,1,10.87336254119873,-31.152847290039062
vit_b_16,translation_right_32,1302,1,12.209400177001953,-32.10252380371094
vit_b_16,translation_right_32,1218,1,7.710768699645996,-10.476400375366211
vit_b_16,translation_right_32,1428,1,9.131004333496094,-28.425045013427734
vit_b_16,translation_right_32,564,1,11.735196113586426,-28.437503814697266
vit_b_16,translation_right_32,6072,1,14.760214805603027,-18.176855087280273
vit_b_16,translation_right_32,2988,1,8.804231643676758,-18.470413208007812
vit_b_16,translation_right_32,3556,1,14.00975227355957,-10.955068588256836
vit_b_16,translation_right_32,1053,1,7.72042989730835,-20.97369956970215
vit_b_16,translation_right_32,6880,1,12.215120315551758,-1.8368619680404663
vit_b_16,translation_right_32,5830,1,-0.9164188504219055,-16.046342849731445
vit_b_16,translation_right_32,5394,1,7.421207427978516,-27.011266708374023
vit_b_16,translation_right_32,963,1,8.658934593200684,-16.28237533569336
vit_b_16,translation_right_32,5122,1,13.787286758422852,-17.237306594848633
vit_b_16,translation_right_32,7052,1,7.236652374267578,-32.5025520324707
vit_b_16,translation_right_32,1081,1,39.31195831298828,-11.971158027648926
vit_b_16,translation_right_32,3588,1,10.673014640808105,-24.82269859313965
vit_b_16,translation_right_32,1491,1,-0.541094183921814,-16.59526824951172
vit_b_16,translation_right_32,4188,1,16.5229549407959,-16.47523307800293
vit_b_16,translation_right_32,1353,1,7.134521961212158,-8.044021606445312
vit_b_16,translation_right_32,3388,1,12.252334594726562,-19.770626068115234
vit_b_16,translation_right_32,7066,1,13.287532806396484,-31.79633140563965
vit_b_16,translation_right_32,275,1,1.2250778675079346,-13.174602508544922
vit_b_16,translation_right_32,225,1,-3.690011501312256,-14.254461288452148
vit_b_16,translation_right_32,61,1,15.24309253692627,-27.419713973999023
vit_b_16,translation_right_32,5929,1,7.247369289398193,-17.71975326538086
vit_b_16,translation_right_32,3144,1,7.533539772033691,-8.605568885803223
vit_b_16,translation_right_32,6982,1,9.383227348327637,-34.82261657714844
vit_b_16,translation_right_32,6938,1,6.293502330780029,-33.18202590942383
vit_b_16,translation_right_32,6014,1,4.785690784454346,-31.564834594726562
vit_b_16,translation_right_32,4361,1,9.923669815063477,-35.655582427978516
vit_b_16,translation_right_32,6022,1,5.04020881652832,-26.881494522094727
vit_b_16,translation_right_32,2915,2,-60.279361724853516,5.843119144439697
vit_b_16,translation_right_32,2338,2,-44.09552001953125,1.5934264659881592
vit_b_16,translation_right_32,7327,2,-59.65511703491211,4.6562371253967285
vit_b_16,translation_right_32,4201,2,-53.473873138427734,7.9701666831970215
vit_b_16,translation_right_32,1731,2,-52.275123596191406,2.8965327739715576
vit_b_16,translation_right_32,7826,2,-49.10158920288086,6.869821548461914
vit_b_16,translation_right_32,4041,2,-48.345787048339844,8.764348983764648
vit_b_16,translation_right_32,313,2,-56.52824783325195,5.034867286682129
vit_b_16,translation_right_32,2392,2,-47.37934494018555,9.008957862854004
vit_b_16,translation_right_32,1750,2,-44.604496002197266,3.2985055446624756
vit_b_16,translation_right_32,6053,2,-57.06588363647461,4.06492280960083
vit_b_16,translation_right_32,5463,2,-42.56732177734375,8.809423446655273
vit_b_16,translation_right_32,5484,2,-46.51591873168945,12.666696548461914
vit_b_16,translation_right_32,6683,2,-55.62841033935547,9.06051254272461
vit_b_16,translation_right_32,2611,2,-41.43122863769531,-1.9635261297225952
vit_b_16,translation_right_32,1059,2,-43.04951858520508,3.9676356315612793
vit_b_16,translation_right_32,5177,2,-29.306610107421875,7.568589210510254
vit_b_16,translation_right_32,6981,2,-47.59839630126953,-1.8265938758850098
vit_b_16,translation_right_32,6347,2,-54.08633804321289,8.208028793334961
vit_b_16,translation_right_32,6216,2,-54.55540084838867,9.508269309997559
vit_b_16,translation_right_32,655,2,-50.4062385559082,10.860861778259277
vit_b_16,translation_right_32,7392,2,-59.46920394897461,9.032648086547852
vit_b_16,translation_right_32,6548,2,-59.861515045166016,4.230454921722412
vit_b_16,translation_right_32,6271,2,-44.95356369018555,13.018783569335938
vit_b_16,translation_right_32,2252,2,-50.5445556640625,5.355484962463379
vit_b_16,translation_right_32,3363,2,-58.13347625732422,5.664928913116455
vit_b_16,translation_right_32,7843,2,-46.32413864135742,10.844225883483887
vit_b_16,translation_right_32,6795,2,-44.610321044921875,13.065485000610352
vit_b_16,translation_right_32,4605,2,-46.75155258178711,7.17145299911499
vit_b_16,translation_right_32,5011,2,-46.332279205322266,3.231483221054077
vit_b_16,translation_right_32,2436,2,-62.51013946533203,8.101608276367188
vit_b_16,translation_right_32,3944,2,-23.890913009643555,9.680617332458496
vit_b_16,translation_right_32,517,2,-41.2610969543457,1.4014164209365845
vit_b_16,translation_right_32,2200,2,-44.67930221557617,9.75124740600586
vit_b_16,translation_right_32,3067,2,-51.927406311035156,10.351014137268066
vit_b_16,translation_right_32,5004,2,-49.039024353027344,3.2113125324249268
vit_b_16,translation_right_32,6738,2,-48.751163482666016,-0.1213798001408577
vit_b_16,translation_right_32,905,2,-47.47493362426758,2.859543561935425
vit_b_16,translation_right_32,4316,2,-46.124183654785156,12.450469970703125
vit_b_16,translation_right_32,332,2,-61.68107604980469,5.1027374267578125
vit_b_16,translation_right_32,2503,2,-60.423038482666016,7.062595844268799
vit_b_16,translation_right_32,2748,2,-60.715431213378906,4.003188133239746
vit_b_16,translation_right_32,1179,2,-59.43099594116211,7.3407816886901855
vit_b_16,translation_right_32,3641,2,-48.79267883300781,9.524223327636719
vit_b_16,translation_right_32,5663,2,-56.13705062866211,6.154664993286133
vit_b_16,translation_right_32,4440,2,-47.76559829711914,5.47081184387207
vit_b_16,translation_right_32,2909,2,-47.50345230102539,11.006741523742676
vit_b_16,translation_right_32,7711,2,-48.64698028564453,14.062726020812988
vit_b_16,translation_right_32,88,2,-23.045001983642578,2.158296823501587
vit_b_16,translation_right_32,5577,2,-46.12735366821289,-1.2212599515914917
vit_b_16,translation_right_32,6459,3,49.1778564453125,4.588862895965576
vit_b_16,translation_right_32,4174,3,32.60451889038086,6.4105939865112305
vit_b_16,translation_right_32,6324,3,43.722442626953125,10.394810676574707
vit_b_16,translation_right_32,2785,3,13.503287315368652,5.327408313751221
vit_b_16,translation_right_32,4473,3,48.483726501464844,2.5073812007904053
vit_b_16,translation_right_32,2480,3,42.983665466308594,6.383672714233398
vit_b_16,translation_right_32,7360,3,50.83451843261719,-0.23370327055454254
vit_b_16,translation_right_32,5976,3,37.540489196777344,-6.68218469619751
vit_b_16,translation_right_32,7416,3,20.948163986206055,-2.7183022499084473
vit_b_16,translation_right_32,1563,3,34.266075134277344,-23.85577392578125
vit_b_16,translation_right_32,2206,3,36.513023376464844,-3.6793625354766846
vit_b_16,translation_right_32,5551,3,37.09009552001953,-4.845340251922607
vit_b_16,translation_right_32,5635,3,34.347259521484375,13.639824867248535
vit_b_16,translation_right_32,6632,3,49.15898895263672,2.606050729751587
vit_b_16,translation_right_32,7891,3,35.743408203125,15.400206565856934
vit_b_16,translation_right_32,2434,3,37.26860046386719,-5.698576927185059
vit_b_16,translation_right_32,6575,3,38.762123107910156,6.709438800811768
vit_b_16,translation_right_32,589,3,50.98805618286133,3.3881702423095703
vit_b_16,translation_right_32,897,3,35.93671798706055,7.333604335784912
vit_b_16,translation_right_32,874,3,41.24284744262695,-1.817346215248108
vit_b_16,translation_right_32,1622,3,44.2946891784668,10.970587730407715
vit_b_16,translation_right_32,249,3,35.95802307128906,10.794535636901855
vit_b_16,translation_right_32,2360,3,37.46712875366211,15.110546112060547
vit_b_16,translation_right_32,1343,3,45.127349853515625,8.213751792907715
vit_b_16,translation_right_32,4720,3,33.219581604003906,-2.9606969356536865
vit_b_16,translation_right_32,6385,3,36.77153778076172,-6.045255184173584
vit_b_16,translation_right_32,1241,3,42.93510437011719,12.186060905456543
vit_b_16,translation_right_32,495,3,30.248779296875,6.422760009765625
vit_b_16,translation_right_32,1531,3,36.33529281616211,14.68789291381836
vit_b_16,translation_right_32,2454,3,32.61487579345703,1.0420231819152832
vit_b_16,translation_right_32,6641,3,50.25680160522461,4.16969633102417
vit_b_16,translation_right_32,3681,3,44.54033279418945,8.165913581848145
vit_b_16,translation_right_32,185,3,40.34284210205078,-5.816705226898193
vit_b_16,translation_right_32,7421,3,27.677467346191406,-2.8816323280334473
vit_b_16,translation_right_32,6826,3,49.020347595214844,3.752091884613037
vit_b_16,translation_right_32,2222,3,38.184539794921875,11.840713500976562
vit_b_16,translation_right_32,1968,3,38.128150939941406,-5.938114643096924
vit_b_16,translation_right_32,3202,3,35.76314163208008,-4.894038200378418
vit_b_16,translation_right_32,5522,3,34.83274841308594,-4.495142936706543
vit_b_16,translation_right_32,1946,3,46.23158645629883,5.113778591156006
vit_b_16,translation_right_32,6094,3,33.85993194580078,15.520736694335938
vit_b_16,translation_right_32,6647,3,50.1932487487793,4.023955345153809
vit_b_16,translation_right_32,1187,3,34.528236389160156,-2.59380841255188
vit_b_16,translation_right_32,3375,3,34.75181198120117,13.673040390014648
vit_b_16,translation_right_32,4184,3,39.718753814697266,-1.0665109157562256
vit_b_16,translation_right_32,4858,3,35.77958297729492,-3.4942150115966797
vit_b_16,translation_right_32,2225,3,32.6768798828125,14.712355613708496
vit_b_16,translation_right_32,5294,3,35.53663635253906,-1.1019319295883179
vit_b_16,translation_right_32,7527,3,22.65679931640625,-3.623469591140747
vit_b_16,translation_right_32,4856,3,36.428863525390625,13.858305931091309
vit_b_16,translation_right_32,321,4,35.16242218017578,29.58780860900879
vit_b_16,translation_right_32,4155,4,33.21194076538086,35.52782440185547
vit_b_16,translation_right_32,3928,4,20.661455154418945,36.855812072753906
vit_b_16,translation_right_32,7910,4,28.89052963256836,39.55746078491211
vit_b_16,translation_right_32,1669,4,35.68275833129883,40.27078628540039
vit_b_16,translation_right_32,2021,4,33.109130859375,29.299236297607422
vit_b_16,translation_right_32,3861,4,36.270347595214844,22.063352584838867
vit_b_16,translation_right_32,3339,4,30.513790130615234,31.63176918029785
vit_b_16,translation_right_32,7728,4,33.08995056152344,36.709163665771484
vit_b_16,translation_right_32,5181,4,34.97479248046875,28.366897583007812
vit_b_16,translation_right_32,6913,4,38.7273063659668,37.535552978515625
vit_b_16,translation_right_32,4089,4,35.671993255615234,34.68107986450195
vit_b_16,translation_right_32,1550,4,36.177059173583984,37.5474967956543
vit_b_16,translation_right_32,3890,4,35.90998458862305,32.72333908081055
vit_b_16,translation_right_32,5467,4,31.098915100097656,42.03398132324219
vit_b_16,translation_right_32,7661,4,29.583629608154297,41.394805908203125
vit_b_16,translation_right_32,1694,4,30.836660385131836,29.51215171813965
vit_b_16,translation_right_32,2064,4,35.34441375732422,38.195648193359375
vit_b_16,translation_right_32,490,4,31.712507247924805,31.15171241760254
vit_b_16,translation_right_32,6123,4,35.62659454345703,39.14886474609375
vit_b_16,translation_right_32,5888,4,35.13970184326172,31.98908233642578
vit_b_16,translation_right_32,6441,4,36.835533142089844,31.352699279785156
vit_b_16,translation_right_32,7054,4,36.4753532409668,33.863338470458984
vit_b_16,translation_right_32,2125,4,33.56673049926758,32.860633850097656
vit_b_16,translation_right_32,1592,4,26.779584884643555,32.77702331542969
vit_b_16,translation_right_32,7154,4,35.875267028808594,36.66440200805664
vit_b_16,translation_right_32,1223,4,33.57097625732422,41.3924446105957
vit_b_16,translation_right_32,4384,4,37.05202865600586,33.18077087402344
vit_b_16,translation_right_32,3069,4,28.52725601196289,33.22755813598633
vit_b_16,translation_right_32,4262,4,26.5914363861084,26.573925018310547
vit_b_16,translation_right_32,2653,4,33.817657470703125,42.902503967285156
vit_b_16,translation_right_32,1209,4,28.06344223022461,33.92830276489258
vit_b_16,translation_right_32,5765,4,42.26675796508789,33.77600860595703
vit_b_16,translation_right_32,3078,4,40.06324005126953,31.713544845581055
vit_b_16,translation_right_32,2862,4,27.921085357666016,31.285173416137695
vit_b_16,translation_right_32,5708,4,36.24101257324219,28.76007843017578
vit_b_16,translation_right_32,4616,4,39.28988265991211,40.6625862121582
vit_b_16,translation_right_32,3444,4,31.875518798828125,40.94486618041992
vit_b_16,translation_right_32,650,4,0.8678319454193115,-9.804764747619629
vit_b_16,translation_right_32,1050,4,33.910030364990234,41.74032211303711
vit_b_16,translation_right_32,7387,4,3.668419122695923,34.392642974853516
vit_b_16,translation_right_32,3012,4,41.19206619262695,34.796932220458984
vit_b_16,translation_right_32,51,4,34.5037841796875,30.87464714050293
vit_b_16,translation_right_32,6587,4,34.633331298828125,33.93978500366211
vit_b_16,translation_right_32,6122,4,38.187400817871094,39.53856658935547
vit_b_16,translation_right_32,1011,4,32.77474594116211,31.223939895629883
vit_b_16,translation_right_32,7574,4,34.4563102722168,42.476741790771484
vit_b_16,translation_right_32,4006,4,37.613773345947266,37.97895431518555
vit_b_16,translation_right_32,2875,4,36.91350555419922,40.104000091552734
vit_b_16,translation_right_32,3568,4,37.85188674926758,26.806419372558594
vit_b_16,translation_right_32,3825,5,22.283504486083984,-4.8951005935668945
vit_b_16,translation_right_32,2451,5,11.687707901000977,4.190402984619141
vit_b_16,translation_right_32,533,5,14.15787410736084,11.723471641540527
vit_b_16,translation_right_32,6959,5,11.295330047607422,23.154865264892578
vit_b_16,translation_right_32,6376,5,9.312297821044922,8.453736305236816
vit_b_16,translation_right_32,3625,5,-3.707331657409668,15.45422649383545
vit_b_16,translation_right_32,5603,5,3.8419859409332275,4.997069835662842
vit_b_16,translation_right_32,1715,5,19.072093963623047,9.831157684326172
vit_b_16,translation_right_32,7577,5,10.077324867248535,22.116962432861328
vit_b_16,translation_right_32,4917,5,7.226981163024902,3.627392292022705
vit_b_16,translation_right_32,6930,5,20.973209381103516,5.115713119506836
vit_b_16,translation_right_32,78,5,20.625728607177734,9.13074016571045
vit_b_16,translation_right_32,123,5,-2.973330497741699,15.94880485534668
vit_b_16,translation_right_32,7179,5,22.37042236328125,-8.989577293395996
vit_b_16,translation_right_32,5234,5,10.591299057006836,22.80906105041504
vit_b_16,translation_right_32,1057,5,5.390720367431641,4.220380783081055
vit_b_16,translation_right_32,5288,5,3.5764219760894775,4.375246047973633
vit_b_16,translation_right_32,1677,5,14.930209159851074,-0.05846375226974487
vit_b_16,translation_right_32,4526,5,19.96013832092285,3.8636770248413086
vit_b_16,translation_right_32,6019,5,3.713050603866577,5.593482494354248
vit_b_16,translation_right_32,7672,5,-1.4781591892242432,14.920586585998535
vit_b_16,translation_right_32,840,5,-2.5351312160491943,17.021669387817383
vit_b_16,translation_right_32,4870,5,23.465717315673828,-7.72786283493042
vit_b_16,translation_right_32,162,5,9.12027359008789,23.48090934753418
vit_b_16,translation_right_32,1361,5,23.488418579101562,-6.799991607666016
vit_b_16,translation_right_32,5281,5,22.56669807434082,-7.375797271728516
vit_b_16,translation_right_32,2332,5,9.967841148376465,23.128334045410156
vit_b_16,translation_right_32,6822,5,12.991659164428711,0.6398006677627563
vit_b_16,translation_right_32,2453,5,20.147891998291016,9.396974563598633
vit_b_16,translation_right_32,6970,5,-1.3843638896942139,16.293611526489258
vit_b_16,translation_right_32,39,5,16.203126907348633,8.280677795410156
vit_b_16,translation_right_32,7429,5,14.530293464660645,11.967517852783203
vit_b_16,translation_right_32,3892,5,14.839781761169434,12.414901733398438
vit_b_16,translation_right_32,5794,5,10.248348236083984,15.836793899536133
vit_b_16,translation_right_32,7343,5,9.645683288574219,23.65178871154785
vit_b_16,translation_right_32,5646,5,22.921375274658203,-8.290048599243164
vit_b_16,translation_right_32,3080,5,8.524721145629883,8.065352439880371
vit_b_16,translation_right_32,6989,5,19.038801193237305,7.435924530029297
vit_b_16,translation_right_32,4265,5,23.4620361328125,-8.329870223999023
vit_b_16,translation_right_32,5687,5,13.573691368103027,12.083267211914062
vit_b_16,translation_right_32,567,5,-2.383665084838867,16.226863861083984
vit_b_16,translation_right_32,4862,5,17.948156356811523,8.627944946289062
vit_b_16,translation_right_32,5767,5,-2.9720613956451416,15.101463317871094
vit_b_16,translation_right_32,4597,5,8.003913879394531,9.806356430053711
vit_b_16,translation_right_32,4966,5,11.07706356048584,1.805427074432373
vit_b_16,translation_right_32,5417,5,9.695260047912598,24.30414390563965
vit_b_16,translation_right_32,1823,5,21.453266143798828,-7.546823501586914
vit_b_16,translation_right_32,7771,5,7.625884532928467,7.836736679077148
vit_b_16,translation_right_32,1889,5,4.9466400146484375,2.439108371734619
vit_b_16,translation_right_32,1010,5,20.72952651977539,3.871887445449829
vit_b_16,translation_right_32,6614,6,0.48622992634773254,46.05192184448242
vit_b_16,translation_right_32,813,6,-5.784303665161133,45.19538116455078
vit_b_16,translation_right_32,2485,6,6.052615642547607,46.588958740234375
vit_b_16,translation_right_32,4430,6,7.924652576446533,49.53990936279297
vit_b_16,translation_right_32,6485,6,6.533814430236816,51.72182083129883
vit_b_16,translation_right_32,1770,6,-7.809405326843262,44.47041320800781
vit_b_16,translation_right_32,2201,6,-2.7167279720306396,43.04139709472656
vit_b_16,translation_right_32,3193,6,15.057047843933105,48.06117630004883
vit_b_16,translation_right_32,3628,6,9.812908172607422,18.51719093322754
vit_b_16,translation_right_32,2647,6,12.599569320678711,31.45163917541504
vit_b_16,translation_right_32,1890,6,4.696356773376465,53.13974380493164
vit_b_16,translation_right_32,5986,6,-7.633699893951416,46.01095199584961
vit_b_16,translation_right_32,1330,6,14.311767578125,48.88243103027344
vit_b_16,translation_right_32,6746,6,-5.755308151245117,45.65159225463867
vit_b_16,translation_right_32,7622,6,-4.523553848266602,43.93174362182617
vit_b_16,translation_right_32,7962,6,-6.756664276123047,45.682838439941406
vit_b_16,translation_right_32,7745,6,14.351760864257812,48.42490005493164
vit_b_16,translation_right_32,2566,6,-2.5507001876831055,40.307437896728516
vit_b_16,translation_right_32,19,6,-3.511198043823242,41.1060791015625
vit_b_16,translation_right_32,6411,6,15.500064849853516,43.76090621948242
vit_b_16,translation_right_32,2561,6,15.804950714111328,44.69076919555664
vit_b_16,translation_right_32,3418,6,14.714158058166504,47.781620025634766
vit_b_16,translation_right_32,5854,6,6.379664421081543,49.863853454589844
vit_b_16,translation_right_32,3802,6,5.335018157958984,52.43947219848633
vit_b_16,translation_right_32,4685,6,-4.546269416809082,42.26059341430664
vit_b_16,translation_right_32,4251,6,14.189027786254883,44.637508392333984
vit_b_16,translation_right_32,4798,6,17.994972229003906,39.26321792602539
vit_b_16,translation_right_32,2565,6,3.710469961166382,51.8871955871582
vit_b_16,translation_right_32,4476,6,12.052445411682129,30.32898712158203
vit_b_16,translation_right_32,2969,6,5.109703540802002,46.30318069458008
vit_b_16,translation_right_32,3661,6,-5.985093593597412,46.858821868896484
vit_b_16,translation_right_32,629,6,8.474359512329102,44.22740936279297
vit_b_16,translation_right_32,5722,6,-7.511990070343018,43.748878479003906
vit_b_16,translation_right_32,6790,6,8.45252513885498,47.5601921081543
vit_b_16,translation_right_32,6920,6,1.6468145847320557,48.128143310546875
vit_b_16,translation_right_32,6154,6,-7.091849327087402,44.815311431884766
vit_b_16,translation_right_32,3137,6,4.004655361175537,52.13185501098633
vit_b_16,translation_right_32,4411,6,0.9224335551261902,50.28305435180664
vit_b_16,translation_right_32,1912,6,3.177166700363159,51.12336349487305
vit_b_16,translation_right_32,7108,6,-1.7299468517303467,39.15436935424805
vit_b_16,translation_right_32,1077,6,5.972675323486328,53.07688522338867
vit_b_16,translation_right_32,432,6,15.269071578979492,46.281707763671875
vit_b_16,translation_right_32,1481,6,1.0532974004745483,45.43902587890625
vit_b_16,translation_right_32,7187,6,15.513209342956543,38.52653884887695
vit_b_16,translation_right_32,4746,6,15.409391403198242,48.84389877319336
vit_b_16,translation_right_32,5732,6,13.775006294250488,46.072322845458984
vit_b_16,translation_right_32,1157,6,-0.8526439070701599,45.16070556640625
vit_b_16,translation_right_32,4968,6,14.005438804626465,47.12635040283203
vit_b_16,translation_right_32,4869,6,8.1450834274292,45.41889572143555
vit_b_16,translation_right_32,760,6,14.483484268188477,36.94168472290039
vit_b_16,translation_right_32,864,7,51.65532684326172,-22.307994842529297
vit_b_16,translation_right_32,2982,7,51.954219818115234,-23.110822677612305
vit_b_16,translation_right_32,7778,7,47.35768127441406,-37.65330123901367
vit_b_16,translation_right_32,6876,7,44.19721603393555,-34.45123291015625
vit_b_16,translation_right_32,2756,7,47.707481384277344,-24.718488693237305
vit_b_16,translation_right_32,6225,7,27.179353713989258,-45.45328903198242
vit_b_16,translation_right_32,1514,7,27.797014236450195,-45.319271087646484
vit_b_16,translation_right_32,4951,7,40.95352554321289,-29.81690216064453
vit_b_16,translation_right_32,7608,7,39.989280700683594,-39.969120025634766
vit_b_16,translation_right_32,7769,7,39.96431350708008,-40.82379150390625
vit_b_16,translation_right_32,3590,7,50.44908905029297,-25.94463348388672
vit_b_16,translation_right_32,2808,7,46.99958801269531,-38.005393981933594
vit_b_16,translation_right_32,230,7,37.003665924072266,-35.622920989990234
vit_b_16,translation_right_32,2787,7,26.998605728149414,-46.05183792114258
vit_b_16,translation_right_32,4080,7,39.069984436035156,-40.80629348754883
vit_b_16,translation_right_32,6301,7,44.12566375732422,-28.634532928466797
vit_b_16,translation_right_32,6840,7,39.70981216430664,-33.60923385620117
vit_b_16,translation_right_32,6882,7,37.23757553100586,-34.1761360168457
vit_b_16,translation_right_32,1473,7,38.34015655517578,-30.407352447509766
vit_b_16,translation_right_32,1237,7,50.50544357299805,-23.092206954956055
vit_b_16,translation_right_32,6869,7,34.70652389526367,-27.059606552124023
vit_b_16,translation_right_32,1656,7,25.610477447509766,-46.94159698486328
vit_b_16,translation_right_32,493,7,39.5678825378418,-41.070316314697266
vit_b_16,translation_right_32,6663,7,51.388004302978516,-22.745180130004883
vit_b_16,translation_right_32,2100,7,50.91706848144531,-23.633773803710938
vit_b_16,translation_right_32,6725,7,26.387582778930664,-44.5175895690918
vit_b_16,translation_right_32,4773,7,36.919002532958984,-32.17282485961914
vit_b_16,translation_right_32,2207,7,48.66645812988281,-25.540176391601562
vit_b_16,translation_right_32,1122,7,49.76985168457031,-24.885316848754883
vit_b_16,translation_right_32,7695,7,48.88715362548828,-24.551666259765625
vit_b_16,translation_right_32,2063,7,24.98880958557129,-48.11410903930664
vit_b_16,translation_right_32,5697,7,39.685482025146484,-31.276273727416992
vit_b_16,translation_right_32,2581,7,38.2337646484375,-29.53759765625
vit_b_16,translation_right_32,5995,7,36.7933464050293,-35.22671127319336
vit_b_16,translation_right_32,1985,7,25.438121795654297,-47.36204147338867
vit_b_16,translation_right_32,2773,7,52.04097366333008,-21.665491104125977
vit_b_16,translation_right_32,6322,7,41.482139587402344,-32.17186737060547
vit_b_16,translation_right_32,3411,7,49.618499755859375,-23.68549919128418
vit_b_16,translation_right_32,6149,7,26.566390991210938,-47.19898223876953
vit_b_16,translation_right_32,7505,7,40.500640869140625,-39.7660026550293
vit_b_16,translation_right_32,6374,7,26.261503219604492,-48.066619873046875
vit_b_16,translation_right_32,57,7,39.45123291015625,-40.17650604248047
vit_b_16,translation_right_32,4441,7,48.992313385009766,-24.58803939819336
vit_b_16,translation_right_32,3581,7,46.50593948364258,-37.024078369140625
vit_b_16,translation_right_32,5586,7,26.84918975830078,-48.01028823852539
vit_b_16,translation_right_32,3140,7,27.09626579284668,-47.313602447509766
vit_b_16,translation_right_32,5535,7,40.41646194458008,-32.479671478271484
vit_b_16,translation_right_32,1224,7,47.43119430541992,-36.8097038269043
vit_b_16,translation_right_32,680,7,26.991413116455078,-41.89469909667969
vit_b_16,translation_right_32,3230,7,49.20613098144531,-26.980884552001953
vit_b_16,translation_right_32,6797,8,-46.84734344482422,-23.265172958374023
vit_b_16,translation_right_32,7508,8,-46.69620895385742,-22.316509246826172
vit_b_16,translation_right_32,6365,8,-42.10449981689453,-36.71570587158203
vit_b_16,translation_right_32,4058,8,-56.92158126831055,-27.01195526123047
vit_b_16,translation_right_32,6110,8,-42.93999481201172,-39.66585922241211
vit_b_16,translation_right_32,2335,8,-42.375465393066406,-38.54524230957031
vit_b_16,translation_right_32,4844,8,-47.52027893066406,-28.148609161376953
vit_b_16,translation_right_32,3479,8,-39.02235412597656,-26.08233070373535
vit_b_16,translation_right_32,4876,8,-42.00369644165039,-38.85377883911133
vit_b_16,translation_right_32,3551,8,-57.44095230102539,-23.066247940063477
vit_b_16,translation_right_32,4072,8,-54.60037612915039,-26.262020111083984
vit_b_16,translation_right_32,5959,8,-44.53157043457031,-21.932039260864258
vit_b_16,translation_right_32,4655,8,-56.21212387084961,-26.54952049255371
vit_b_16,translation_right_32,6302,8,-58.13196563720703,-24.805204391479492
vit_b_16,translation_right_32,4690,8,-45.37738037109375,-36.96174621582031
vit_b_16,translation_right_32,4030,8,-56.12383270263672,-30.180622100830078
vit_b_16,translation_right_32,7596,8,-49.89226531982422,-24.140117645263672
vit_b_16,translation_right_32,7300,8,-39.282474517822266,-27.598501205444336
vit_b_16,translation_right_32,2355,8,-57.522762298583984,-25.622692108154297
vit_b_16,translation_right_32,2657,8,-51.05493927001953,-34.032020568847656
vit_b_16,translation_right_32,1002,8,-55.37886047363281,-26.867008209228516
vit_b_16,translation_right_32,7907,8,-53.9010009765625,-23.683313369750977
vit_b_16,translation_right_32,460,8,-44.61735534667969,-35.159976959228516
vit_b_16,translation_right_32,4632,8,-42.70478057861328,-40.16948699951172
vit_b_16,translation_right_32,6832,8,-43.837425231933594,-36.26387023925781
vit_b_16,translation_right_32,5398,8,-45.070953369140625,-23.04812240600586
vit_b_16,translation_right_32,6643,8,-40.37569808959961,-27.538394927978516
vit_b_16,translation_right_32,6274,8,-43.46315383911133,-38.473533630371094
vit_b_16,translation_right_32,1166,8,-39.013221740722656,-26.975440979003906
vit_b_16,translation_right_32,5040,8,-55.76340103149414,-24.826801300048828
vit_b_16,translation_right_32,1658,8,-51.34147644042969,-33.17041778564453
vit_b_16,translation_right_32,6001,8,-50.31216049194336,-23.76827049255371
vit_b_16,translation_right_32,5320,8,-45.05958938598633,-33.929481506347656
vit_b_16,translation_right_32,2038,8,-54.93506622314453,-23.709056854248047
vit_b_16,translation_right_32,2099,8,-51.864959716796875,-21.61080551147461
vit_b_16,translation_right_32,6870,8,-52.711029052734375,-28.539587020874023
vit_b_16,translation_right_32,5479,8,-41.344268798828125,-39.82081985473633
vit_b_16,translation_right_32,266,8,-58.53354263305664,-24.523351669311523
vit_b_16,translation_right_32,6162,8,-51.93137741088867,-24.761960983276367
vit_b_16,translation_right_32,3816,8,-40.0473518371582,-26.15235137939453
vit_b_16,translation_right_32,3900,8,-48.040279388427734,-22.242563247680664
vit_b_16,translation_right_32,2059,8,-55.03793716430664,-28.10597038269043
vit_b_16,translation_right_32,6131,8,-45.06271743774414,-32.13127899169922
vit_b_16,translation_right_32,273,8,-53.17203903198242,-25.87224578857422
vit_b_16,translation_right_32,1255,8,-53.28041458129883,-27.34943962097168
vit_b_16,translation_right_32,6862,8,-42.335113525390625,-40.29935836791992
vit_b_16,translation_right_32,7976,8,-53.713783264160156,-29.196380615234375
vit_b_16,translation_right_32,1616,8,-57.26919937133789,-25.05492401123047
vit_b_16,translation_right_32,602,8,-44.04711151123047,-23.871686935424805
vit_b_16,translation_right_32,5134,8,-42.4857063293457,-37.934791564941406
vit_b_16,translation_right_32,932,9,-25.93755531311035,25.399181365966797
vit_b_16,translation_right_32,2674,9,-27.642213821411133,28.783143997192383
vit_b_16,translation_right_32,5655,9,-17.8782901763916,21.366905212402344
vit_b_16,translation_right_32,7705,9,-30.904821395874023,28.323734283447266
vit_b_16,translation_right_32,952,9,-29.61858558654785,28.97604751586914
vit_b_16,translation_right_32,1836,9,-30.380151748657227,31.4329776763916
vit_b_16,translation_right_32,6202,9,-16.279151916503906,19.342288970947266
vit_b_16,translation_right_32,7701,9,-18.235668182373047,7.876372337341309
vit_b_16,translation_right_32,7147,9,-28.3609561920166,28.188085556030273
vit_b_16,translation_right_32,243,9,-24.16331672668457,28.170808792114258
vit_b_16,translation_right_32,7330,9,-23.39853286743164,19.37915802001953
vit_b_16,translation_right_32,2379,9,-30.603853225708008,22.62519073486328
vit_b_16,translation_right_32,5210,9,-14.616719245910645,20.459407806396484
vit_b_16,translation_right_32,3103,9,-15.871501922607422,21.321847915649414
vit_b_16,translation_right_32,7049,9,-15.240894317626953,20.935279846191406
vit_b_16,translation_right_32,7921,9,-27.302339553833008,30.0228214263916
vit_b_16,translation_right_32,2667,9,-29.298664093017578,25.162002563476562
vit_b_16,translation_right_32,1240,9,-22.238496780395508,13.213573455810547
vit_b_16,translation_right_32,2166,9,-26.181922912597656,29.09280776977539
vit_b_16,translation_right_32,4362,9,-23.459409713745117,27.02881622314453
vit_b_16,translation_right_32,757,9,-22.752714157104492,28.834379196166992
vit_b_16,translation_right_32,5211,9,-19.987720489501953,11.878887176513672
vit_b_16,translation_right_32,4049,9,-31.345199584960938,25.07355308532715
vit_b_16,translation_right_32,5301,9,-20.790563583374023,7.322956085205078
vit_b_16,translation_right_32,352,9,-24.60150718688965,25.97316551208496
vit_b_16,translation_right_32,3428,9,-13.576087951660156,21.80270004272461
vit_b_16,translation_right_32,3690,9,-27.404996871948242,4.699892044067383
vit_b_16,translation_right_32,2682,9,-27.651613235473633,24.64792823791504
vit_b_16,translation_right_32,7767,9,-25.857919692993164,6.073637962341309
vit_b_16,translation_right_32,6747,9,-26.631425857543945,17.43527603149414
vit_b_16,translation_right_32,4721,9,-20.22006607055664,18.30538558959961
vit_b_16,translation_right_32,7654,9,-25.425006866455078,31.050809860229492
vit_b_16,translation_right_32,3200,9,-27.757492065429688,22.683815002441406
vit_b_16,translation_right_32,7671,9,-28.75539779663086,21.523752212524414
vit_b_16,translation_right_32,6451,9,-20.33504867553711,27.832948684692383
vit_b_16,translation_right_32,732,9,-25.428417205810547,27.04677963256836
vit_b_16,translation_right_32,7845,9,-15.070115089416504,19.08327293395996
vit_b_16,translation_right_32,6496,9,-20.16400718688965,12.854065895080566
vit_b_16,translation_right_32,4956,9,-22.37453269958496,26.456003189086914
vit_b_16,translation_right_32,6536,9,-28.443471908569336,29.440914154052734
vit_b_16,translation_right_32,852,9,-23.24578094482422,23.843320846557617
vit_b_16,translation_right_32,4320,9,-14.192889213562012,21.73247528076172
vit_b_16,translation_right_32,5621,9,-29.148040771484375,22.72879409790039
vit_b_16,translation_right_32,4095,9,-29.885986328125,25.34642791748047
vit_b_16,translation_right_32,1163,9,-29.60693359375,26.74787712097168
vit_b_16,translation_right_32,3249,9,-25.104795455932617,11.126775741577148
vit_b_16,translation_right_32,2414,9,-23.35434913635254,5.023147106170654
vit_b_16,translation_right_32,3993,9,-13.140277862548828,21.041400909423828
vit_b_16,translation_right_32,3076,9,-26.707834243774414,26.300792694091797
vit_b_16,translation_right_32,1522,9,-28.387163162231445,25.252710342407227
vit_b_16,patch_shuffle,2937,0,-14.760383605957031,-17.299428939819336
vit_b_16,patch_shuffle,2210,0,-14.831110954284668,-34.42771530151367
vit_b_16,patch_shuffle,4533,0,-36.841522216796875,-14.824542045593262
vit_b_16,patch_shuffle,5067,0,-17.668075561523438,-15.650050163269043
vit_b_16,patch_shuffle,3488,0,-18.295438766479492,-34.59885025024414
vit_b_16,patch_shuffle,808,0,-17.710912704467773,-38.04743957519531
vit_b_16,patch_shuffle,298,0,-22.274145126342773,-20.52963638305664
vit_b_16,patch_shuffle,6817,0,-15.340387344360352,-35.928504943847656
vit_b_16,patch_shuffle,597,0,-36.5746955871582,-17.465614318847656
vit_b_16,patch_shuffle,339,0,-18.329029083251953,-32.55457305908203
vit_b_16,patch_shuffle,241,0,-13.972973823547363,-14.134389877319336
vit_b_16,patch_shuffle,6420,0,-23.843982696533203,-21.648006439208984
vit_b_16,patch_shuffle,422,0,-34.84772491455078,-11.80836009979248
vit_b_16,patch_shuffle,7782,0,-19.01930809020996,-26.51337432861328
vit_b_16,patch_shuffle,7869,0,-18.127262115478516,-32.89682388305664
vit_b_16,patch_shuffle,5999,0,-13.636128425598145,-14.768793106079102
vit_b_16,patch_shuffle,7975,0,-19.404098510742188,-28.366376876831055
vit_b_16,patch_shuffle,7101,0,-14.562532424926758,-34.9356689453125
vit_b_16,patch_shuffle,6762,0,-13.624279022216797,-16.624725341796875
vit_b_16,patch_shuffle,3999,0,-33.49605178833008,1.6310442686080933
vit_b_16,patch_shuffle,5255,0,-12.716513633728027,-16.701541900634766
vit_b_16,patch_shuffle,5276,0,-24.067554473876953,-23.011402130126953
vit_b_16,patch_shuffle,7165,0,-16.28227996826172,-33.536529541015625
vit_b_16,patch_shuffle,5624,0,-9.740551948547363,-35.887786865234375
vit_b_16,patch_shuffle,480,0,-13.906071662902832,-31.703523635864258
vit_b_16,patch_shuffle,4819,0,-23.68614959716797,-21.43275260925293
vit_b_16,patch_shuffle,7334,0,-24.15064811706543,-23.100387573242188
vit_b_16,patch_shuffle,6065,0,-13.638045310974121,-25.711387634277344
vit_b_16,patch_shuffle,5785,0,-24.139217376708984,-23.56348991394043
vit_b_16,patch_shuffle,359,0,-17.849720001220703,-37.64986038208008
vit_b_16,patch_shuffle,4045,0,-37.67115783691406,-16.51259422302246
vit_b_16,patch_shuffle,7128,0,-18.889892578125,-24.168514251708984
vit_b_16,patch_shuffle,7260,0,-37.66514205932617,-13.857927322387695
vit_b_16,patch_shuffle,3151,0,-19.96489143371582,-25.704917907714844
vit_b_16,patch_shuffle,1463,0,-20.665382385253906,-26.133434295654297
vit_b_16,patch_shuffle,5068,0,-34.68659210205078,-14.312396049499512
vit_b_16,patch_shuffle,3759,0,-17.452436447143555,-33.601837158203125
vit_b_16,patch_shuffle,6500,0,-13.445369720458984,-25.630239486694336
vit_b_16,patch_shuffle,1548,0,-21.03586769104004,-15.807634353637695
vit_b_16,patch_shuffle,728,0,-17.25234603881836,-33.00986862182617
vit_b_16,patch_shuffle,5711,0,-22.672399520874023,-10.09749698638916
vit_b_16,patch_shuffle,1977,0,-19.790000915527344,-25.99454116821289
vit_b_16,patch_shuffle,3285,0,-37.25096893310547,-17.006420135498047
vit_b_16,patch_shuffle,6429,0,-18.747127532958984,-26.6384334564209
vit_b_16,patch_shuffle,60,0,-10.462182998657227,-36.56672668457031
vit_b_16,patch_shuffle,3397,0,-16.997968673706055,-31.165746688842773
vit_b_16,patch_shuffle,7430,0,-21.086448669433594,-15.718910217285156
vit_b_16,patch_shuffle,4982,0,-36.17377471923828,-14.132527351379395
vit_b_16,patch_shuffle,752,0,-14.040266990661621,-17.782642364501953
vit_b_16,patch_shuffle,4151,0,-12.79623031616211,-14.90485954284668
vit_b_16,patch_shuffle,5093,1,14.199947357177734,-26.079307556152344
vit_b_16,patch_shuffle,4709,1,12.91232967376709,-30.11342430114746
vit_b_16,patch_shuffle,3530,1,10.427906036376953,-27.823558807373047
vit_b_16,patch_shuffle,6068,1,15.499436378479004,-16.350160598754883
vit_b_16,patch_shuffle,2673,1,15.127913475036621,-28.825531005859375
vit_b_16,patch_shuffle,3161,1,10.760503768920898,-26.04045295715332
vit_b_16,patch_shuffle,3254,1,11.824951171875,-10.562060356140137
vit_b_16,patch_shuffle,7217,1,4.853634834289551,-14.986763954162598
vit_b_16,patch_shuffle,5546,1,-2.207184076309204,-12.922760963439941
vit_b_16,patch_shuffle,6498,1,13.055445671081543,-5.361559867858887
vit_b_16,patch_shuffle,5425,1,-4.602435111999512,-16.435461044311523
vit_b_16,patch_shuffle,3537,1,11.829939842224121,-23.216373443603516
vit_b_16,patch_shuffle,463,1,13.818049430847168,-8.839315414428711
vit_b_16,patch_shuffle,4733,1,17.659809112548828,-17.55331039428711
vit_b_16,patch_shuffle,5240,1,10.365470886230469,-26.760671615600586
vit_b_16,patch_shuffle,3223,1,10.905641555786133,-34.429222106933594
vit_b_16,patch_shuffle,1740,1,5.095633506774902,-16.447566986083984
vit_b_16,patch_shuffle,6410,1,16.31517791748047,-15.360864639282227
vit_b_16,patch_shuffle,3834,1,14.302260398864746,-27.329727172851562
vit_b_16,patch_shuffle,1302,1,14.334280014038086,-29.965906143188477
vit_b_16,patch_shuffle,1218,1,10.833595275878906,-14.835752487182617
vit_b_16,patch_shuffle,1428,1,5.138227462768555,-16.042633056640625
vit_b_16,patch_shuffle,564,1,12.28704833984375,-28.180932998657227
vit_b_16,patch_shuffle,6072,1,14.976741790771484,-17.681415557861328
vit_b_16,patch_shuffle,2988,1,10.693115234375,-15.541010856628418
vit_b_16,patch_shuffle,3556,1,14.104951858520508,-11.210302352905273
vit_b_16,patch_shuffle,1053,1,13.493765830993652,-9.281261444091797
vit_b_16,patch_shuffle,6880,1,12.175312995910645,-1.8990029096603394
vit_b_16,patch_shuffle,5830,1,-1.0878547430038452,-16.20184898376465
vit_b_16,patch_shuffle,5394,1,11.221369743347168,-22.99117660522461
vit_b_16,patch_shuffle,963,1,8.764482498168945,-15.630430221557617
vit_b_16,patch_shuffle,5122,1,14.336788177490234,-15.488443374633789
vit_b_16,patch_shuffle,7052,1,14.442286491394043,-28.02176856994629
vit_b_16,patch_shuffle,1081,1,39.252986907958984,-12.256014823913574
vit_b_16,patch_shuffle,3588,1,11.767756462097168,-24.263193130493164
vit_b_16,patch_shuffle,1491,1,-0.8303829431533813,-16.988027572631836
vit_b_16,patch_shuffle,4188,1,16.533367156982422,-15.42255973815918
vit_b_16,patch_shuffle,1353,1,7.120389938354492,-7.386703968048096
vit_b_16,patch_shuffle,3388,1,14.863868713378906,-28.78342056274414
vit_b_16,patch_shuffle,7066,1,14.730607032775879,-29.480712890625
vit_b_16,patch_shuffle,275,1,1.2610357999801636,-13.204802513122559
vit_b_16,patch_shuffle,225,1,-5.283438682556152,-14.348421096801758
vit_b_16,patch_shuffle,61,1,10.417109489440918,3.2013676166534424
vit_b_16,patch_shuffle,5929,1,5.224558353424072,-15.688344955444336
vit_b_16,patch_shuffle,3144,1,8.062192916870117,-8.69167709350586
vit_b_16,patch_shuffle,6982,1,16.045570373535156,-28.52208137512207
vit_b_16,patch_shuffle,6938,1,10.425583839416504,-28.031471252441406
vit_b_16,patch_shuffle,6014,1,10.378180503845215,-26.594806671142578
vit_b_16,patch_shuffle,4361,1,11.346822738647461,-35.22886657714844
vit_b_16,patch_shuffle,6022,1,12.097797393798828,-23.206775665283203
vit_b_16,patch_shuffle,2915,2,-35.426700592041016,4.938468933105469
vit_b_16,patch_shuffle,2338,2,-37.58852767944336,7.895261287689209
vit_b_16,patch_shuffle,7327,2,-34.790523529052734,5.1225175857543945
vit_b_16,patch_shuffle,4201,2,-40.26395797729492,7.724790096282959
vit_b_16,patch_shuffle,1731,2,-36.801246643066406,6.552758693695068
vit_b_16,patch_shuffle,7826,2,-34.94917678833008,6.801276683807373
vit_b_16,patch_shuffle,4041,2,-40.401390075683594,9.739476203918457
vit_b_16,patch_shuffle,313,2,-36.772705078125,9.306279182434082
vit_b_16,patch_shuffle,2392,2,-37.29610061645508,9.843626976013184
vit_b_16,patch_shuffle,1750,2,-34.175537109375,8.86158561706543
vit_b_16,patch_shuffle,6053,2,-36.9608039855957,6.436131000518799
vit_b_16,patch_shuffle,5463,2,-31.41056251525879,5.612890243530273
vit_b_16,patch_shuffle,5484,2,-42.98521041870117,11.85912799835205
vit_b_16,patch_shuffle,6683,2,-40.3148193359375,8.616568565368652
vit_b_16,patch_shuffle,2611,2,-40.8501091003418,-2.190138339996338
vit_b_16,patch_shuffle,1059,2,-38.75263595581055,7.9070234298706055
vit_b_16,patch_shuffle,5177,2,-30.215818405151367,7.590918064117432
vit_b_16,patch_shuffle,6981,2,-42.184974670410156,5.522498607635498
vit_b_16,patch_shuffle,6347,2,-39.297271728515625,6.430815696716309
vit_b_16,patch_shuffle,6216,2,-39.159400939941406,6.9440412521362305
vit_b_16,patch_shuffle,655,2,-35.86009979248047,8.979827880859375
vit_b_16,patch_shuffle,7392,2,-34.80093765258789,6.082879543304443
vit_b_16,patch_shuffle,6548,2,-35.50261306762695,8.37336254119873
vit_b_16,patch_shuffle,6271,2,-42.91626739501953,12.797859191894531
vit_b_16,patch_shuffle,2252,2,-33.67817306518555,5.517217636108398
vit_b_16,patch_shuffle,3363,2,-35.389896392822266,7.810833930969238
vit_b_16,patch_shuffle,7843,2,-37.83363723754883,10.407094955444336
vit_b_16,patch_shuffle,6795,2,-42.791221618652344,12.669883728027344
vit_b_16,patch_shuffle,4605,2,-38.377140045166016,9.385110855102539
vit_b_16,patch_shuffle,5011,2,-32.89638900756836,10.264419555664062
vit_b_16,patch_shuffle,2436,2,-62.73366165161133,8.208367347717285
vit_b_16,patch_shuffle,3944,2,-36.05965805053711,9.917086601257324
vit_b_16,patch_shuffle,517,2,-33.16875457763672,8.758255958557129
vit_b_16,patch_shuffle,2200,2,-38.12920379638672,9.945629119873047
vit_b_16,patch_shuffle,3067,2,-36.694026947021484,8.41474723815918
vit_b_16,patch_shuffle,5004,2,-36.19652557373047,8.72569465637207
vit_b_16,patch_shuffle,6738,2,-40.423919677734375,8.3399658203125
vit_b_16,patch_shuffle,905,2,-34.91305160522461,8.365180015563965
vit_b_16,patch_shuffle,4316,2,-46.3764533996582,9.938013076782227
vit_b_16,patch_shuffle,332,2,-33.96271514892578,6.171637058258057
vit_b_16,patch_shuffle,2503,2,-33.945594787597656,4.304581642150879
vit_b_16,patch_shuffle,2748,2,-35.46495819091797,4.9321208000183105
vit_b_16,patch_shuffle,1179,2,-36.075687408447266,6.4328155517578125
vit_b_16,patch_shuffle,3641,2,-39.59129333496094,8.329419136047363
vit_b_16,patch_shuffle,5663,2,-35.70212173461914,8.884525299072266
vit_b_16,patch_shuffle,4440,2,-37.1024284362793,8.57774543762207
vit_b_16,patch_shuffle,2909,2,-42.50542449951172,11.670877456665039
vit_b_16,patch_shuffle,7711,2,-41.249549865722656,10.146297454833984
vit_b_16,patch_shuffle,88,2,-23.15903091430664,2.037405252456665
vit_b_16,patch_shuffle,5577,2,-37.54905319213867,7.535276889801025
vit_b_16,patch_shuffle,6459,3,50.00860595703125,2.985365390777588
vit_b_16,patch_shuffle,4174,3,31.808692932128906,6.0482635498046875
vit_b_16,patch_shuffle,6324,3,43.9064826965332,11.160881996154785
vit_b_16,patch_shuffle,2785,3,13.637249946594238,3.2658708095550537
vit_b_16,patch_shuffle,4473,3,50.537662506103516,0.627818763256073
vit_b_16,patch_shuffle,2480,3,41.41578674316406,6.140505313873291
vit_b_16,patch_shuffle,7360,3,50.96623229980469,-0.3472905158996582
vit_b_16,patch_shuffle,5976,3,36.5645866394043,-6.961956024169922
vit_b_16,patch_shuffle,7416,3,20.580842971801758,-2.4571895599365234
vit_b_16,patch_shuffle,1563,3,34.327247619628906,-24.460975646972656
vit_b_16,patch_shuffle,2206,3,34.394229888916016,-6.382636070251465
vit_b_16,patch_shuffle,5551,3,35.147613525390625,-5.922889709472656
vit_b_16,patch_shuffle,5635,3,33.59774398803711,13.583091735839844
vit_b_16,patch_shuffle,6632,3,49.75860595703125,2.029564142227173
vit_b_16,patch_shuffle,7891,3,33.146942138671875,19.278839111328125
vit_b_16,patch_shuffle,2434,3,34.61343002319336,-6.632093906402588
vit_b_16,patch_shuffle,6575,3,38.776336669921875,6.708593845367432
vit_b_16,patch_shuffle,589,3,50.94902801513672,1.4303656816482544
vit_b_16,patch_shuffle,897,3,33.7064323425293,-1.5848199129104614
vit_b_16,patch_shuffle,874,3,41.654701232910156,-1.5373458862304688
vit_b_16,patch_shuffle,1622,3,30.39837074279785,26.195716857910156
vit_b_16,patch_shuffle,249,3,31.97174644470215,16.574657440185547
vit_b_16,patch_shuffle,2360,3,37.984493255615234,16.193937301635742
vit_b_16,patch_shuffle,1343,3,46.65532302856445,6.9157633781433105
vit_b_16,patch_shuffle,4720,3,33.013832092285156,-2.9645254611968994
vit_b_16,patch_shuffle,6385,3,35.26179885864258,-7.258076190948486
vit_b_16,patch_shuffle,1241,3,40.5843391418457,36.584354400634766
vit_b_16,patch_shuffle,495,3,29.973628997802734,6.499966621398926
vit_b_16,patch_shuffle,1531,3,34.812461853027344,19.37334632873535
vit_b_16,patch_shuffle,2454,3,32.38249588012695,1.2329970598220825
vit_b_16,patch_shuffle,6641,3,52.04811096191406,2.2043380737304688
vit_b_16,patch_shuffle,3681,3,44.80327606201172,6.539860248565674
vit_b_16,patch_shuffle,185,3,34.94220733642578,-1.4202263355255127
vit_b_16,patch_shuffle,7421,3,17.226377487182617,9.960908889770508
vit_b_16,patch_shuffle,6826,3,49.15496063232422,3.6762964725494385
vit_b_16,patch_shuffle,2222,3,32.05358123779297,16.1117000579834
vit_b_16,patch_shuffle,1968,3,33.96582794189453,-1.3647476434707642
vit_b_16,patch_shuffle,3202,3,24.709735870361328,-0.6203964352607727
vit_b_16,patch_shuffle,5522,3,28.31902313232422,0.02427913434803486
vit_b_16,patch_shuffle,1946,3,47.51804733276367,4.194957733154297
vit_b_16,patch_shuffle,6094,3,33.22355651855469,16.168319702148438
vit_b_16,patch_shuffle,6647,3,52.046531677246094,2.285261869430542
vit_b_16,patch_shuffle,1187,3,29.159154891967773,0.3599521517753601
vit_b_16,patch_shuffle,3375,3,35.487979888916016,15.431181907653809
vit_b_16,patch_shuffle,4184,3,47.699424743652344,0.6250019669532776
vit_b_16,patch_shuffle,4858,3,35.68069839477539,-3.205732583999634
vit_b_16,patch_shuffle,2225,3,32.32953643798828,14.86980152130127
vit_b_16,patch_shuffle,5294,3,15.314753532409668,33.798030853271484
vit_b_16,patch_shuffle,7527,3,22.954166412353516,-3.7140910625457764
vit_b_16,patch_shuffle,4856,3,36.352378845214844,13.71339225769043
vit_b_16,patch_shuffle,321,4,31.332307815551758,23.18914794921875
vit_b_16,patch_shuffle,4155,4,29.828853607177734,26.765331268310547
vit_b_16,patch_shuffle,3928,4,20.482398986816406,36.91205596923828
vit_b_16,patch_shuffle,7910,4,34.1150016784668,44.586181640625
vit_b_16,patch_shuffle,1669,4,36.11823272705078,45.67756271362305
vit_b_16,patch_shuffle,2021,4,32.895286560058594,28.03969955444336
vit_b_16,patch_shuffle,3861,4,36.1134147644043,22.058958053588867
vit_b_16,patch_shuffle,3339,4,29.399370193481445,26.013139724731445
vit_b_16,patch_shuffle,7728,4,29.66131591796875,27.929973602294922
vit_b_16,patch_shuffle,5181,4,33.97201156616211,21.925739288330078
vit_b_16,patch_shuffle,6913,4,38.99855422973633,37.43272399902344
vit_b_16,patch_shuffle,4089,4,31.701513290405273,26.32257652282715
vit_b_16,patch_shuffle,1550,4,32.95415115356445,27.643945693969727
vit_b_16,patch_shuffle,3890,4,33.3310546875,25.062862396240234
vit_b_16,patch_shuffle,5467,4,34.61648178100586,45.568687438964844
vit_b_16,patch_shuffle,7661,4,30.481788635253906,41.20922088623047
vit_b_16,patch_shuffle,1694,4,30.78097152709961,27.815998077392578
vit_b_16,patch_shuffle,2064,4,36.32611083984375,45.07298278808594
vit_b_16,patch_shuffle,490,4,30.67646598815918,25.54134178161621
vit_b_16,patch_shuffle,6123,4,33.28322982788086,44.48881912231445
vit_b_16,patch_shuffle,5888,4,32.72295379638672,22.36137580871582
vit_b_16,patch_shuffle,6441,4,33.83927917480469,22.248794555664062
vit_b_16,patch_shuffle,7054,4,32.54585266113281,25.66660499572754
vit_b_16,patch_shuffle,2125,4,34.310855865478516,21.61980628967285
vit_b_16,patch_shuffle,1592,4,29.71080780029297,26.659696578979492
vit_b_16,patch_shuffle,7154,4,32.20075607299805,25.371265411376953
vit_b_16,patch_shuffle,1223,4,35.32788848876953,42.478885650634766
vit_b_16,patch_shuffle,4384,4,32.88854217529297,25.42860984802246
vit_b_16,patch_shuffle,3069,4,28.154953002929688,29.76204490661621
vit_b_16,patch_shuffle,4262,4,26.92610740661621,25.33802604675293
vit_b_16,patch_shuffle,2653,4,34.274566650390625,44.707332611083984
vit_b_16,patch_shuffle,1209,4,27.868228912353516,32.808753967285156
vit_b_16,patch_shuffle,5765,4,34.75044250488281,24.471641540527344
vit_b_16,patch_shuffle,3078,4,41.46430587768555,30.577289581298828
vit_b_16,patch_shuffle,2862,4,31.742582321166992,25.016170501708984
vit_b_16,patch_shuffle,5708,4,26.831140518188477,25.103744506835938
vit_b_16,patch_shuffle,4616,4,31.602399826049805,22.47243309020996
vit_b_16,patch_shuffle,3444,4,31.80879020690918,40.99506759643555
vit_b_16,patch_shuffle,650,4,1.094447374343872,-9.551275253295898
vit_b_16,patch_shuffle,1050,4,35.0011100769043,43.12269973754883
vit_b_16,patch_shuffle,7387,4,14.6537504196167,2.0479214191436768
vit_b_16,patch_shuffle,3012,4,32.78656005859375,23.392675399780273
vit_b_16,patch_shuffle,51,4,32.751930236816406,19.64191246032715
vit_b_16,patch_shuffle,6587,4,30.79730987548828,25.225543975830078
vit_b_16,patch_shuffle,6122,4,35.13395309448242,26.939855575561523
vit_b_16,patch_shuffle,1011,4,33.061012268066406,17.407554626464844
vit_b_16,patch_shuffle,7574,4,35.14173889160156,43.125484466552734
vit_b_16,patch_shuffle,4006,4,30.016796112060547,26.180767059326172
vit_b_16,patch_shuffle,2875,4,36.462955474853516,43.692039489746094
vit_b_16,patch_shuffle,3568,4,37.07524490356445,25.890180587768555
vit_b_16,patch_shuffle,3825,5,22.20547866821289,-3.259546995162964
vit_b_16,patch_shuffle,2451,5,11.503071784973145,4.315460205078125
vit_b_16,patch_shuffle,533,5,12.925091743469238,10.66769790649414
vit_b_16,patch_shuffle,6959,5,32.31589889526367,20.879270553588867
vit_b_16,patch_shuffle,6376,5,9.898224830627441,8.016207695007324
vit_b_16,patch_shuffle,3625,5,-3.0921835899353027,14.312984466552734
vit_b_16,patch_shuffle,5603,5,4.9195027351379395,5.505040168762207
vit_b_16,patch_shuffle,1715,5,18.02782440185547,10.148716926574707
vit_b_16,patch_shuffle,7577,5,32.92707824707031,21.706851959228516
vit_b_16,patch_shuffle,4917,5,7.353318691253662,3.0131280422210693
vit_b_16,patch_shuffle,6930,5,20.793853759765625,5.7445969581604
vit_b_16,patch_shuffle,78,5,18.13833236694336,10.452001571655273
vit_b_16,patch_shuffle,123,5,-2.449448823928833,15.715001106262207
vit_b_16,patch_shuffle,7179,5,21.5267333984375,-8.884744644165039
vit_b_16,patch_shuffle,5234,5,32.28360366821289,20.00491714477539
vit_b_16,patch_shuffle,1057,5,6.4754252433776855,4.2007317543029785
vit_b_16,patch_shuffle,5288,5,5.889869213104248,5.416774272918701
vit_b_16,patch_shuffle,1677,5,14.803263664245605,0.22562488913536072
vit_b_16,patch_shuffle,4526,5,19.020902633666992,4.469170093536377
vit_b_16,patch_shuffle,6019,5,4.872554302215576,5.233534812927246
vit_b_16,patch_shuffle,7672,5,-0.9582480192184448,14.346728324890137
vit_b_16,patch_shuffle,840,5,-1.7826958894729614,17.388662338256836
vit_b_16,patch_shuffle,4870,5,20.929800033569336,-4.031476974487305
vit_b_16,patch_shuffle,162,5,8.640453338623047,23.437847137451172
vit_b_16,patch_shuffle,1361,5,19.991294860839844,-3.5257503986358643
vit_b_16,patch_shuffle,5281,5,20.953784942626953,-6.166566848754883
vit_b_16,patch_shuffle,2332,5,9.002925872802734,21.52686309814453
vit_b_16,patch_shuffle,6822,5,13.029182434082031,1.227922797203064
vit_b_16,patch_shuffle,2453,5,20.02798843383789,10.385269165039062
vit_b_16,patch_shuffle,6970,5,-0.7758508920669556,15.738091468811035
vit_b_16,patch_shuffle,39,5,15.288797378540039,7.831599235534668
vit_b_16,patch_shuffle,7429,5,13.768468856811523,11.266053199768066
vit_b_16,patch_shuffle,3892,5,12.94962215423584,10.511975288391113
vit_b_16,patch_shuffle,5794,5,10.294878005981445,15.826896667480469
vit_b_16,patch_shuffle,7343,5,8.993280410766602,22.843122482299805
vit_b_16,patch_shuffle,5646,5,18.454004287719727,-0.8475788235664368
vit_b_16,patch_shuffle,3080,5,10.790324211120605,7.053256034851074
vit_b_16,patch_shuffle,6989,5,18.63568115234375,7.020196437835693
vit_b_16,patch_shuffle,4265,5,21.611257553100586,-6.062948703765869
vit_b_16,patch_shuffle,5687,5,13.107161521911621,11.544793128967285
vit_b_16,patch_shuffle,567,5,-2.079145669937134,15.798249244689941
vit_b_16,patch_shuffle,4862,5,16.70283317565918,6.91154670715332
vit_b_16,patch_shuffle,5767,5,-2.1259615421295166,14.367630004882812
vit_b_16,patch_shuffle,4597,5,7.980755805969238,10.158594131469727
vit_b_16,patch_shuffle,4966,5,11.451935768127441,2.3124921321868896
vit_b_16,patch_shuffle,5417,5,32.31956100463867,21.0235595703125
vit_b_16,patch_shuffle,1823,5,19.953163146972656,-6.227659702301025
vit_b_16,patch_shuffle,7771,5,7.821666717529297,6.9739789962768555
vit_b_16,patch_shuffle,1889,5,6.993978977203369,4.474739074707031
vit_b_16,patch_shuffle,1010,5,18.179914474487305,6.258627414703369
vit_b_16,patch_shuffle,6614,6,13.943105697631836,3.1227550506591797
vit_b_16,patch_shuffle,813,6,-4.20827579498291,45.09840393066406
vit_b_16,patch_shuffle,2485,6,4.5438313484191895,46.104637145996094
vit_b_16,patch_shuffle,4430,6,3.3014683723449707,46.03883743286133
vit_b_16,patch_shuffle,6485,6,3.592853546142578,44.39524841308594
vit_b_16,patch_shuffle,1770,6,1.2436548471450806,39.73796081542969
vit_b_16,patch_shuffle,2201,6,-29.820110321044922,3.558709144592285
vit_b_16,patch_shuffle,3193,6,16.717771530151367,47.04054260253906
vit_b_16,patch_shuffle,3628,6,9.771193504333496,18.348949432373047
vit_b_16,patch_shuffle,2647,6,15.843889236450195,33.588600158691406
vit_b_16,patch_shuffle,1890,6,3.3783164024353027,53.965782165527344
vit_b_16,patch_shuffle,5986,6,0.9377403855323792,42.678340911865234
vit_b_16,patch_shuffle,1330,6,7.838749885559082,40.75809860229492
vit_b_16,patch_shuffle,6746,6,-2.246112108230591,45.68043518066406
vit_b_16,patch_shuffle,7622,6,2.808260917663574,40.91958999633789
vit_b_16,patch_shuffle,7962,6,-0.43108367919921875,44.94549560546875
vit_b_16,patch_shuffle,7745,6,15.951525688171387,48.2464599609375
vit_b_16,patch_shuffle,2566,6,-6.443971157073975,-1.5674844980239868
vit_b_16,patch_shuffle,19,6,-0.28611379861831665,42.480712890625
vit_b_16,patch_shuffle,6411,6,16.664936065673828,34.45429611206055
vit_b_16,patch_shuffle,2561,6,28.811933517456055,42.66145324707031
vit_b_16,patch_shuffle,3418,6,15.746400833129883,47.59806442260742
vit_b_16,patch_shuffle,5854,6,3.5341339111328125,47.96427917480469
vit_b_16,patch_shuffle,3802,6,3.5840606689453125,53.81327819824219
vit_b_16,patch_shuffle,4685,6,0.5599679350852966,42.482139587402344
vit_b_16,patch_shuffle,4251,6,19.115100860595703,11.921427726745605
vit_b_16,patch_shuffle,4798,6,25.958900451660156,25.440473556518555
vit_b_16,patch_shuffle,2565,6,1.8934745788574219,50.99898910522461
vit_b_16,patch_shuffle,4476,6,11.841558456420898,30.73369026184082
vit_b_16,patch_shuffle,2969,6,3.774787187576294,45.930389404296875
vit_b_16,patch_shuffle,3661,6,0.9416542649269104,41.32292556762695
vit_b_16,patch_shuffle,629,6,7.444647312164307,43.97823715209961
vit_b_16,patch_shuffle,5722,6,-7.765172481536865,43.50425338745117
vit_b_16,patch_shuffle,6790,6,2.642610549926758,45.89793395996094
vit_b_16,patch_shuffle,6920,6,3.833780288696289,44.18513488769531
vit_b_16,patch_shuffle,6154,6,-3.857820749282837,46.11479187011719
vit_b_16,patch_shuffle,3137,6,3.101184368133545,52.281593322753906
vit_b_16,patch_shuffle,4411,6,14.510923385620117,7.590506076812744
vit_b_16,patch_shuffle,1912,6,1.6832810640335083,42.89567947387695
vit_b_16,patch_shuffle,7108,6,34.50112533569336,47.018028259277344
vit_b_16,patch_shuffle,1077,6,3.398585557937622,53.73664855957031
vit_b_16,patch_shuffle,432,6,16.613279342651367,34.2577018737793
vit_b_16,patch_shuffle,1481,6,2.2197701930999756,45.997276306152344
vit_b_16,patch_shuffle,7187,6,15.235740661621094,34.51426315307617
vit_b_16,patch_shuffle,4746,6,16.980409622192383,47.646728515625
vit_b_16,patch_shuffle,5732,6,34.46318054199219,46.374267578125
vit_b_16,patch_shuffle,1157,6,-28.8621768951416,3.1783459186553955
vit_b_16,patch_shuffle,4968,6,17.43590545654297,45.83176803588867
vit_b_16,patch_shuffle,4869,6,7.330429553985596,44.797767639160156
vit_b_16,patch_shuffle,760,6,14.767635345458984,35.84189987182617
vit_b_16,patch_shuffle,864,7,49.526493072509766,-22.75514793395996
vit_b_16,patch_shuffle,2982,7,50.313987731933594,-20.836278915405273
vit_b_16,patch_shuffle,7778,7,48.00166702270508,-37.76845169067383
vit_b_16,patch_shuffle,6876,7,44.31731414794922,-34.90633773803711
vit_b_16,patch_shuffle,2756,7,46.300479888916016,-23.931716918945312
vit_b_16,patch_shuffle,6225,7,25.092416763305664,-45.41957473754883
vit_b_16,patch_shuffle,1514,7,25.642955780029297,-46.057308197021484
vit_b_16,patch_shuffle,4951,7,40.435211181640625,-29.08841323852539
vit_b_16,patch_shuffle,7608,7,39.379730224609375,-39.59081268310547
vit_b_16,patch_shuffle,7769,7,38.78157424926758,-40.163787841796875
vit_b_16,patch_shuffle,3590,7,48.051544189453125,-21.67282485961914
vit_b_16,patch_shuffle,2808,7,47.59044647216797,-38.27976989746094
vit_b_16,patch_shuffle,230,7,29.267305374145508,-43.291690826416016
vit_b_16,patch_shuffle,2787,7,26.052448272705078,-45.603668212890625
vit_b_16,patch_shuffle,4080,7,37.73637008666992,-40.371158599853516
vit_b_16,patch_shuffle,6301,7,29.8150634765625,21.454723358154297
vit_b_16,patch_shuffle,6840,7,38.25739669799805,-26.401880264282227
vit_b_16,patch_shuffle,6882,7,35.335853576660156,-36.12717819213867
vit_b_16,patch_shuffle,1473,7,37.35869598388672,-30.59157943725586
vit_b_16,patch_shuffle,1237,7,49.66267013549805,-21.720727920532227
vit_b_16,patch_shuffle,6869,7,34.18545913696289,-26.64600944519043
vit_b_16,patch_shuffle,1656,7,25.691030502319336,-45.96589660644531
vit_b_16,patch_shuffle,493,7,38.37661361694336,-39.37764358520508
vit_b_16,patch_shuffle,6663,7,50.53694534301758,-21.31359100341797
vit_b_16,patch_shuffle,2100,7,48.49779510498047,-23.01508903503418
vit_b_16,patch_shuffle,6725,7,25.287986755371094,-43.54257583618164
vit_b_16,patch_shuffle,4773,7,36.0859489440918,-32.10269546508789
vit_b_16,patch_shuffle,2207,7,47.623313903808594,-25.76824951171875
vit_b_16,patch_shuffle,1122,7,47.05292892456055,-22.483295440673828
vit_b_16,patch_shuffle,7695,7,47.92225646972656,-22.824073791503906
vit_b_16,patch_shuffle,2063,7,24.865835189819336,-42.52880096435547
vit_b_16,patch_shuffle,5697,7,39.80289077758789,-30.612442016601562
vit_b_16,patch_shuffle,2581,7,38.080078125,-29.41746711730957
vit_b_16,patch_shuffle,5995,7,35.860321044921875,-35.80073928833008
vit_b_16,patch_shuffle,1985,7,25.086956024169922,-46.77821350097656
vit_b_16,patch_shuffle,2773,7,48.5252571105957,-19.341501235961914
vit_b_16,patch_shuffle,6322,7,41.25946044921875,-32.21176528930664
vit_b_16,patch_shuffle,3411,7,47.652061462402344,-22.88566017150879
vit_b_16,patch_shuffle,6149,7,23.88808250427246,-44.76666259765625
vit_b_16,patch_shuffle,7505,7,35.467193603515625,-32.02708435058594
vit_b_16,patch_shuffle,6374,7,26.124528884887695,-48.658443450927734
vit_b_16,patch_shuffle,57,7,39.313114166259766,-39.0731086730957
vit_b_16,patch_shuffle,4441,7,47.738521575927734,-24.15785789489746
vit_b_16,patch_shuffle,3581,7,46.800132751464844,-36.9556884765625
vit_b_16,patch_shuffle,5586,7,26.573305130004883,-48.64844512939453
vit_b_16,patch_shuffle,3140,7,23.875198364257812,-44.86627197265625
vit_b_16,patch_shuffle,5535,7,39.95269012451172,-33.28325271606445
vit_b_16,patch_shuffle,1224,7,48.09022521972656,-36.565635681152344
vit_b_16,patch_shuffle,680,7,26.563692092895508,-40.66286849975586
vit_b_16,patch_shuffle,3230,7,49.03968048095703,-28.0075626373291
vit_b_16,patch_shuffle,6797,8,-47.30266571044922,-24.801280975341797
vit_b_16,patch_shuffle,7508,8,-45.159217834472656,-25.937360763549805
vit_b_16,patch_shuffle,6365,8,-47.66791915893555,-37.2618522644043
vit_b_16,patch_shuffle,4058,8,-56.98460006713867,-21.895896911621094
vit_b_16,patch_shuffle,6110,8,-46.812744140625,-39.23484420776367
vit_b_16,patch_shuffle,2335,8,-45.55031967163086,-39.074867248535156
vit_b_16,patch_shuffle,4844,8,-47.49148941040039,-27.394195556640625
vit_b_16,patch_shuffle,3479,8,-40.74771499633789,-25.260581970214844
vit_b_16,patch_shuffle,4876,8,-45.246795654296875,-39.13117980957031
vit_b_16,patch_shuffle,3551,8,-57.025997161865234,-21.55131721496582
vit_b_16,patch_shuffle,4072,8,-53.89596176147461,-21.97170639038086
vit_b_16,patch_shuffle,5959,8,-46.538307189941406,-24.959623336791992
vit_b_16,patch_shuffle,4655,8,-55.915042877197266,-23.430837631225586
vit_b_16,patch_shuffle,6302,8,-56.95232391357422,-21.43138313293457
vit_b_16,patch_shuffle,4690,8,-46.58974075317383,-38.531673431396484
vit_b_16,patch_shuffle,4030,8,-56.06022644042969,-21.992929458618164
vit_b_16,patch_shuffle,7596,8,-48.86096954345703,-24.72435760498047
vit_b_16,patch_shuffle,7300,8,-39.13804626464844,-28.030006408691406
vit_b_16,patch_shuffle,2355,8,-56.69419479370117,-20.944866180419922
vit_b_16,patch_shuffle,2657,8,-45.33232879638672,-26.69582748413086
vit_b_16,patch_shuffle,1002,8,-54.402488708496094,-22.264907836914062
vit_b_16,patch_shuffle,7907,8,-54.9031982421875,-22.456003189086914
vit_b_16,patch_shuffle,460,8,-45.56004333496094,-38.095542907714844
vit_b_16,patch_shuffle,4632,8,-46.79521179199219,-39.42973709106445
vit_b_16,patch_shuffle,6832,8,-45.712039947509766,-27.770263671875
vit_b_16,patch_shuffle,5398,8,-45.68291473388672,-25.386348724365234
vit_b_16,patch_shuffle,6643,8,-41.543487548828125,-27.299489974975586
vit_b_16,patch_shuffle,6274,8,-45.96334457397461,-38.94541549682617
vit_b_16,patch_shuffle,1166,8,-41.32750701904297,-25.361562728881836
vit_b_16,patch_shuffle,5040,8,-48.20071792602539,-25.918092727661133
vit_b_16,patch_shuffle,1658,8,-49.60538864135742,-26.779497146606445
vit_b_16,patch_shuffle,6001,8,-48.39611053466797,-24.85407829284668
vit_b_16,patch_shuffle,5320,8,-45.51371765136719,-28.181262969970703
vit_b_16,patch_shuffle,2038,8,-54.701473236083984,-21.536733627319336
vit_b_16,patch_shuffle,2099,8,-52.388694763183594,-20.969036102294922
vit_b_16,patch_shuffle,6870,8,-48.763641357421875,-24.049335479736328
vit_b_16,patch_shuffle,5479,8,-44.023555755615234,-40.354923248291016
vit_b_16,patch_shuffle,266,8,-58.25370407104492,-22.43048667907715
vit_b_16,patch_shuffle,6162,8,-47.9726676940918,-25.381332397460938
vit_b_16,patch_shuffle,3816,8,-40.26240539550781,-25.505849838256836
vit_b_16,patch_shuffle,3900,8,-46.34492492675781,-25.07335090637207
vit_b_16,patch_shuffle,2059,8,-55.338958740234375,-28.063350677490234
vit_b_16,patch_shuffle,6131,8,-45.57053756713867,-32.46340560913086
vit_b_16,patch_shuffle,273,8,-51.828250885009766,-26.14104652404785
vit_b_16,patch_shuffle,1255,8,-51.32724380493164,-26.164501190185547
vit_b_16,patch_shuffle,6862,8,-47.062339782714844,-39.24479675292969
vit_b_16,patch_shuffle,7976,8,-49.605464935302734,-26.046390533447266
vit_b_16,patch_shuffle,1616,8,-50.970699310302734,-21.43418312072754
vit_b_16,patch_shuffle,602,8,-43.521339416503906,-25.105072021484375
vit_b_16,patch_shuffle,5134,8,-46.260318756103516,-37.763580322265625
vit_b_16,patch_shuffle,932,9,-29.43238067626953,11.484109878540039
vit_b_16,patch_shuffle,2674,9,-31.988277435302734,19.502735137939453
vit_b_16,patch_shuffle,5655,9,-31.89454460144043,6.797111988067627
vit_b_16,patch_shuffle,7705,9,-30.84326171875,19.026992797851562
vit_b_16,patch_shuffle,952,9,-31.153032302856445,16.981231689453125
vit_b_16,patch_shuffle,1836,9,-33.928977966308594,16.97535514831543
vit_b_16,patch_shuffle,6202,9,-31.7188777923584,6.831821441650391
vit_b_16,patch_shuffle,7701,9,-17.29694938659668,7.70681095123291
vit_b_16,patch_shuffle,7147,9,-32.844085693359375,12.719422340393066
vit_b_16,patch_shuffle,243,9,-31.327417373657227,12.943602561950684
vit_b_16,patch_shuffle,7330,9,-29.798738479614258,17.698163986206055
vit_b_16,patch_shuffle,2379,9,-34.242671966552734,10.310990333557129
vit_b_16,patch_shuffle,5210,9,-31.555063247680664,9.947484970092773
vit_b_16,patch_shuffle,3103,9,-29.09865379333496,10.918695449829102
vit_b_16,patch_shuffle,7049,9,-31.569561004638672,11.049227714538574
vit_b_16,patch_shuffle,7921,9,-33.460853576660156,11.92824649810791
vit_b_16,patch_shuffle,2667,9,-31.04608154296875,19.15464973449707
vit_b_16,patch_shuffle,1240,9,-31.859416961669922,9.616737365722656
vit_b_16,patch_shuffle,2166,9,-31.62445640563965,16.42798614501953
vit_b_16,patch_shuffle,4362,9,-31.15349578857422,16.839439392089844
vit_b_16,patch_shuffle,757,9,-31.738948822021484,15.248823165893555
vit_b_16,patch_shuffle,5211,9,-33.812889099121094,11.23723030090332
vit_b_16,patch_shuffle,4049,9,-30.073562622070312,20.071407318115234
vit_b_16,patch_shuffle,5301,9,-20.07600975036621,7.152538299560547
vit_b_16,patch_shuffle,352,9,-32.25325012207031,13.114302635192871
vit_b_16,patch_shuffle,3428,9,-12.706669807434082,22.557558059692383
vit_b_16,patch_shuffle,3690,9,-28.41204833984375,4.0443878173828125
vit_b_16,patch_shuffle,2682,9,-33.697837829589844,9.44559097290039
vit_b_16,patch_shuffle,7767,9,-30.63878631591797,5.1739983558654785
vit_b_16,patch_shuffle,6747,9,-14.036343574523926,1.0486626625061035
vit_b_16,patch_shuffle,4721,9,-29.122594833374023,5.45070219039917
vit_b_16,patch_shuffle,7654,9,-30.473804473876953,15.547480583190918
vit_b_16,patch_shuffle,3200,9,-33.21774673461914,12.27807331085205
vit_b_16,patch_shuffle,7671,9,-29.240930557250977,20.913711547851562
vit_b_16,patch_shuffle,6451,9,-23.120206832885742,-9.665595054626465
vit_b_16,patch_shuffle,732,9,-32.8033447265625,10.691492080688477
vit_b_16,patch_shuffle,7845,9,-26.743473052978516,8.410757064819336
vit_b_16,patch_shuffle,6496,9,-31.977046966552734,14.731334686279297
vit_b_16,patch_shuffle,4956,9,-31.465810775756836,8.238645553588867
vit_b_16,patch_shuffle,6536,9,-30.466739654541016,15.876413345336914
vit_b_16,patch_shuffle,852,9,-31.90057373046875,9.452363014221191
vit_b_16,patch_shuffle,4320,9,-12.733088493347168,22.661256790161133
vit_b_16,patch_shuffle,5621,9,-31.93138313293457,18.387252807617188
vit_b_16,patch_shuffle,4095,9,-30.534826278686523,18.82046890258789
vit_b_16,patch_shuffle,1163,9,-31.740224838256836,19.8752384185791
vit_b_16,patch_shuffle,3249,9,-34.024417877197266,7.415451526641846
vit_b_16,patch_shuffle,2414,9,-23.047313690185547,4.279860973358154
vit_b_16,patch_shuffle,3993,9,-31.228260040283203,8.598731994628906
vit_b_16,patch_shuffle,3076,9,-32.463600158691406,13.285923957824707
vit_b_16,patch_shuffle,1522,9,-30.78057861328125,17.999483108520508
clip_vit_b_32,baseline,2937,0,-17.313735961914062,-0.2816440165042877
clip_vit_b_32,baseline,2210,0,-18.933263778686523,-13.635750770568848
clip_vit_b_32,baseline,4533,0,-27.032251358032227,-3.4048874378204346
clip_vit_b_32,baseline,5067,0,21.168560028076172,24.813264846801758
clip_vit_b_32,baseline,3488,0,-20.468902587890625,-11.773672103881836
clip_vit_b_32,baseline,808,0,-22.502357482910156,-12.910632133483887
clip_vit_b_32,baseline,298,0,-16.77163314819336,2.929837942123413
clip_vit_b_32,baseline,6817,0,-18.45774269104004,-16.74631118774414
clip_vit_b_32,baseline,597,0,-26.2240047454834,-6.383613586425781
clip_vit_b_32,baseline,339,0,-19.05158805847168,-5.572171688079834
clip_vit_b_32,baseline,241,0,-19.477571487426758,0.489153653383255
clip_vit_b_32,baseline,6420,0,-15.145271301269531,0.5779197216033936
clip_vit_b_32,baseline,422,0,-28.2643985748291,-3.0725066661834717
clip_vit_b_32,baseline,7782,0,-10.212790489196777,-5.397895812988281
clip_vit_b_32,baseline,7869,0,-16.155529022216797,-4.7099175453186035
clip_vit_b_32,baseline,5999,0,-13.210554122924805,-2.7003960609436035
clip_vit_b_32,baseline,7975,0,-18.407114028930664,-6.757948875427246
clip_vit_b_32,baseline,7101,0,-17.67140769958496,-14.246746063232422
clip_vit_b_32,baseline,6762,0,-19.78904151916504,-2.9443585872650146
clip_vit_b_32,baseline,3999,0,-8.187433242797852,-3.338176965713501
clip_vit_b_32,baseline,5255,0,-13.277713775634766,-3.6126580238342285
clip_vit_b_32,baseline,5276,0,-19.34807777404785,-2.0803897380828857
clip_vit_b_32,baseline,7165,0,-18.267925262451172,-12.77348518371582
clip_vit_b_32,baseline,5624,0,-15.639327049255371,-14.162951469421387
clip_vit_b_32,baseline,480,0,-14.998971939086914,-10.454093933105469
clip_vit_b_32,baseline,4819,0,-19.412683486938477,-1.3181520700454712
clip_vit_b_32,baseline,7334,0,-20.314193725585938,-1.6881147623062134
clip_vit_b_32,baseline,6065,0,-17.669591903686523,-9.298108100891113
clip_vit_b_32,baseline,5785,0,-21.163713455200195,-1.03003990650177
clip_vit_b_32,baseline,359,0,-19.49810218811035,-12.138525009155273
clip_vit_b_32,baseline,4045,0,-31.977415084838867,-6.227221965789795
clip_vit_b_32,baseline,7128,0,-10.324254989624023,-2.720062732696533
clip_vit_b_32,baseline,7260,0,-25.118118286132812,-3.256192445755005
clip_vit_b_32,baseline,3151,0,-10.271512031555176,-4.378939628601074
clip_vit_b_32,baseline,1463,0,-11.31676959991455,-2.7049012184143066
clip_vit_b_32,baseline,5068,0,-29.966732025146484,-3.818737030029297
clip_vit_b_32,baseline,3759,0,-17.91809844970703,-11.440787315368652
clip_vit_b_32,baseline,6500,0,-15.974203109741211,-10.472484588623047
clip_vit_b_32,baseline,1548,0,-21.276105880737305,-9.25369930267334
clip_vit_b_32,baseline,728,0,-18.075830459594727,-10.688338279724121
clip_vit_b_32,baseline,5711,0,-18.593381881713867,2.433002233505249
clip_vit_b_32,baseline,1977,0,-9.67441463470459,-4.365461826324463
clip_vit_b_32,baseline,3285,0,-26.256967544555664,-5.231369495391846
clip_vit_b_32,baseline,6429,0,-19.869123458862305,-6.265469074249268
clip_vit_b_32,baseline,60,0,-17.32901954650879,-11.89175033569336
clip_vit_b_32,baseline,3397,0,-15.895456314086914,-14.39601993560791
clip_vit_b_32,baseline,7430,0,-21.018367767333984,-9.006187438964844
clip_vit_b_32,baseline,4982,0,-27.65943717956543,-1.1536575555801392
clip_vit_b_32,baseline,752,0,-13.960212707519531,-13.605772972106934
clip_vit_b_32,baseline,4151,0,-12.633857727050781,-5.504567623138428
clip_vit_b_32,baseline,5093,1,5.6213226318359375,50.997901916503906
clip_vit_b_32,baseline,4709,1,2.88580060005188,48.228824615478516
clip_vit_b_32,baseline,3530,1,5.31201696395874,46.540645599365234
clip_vit_b_32,baseline,6068,1,5.010117530822754,49.953224182128906
clip_vit_b_32,baseline,2673,1,-0.8309568762779236,48.454402923583984
clip_vit_b_32,baseline,3161,1,1.361634373664856,53.60896682739258
clip_vit_b_32,baseline,3254,1,11.676986694335938,39.593162536621094
clip_vit_b_32,baseline,7217,1,6.626477241516113,43.884788513183594
clip_vit_b_32,baseline,5546,1,-1.6352635622024536,34.50953674316406
clip_vit_b_32,baseline,6498,1,12.999889373779297,30.142698287963867
clip_vit_b_32,baseline,5425,1,-4.909581184387207,35.48500442504883
clip_vit_b_32,baseline,3537,1,5.049008846282959,45.076297760009766
clip_vit_b_32,baseline,463,1,5.680056571960449,33.38341522216797
clip_vit_b_32,baseline,4733,1,-1.4105579853057861,43.58740234375
clip_vit_b_32,baseline,5240,1,1.022511601448059,53.19458770751953
clip_vit_b_32,baseline,3223,1,6.017492294311523,41.694297790527344
clip_vit_b_32,baseline,1740,1,6.687086582183838,48.360660552978516
clip_vit_b_32,baseline,6410,1,4.551545143127441,50.775726318359375
clip_vit_b_32,baseline,3834,1,0.4247996211051941,47.988319396972656
clip_vit_b_32,baseline,1302,1,-1.0755571126937866,49.122657775878906
clip_vit_b_32,baseline,1218,1,0.7424150109291077,46.35716247558594
clip_vit_b_32,baseline,1428,1,7.9856181144714355,51.47831726074219
clip_vit_b_32,baseline,564,1,4.07607889175415,40.92727279663086
clip_vit_b_32,baseline,6072,1,-0.01995139569044113,49.42123794555664
clip_vit_b_32,baseline,2988,1,-2.887094497680664,44.56893539428711
clip_vit_b_32,baseline,3556,1,6.576508522033691,29.84649085998535
clip_vit_b_32,baseline,1053,1,2.009106397628784,35.40908432006836
clip_vit_b_32,baseline,6880,1,-6.419310092926025,42.24422836303711
clip_vit_b_32,baseline,5830,1,-6.8814802169799805,35.839599609375
clip_vit_b_32,baseline,5394,1,4.472735404968262,46.05043029785156
clip_vit_b_32,baseline,963,1,8.721633911132812,34.49427795410156
clip_vit_b_32,baseline,5122,1,-2.8637475967407227,47.349693298339844
clip_vit_b_32,baseline,7052,1,-1.4079731702804565,50.60746383666992
clip_vit_b_32,baseline,1081,1,10.200124740600586,38.16370391845703
clip_vit_b_32,baseline,3588,1,3.3876779079437256,44.462345123291016
clip_vit_b_32,baseline,1491,1,-5.822885036468506,37.00524139404297
clip_vit_b_32,baseline,4188,1,-4.3293657302856445,40.22748565673828
clip_vit_b_32,baseline,1353,1,-2.4615235328674316,37.69976043701172
clip_vit_b_32,baseline,3388,1,-2.504793882369995,48.47907257080078
clip_vit_b_32,baseline,7066,1,-2.438006639480591,49.42357635498047
clip_vit_b_32,baseline,275,1,-6.260461330413818,37.4149284362793
clip_vit_b_32,baseline,225,1,-3.8598554134368896,34.81991958618164
clip_vit_b_32,baseline,61,1,-0.9224241971969604,41.061153411865234
clip_vit_b_32,baseline,5929,1,2.2062571048736572,50.511192321777344
clip_vit_b_32,baseline,3144,1,-0.8768162131309509,45.47368240356445
clip_vit_b_32,baseline,6982,1,2.4560468196868896,46.70417022705078
clip_vit_b_32,baseline,6938,1,3.2483675479888916,47.13557815551758
clip_vit_b_32,baseline,6014,1,1.6767293214797974,52.81576919555664
clip_vit_b_32,baseline,4361,1,1.150206208229065,44.19132614135742
clip_vit_b_32,baseline,6022,1,4.684201240539551,43.03131103515625
clip_vit_b_32,baseline,2915,2,-43.32847595214844,33.95723342895508
clip_vit_b_32,baseline,2338,2,-27.70914649963379,40.79978942871094
clip_vit_b_32,baseline,7327,2,-43.71135330200195,34.353515625
clip_vit_b_32,baseline,4201,2,-28.688186645507812,45.242801666259766
clip_vit_b_32,baseline,1731,2,-33.10742950439453,41.886478424072266
clip_vit_b_32,baseline,7826,2,-36.49018478393555,34.57417297363281
clip_vit_b_32,baseline,4041,2,-37.57408142089844,45.173431396484375
clip_vit_b_32,baseline,313,2,-34.66853332519531,41.2939453125
clip_vit_b_32,baseline,2392,2,-38.809200286865234,44.710105895996094
clip_vit_b_32,baseline,1750,2,-26.30828857421875,42.74081802368164
clip_vit_b_32,baseline,6053,2,-36.5507698059082,41.30168914794922
clip_vit_b_32,baseline,5463,2,-32.08376693725586,24.27256202697754
clip_vit_b_32,baseline,5484,2,-34.614349365234375,48.8140754699707
clip_vit_b_32,baseline,6683,2,-32.719547271728516,45.946998596191406
clip_vit_b_32,baseline,2611,2,-37.45412063598633,1.0501763820648193
clip_vit_b_32,baseline,1059,2,-23.942604064941406,40.711204528808594
clip_vit_b_32,baseline,5177,2,-35.50253677368164,27.53407096862793
clip_vit_b_32,baseline,6981,2,-29.867143630981445,46.212772369384766
clip_vit_b_32,baseline,6347,2,-30.943235397338867,43.799713134765625
clip_vit_b_32,baseline,6216,2,-31.481739044189453,41.07744216918945
clip_vit_b_32,baseline,655,2,-31.817646026611328,36.60115051269531
clip_vit_b_32,baseline,7392,2,-38.86939239501953,37.454254150390625
clip_vit_b_32,baseline,6548,2,-40.764801025390625,32.77283477783203
clip_vit_b_32,baseline,6271,2,-37.21501541137695,49.3333740234375
clip_vit_b_32,baseline,2252,2,-35.609615325927734,32.37333297729492
clip_vit_b_32,baseline,3363,2,-41.44007873535156,34.05050277709961
clip_vit_b_32,baseline,7843,2,-35.774932861328125,46.71133804321289
clip_vit_b_32,baseline,6795,2,-37.97461700439453,48.85239791870117
clip_vit_b_32,baseline,4605,2,-24.488122940063477,39.60661697387695
clip_vit_b_32,baseline,5011,2,-26.736955642700195,38.281593322753906
clip_vit_b_32,baseline,2436,2,-34.37043762207031,38.67222595214844
clip_vit_b_32,baseline,3944,2,-42.2255973815918,31.32257080078125
clip_vit_b_32,baseline,517,2,-21.973981857299805,43.07612609863281
clip_vit_b_32,baseline,2200,2,-37.02647018432617,46.59929656982422
clip_vit_b_32,baseline,3067,2,-39.505859375,43.896690368652344
clip_vit_b_32,baseline,5004,2,-29.062854766845703,41.75907897949219
clip_vit_b_32,baseline,6738,2,-31.578838348388672,46.90974044799805
clip_vit_b_32,baseline,905,2,-37.64093780517578,39.73500442504883
clip_vit_b_32,baseline,4316,2,-37.0545539855957,43.668521881103516
clip_vit_b_32,baseline,332,2,-42.311561584472656,35.44365310668945
clip_vit_b_32,baseline,2503,2,-42.83639144897461,35.776084899902344
clip_vit_b_32,baseline,2748,2,-42.461952209472656,32.83444595336914
clip_vit_b_32,baseline,1179,2,-42.1249885559082,36.942161560058594
clip_vit_b_32,baseline,3641,2,-33.20805358886719,43.571327209472656
clip_vit_b_32,baseline,5663,2,-31.353200912475586,39.46083450317383
clip_vit_b_32,baseline,4440,2,-24.852293014526367,43.657833099365234
clip_vit_b_32,baseline,2909,2,-38.14620590209961,47.505008697509766
clip_vit_b_32,baseline,7711,2,-34.41148376464844,35.92647171020508
clip_vit_b_32,baseline,88,2,-28.593143463134766,25.211301803588867
clip_vit_b_32,baseline,5577,2,-23.455280303955078,40.2019157409668
clip_vit_b_32,baseline,6459,3,23.97859764099121,13.137280464172363
clip_vit_b_32,baseline,4174,3,29.208934783935547,7.058403015136719
clip_vit_b_32,baseline,6324,3,28.119821548461914,10.416397094726562
clip_vit_b_32,baseline,2785,3,5.6907057762146,-6.854580402374268
clip_vit_b_32,baseline,4473,3,22.83023452758789,10.759858131408691
clip_vit_b_32,baseline,2480,3,18.84303092956543,6.332583427429199
clip_vit_b_32,baseline,7360,3,22.480955123901367,10.965182304382324
clip_vit_b_32,baseline,5976,3,9.620380401611328,5.38310432434082
clip_vit_b_32,baseline,7416,3,8.672935485839844,6.57770299911499
clip_vit_b_32,baseline,1563,3,29.844684600830078,13.589045524597168
clip_vit_b_32,baseline,2206,3,5.260905742645264,3.039102792739868
clip_vit_b_32,baseline,5551,3,9.721222877502441,6.179328918457031
clip_vit_b_32,baseline,5635,3,21.46283531188965,15.212891578674316
clip_vit_b_32,baseline,6632,3,22.709775924682617,11.555948257446289
clip_vit_b_32,baseline,7891,3,16.545602798461914,0.44567999243736267
clip_vit_b_32,baseline,2434,3,9.823513984680176,10.297561645507812
clip_vit_b_32,baseline,6575,3,16.276479721069336,2.1061177253723145
clip_vit_b_32,baseline,589,3,23.65022087097168,10.790334701538086
clip_vit_b_32,baseline,897,3,27.65294647216797,12.379249572753906
clip_vit_b_32,baseline,874,3,23.42746925354004,5.547370910644531
clip_vit_b_32,baseline,1622,3,41.42505645751953,1.8188022375106812
clip_vit_b_32,baseline,249,3,27.06148910522461,6.385116100311279
clip_vit_b_32,baseline,2360,3,36.721824645996094,2.947739362716675
clip_vit_b_32,baseline,1343,3,25.324819564819336,12.442462921142578
clip_vit_b_32,baseline,4720,3,5.979341506958008,3.716829299926758
clip_vit_b_32,baseline,6385,3,10.940716743469238,4.062088489532471
clip_vit_b_32,baseline,1241,3,30.286006927490234,10.53269100189209
clip_vit_b_32,baseline,495,3,31.690166473388672,13.847207069396973
clip_vit_b_32,baseline,1531,3,26.769207000732422,4.211723804473877
clip_vit_b_32,baseline,2454,3,9.658270835876465,3.950162410736084
clip_vit_b_32,baseline,6641,3,25.423276901245117,8.690044403076172
clip_vit_b_32,baseline,3681,3,25.56353759765625,11.779940605163574
clip_vit_b_32,baseline,185,3,9.566899299621582,9.497639656066895
clip_vit_b_32,baseline,7421,3,9.927152633666992,7.531935214996338
clip_vit_b_32,baseline,6826,3,23.92177963256836,9.98414421081543
clip_vit_b_32,baseline,2222,3,31.77138328552246,7.053821563720703
clip_vit_b_32,baseline,1968,3,11.207722663879395,4.722405910491943
clip_vit_b_32,baseline,3202,3,11.383264541625977,2.8147759437561035
clip_vit_b_32,baseline,5522,3,8.660789489746094,5.486200332641602
clip_vit_b_32,baseline,1946,3,26.076515197753906,12.69641399383545
clip_vit_b_32,baseline,6094,3,32.306644439697266,5.228705883026123
clip_vit_b_32,baseline,6647,3,25.42157554626465,8.662368774414062
clip_vit_b_32,baseline,1187,3,13.941311836242676,11.255948066711426
clip_vit_b_32,baseline,3375,3,28.38062858581543,11.562034606933594
clip_vit_b_32,baseline,4184,3,24.3228759765625,16.348918914794922
clip_vit_b_32,baseline,4858,3,10.707742691040039,9.863656997680664
clip_vit_b_32,baseline,2225,3,34.419830322265625,2.7322354316711426
clip_vit_b_32,baseline,5294,3,12.75085735321045,3.6356611251831055
clip_vit_b_32,baseline,7527,3,7.566745281219482,2.7935702800750732
clip_vit_b_32,baseline,4856,3,28.425878524780273,4.686337947845459
clip_vit_b_32,baseline,321,4,38.24038314819336,5.033986568450928
clip_vit_b_32,baseline,4155,4,49.63704299926758,13.946817398071289
clip_vit_b_32,baseline,3928,4,43.037384033203125,7.0885910987854
clip_vit_b_32,baseline,7910,4,52.38241195678711,6.816083908081055
clip_vit_b_32,baseline,1669,4,52.10711669921875,9.744193077087402
clip_vit_b_32,baseline,2021,4,51.774837493896484,4.158361434936523
clip_vit_b_32,baseline,3861,4,39.79867935180664,4.526309490203857
clip_vit_b_32,baseline,3339,4,48.3582763671875,0.9551789164543152
clip_vit_b_32,baseline,7728,4,40.851558685302734,10.336505889892578
clip_vit_b_32,baseline,5181,4,42.83608627319336,2.7560083866119385
clip_vit_b_32,baseline,6913,4,45.676334381103516,8.651391983032227
clip_vit_b_32,baseline,4089,4,47.22124481201172,4.470242023468018
clip_vit_b_32,baseline,1550,4,49.45009231567383,5.302414417266846
clip_vit_b_32,baseline,3890,4,41.71798324584961,4.787466526031494
clip_vit_b_32,baseline,5467,4,51.476531982421875,7.626125812530518
clip_vit_b_32,baseline,7661,4,49.71590805053711,9.001849174499512
clip_vit_b_32,baseline,1694,4,49.266212463378906,6.152678966522217
clip_vit_b_32,baseline,2064,4,47.700294494628906,6.000039577484131
clip_vit_b_32,baseline,490,4,37.761322021484375,5.94053316116333
clip_vit_b_32,baseline,6123,4,49.50639343261719,4.714578628540039
clip_vit_b_32,baseline,5888,4,48.52018737792969,3.705589532852173
clip_vit_b_32,baseline,6441,4,45.04716873168945,2.9158055782318115
clip_vit_b_32,baseline,7054,4,46.485206604003906,4.411072731018066
clip_vit_b_32,baseline,2125,4,40.62862014770508,3.3871397972106934
clip_vit_b_32,baseline,1592,4,48.344818115234375,11.960733413696289
clip_vit_b_32,baseline,7154,4,46.949249267578125,9.804089546203613
clip_vit_b_32,baseline,1223,4,50.72185516357422,6.461459636688232
clip_vit_b_32,baseline,4384,4,48.75772476196289,2.9537580013275146
clip_vit_b_32,baseline,3069,4,45.236541748046875,10.903656005859375
clip_vit_b_32,baseline,4262,4,45.08000183105469,-6.212934970855713
clip_vit_b_32,baseline,2653,4,53.31351852416992,6.8568115234375
clip_vit_b_32,baseline,1209,4,48.2532958984375,7.4826436042785645
clip_vit_b_32,baseline,5765,4,53.99699401855469,10.596946716308594
clip_vit_b_32,baseline,3078,4,45.786502838134766,17.197288513183594
clip_vit_b_32,baseline,2862,4,45.45410919189453,0.7335274815559387
clip_vit_b_32,baseline,5708,4,38.89901351928711,2.4600510597229004
clip_vit_b_32,baseline,4616,4,51.71855545043945,9.060155868530273
clip_vit_b_32,baseline,3444,4,46.796024322509766,8.652552604675293
clip_vit_b_32,baseline,650,4,26.462570190429688,-3.4935481548309326
clip_vit_b_32,baseline,1050,4,49.15828323364258,10.231009483337402
clip_vit_b_32,baseline,7387,4,30.912195205688477,-18.50834083557129
clip_vit_b_32,baseline,3012,4,43.099246978759766,8.99972915649414
clip_vit_b_32,baseline,51,4,42.9109001159668,4.313143730163574
clip_vit_b_32,baseline,6587,4,44.53150939941406,4.7924580574035645
clip_vit_b_32,baseline,6122,4,44.10969543457031,7.458311557769775
clip_vit_b_32,baseline,1011,4,45.165618896484375,5.83477258682251
clip_vit_b_32,baseline,7574,4,50.04839324951172,6.624269962310791
clip_vit_b_32,baseline,4006,4,46.718597412109375,7.144374370574951
clip_vit_b_32,baseline,2875,4,45.31344223022461,7.282548427581787
clip_vit_b_32,baseline,3568,4,40.869014739990234,7.881192207336426
clip_vit_b_32,baseline,3825,5,9.587721824645996,2.3424925804138184
clip_vit_b_32,baseline,2451,5,9.02422046661377,-5.952671051025391
clip_vit_b_32,baseline,533,5,15.785000801086426,-17.135766983032227
clip_vit_b_32,baseline,6959,5,17.462249755859375,-12.321404457092285
clip_vit_b_32,baseline,6376,5,17.577999114990234,-9.899242401123047
clip_vit_b_32,baseline,3625,5,16.84651756286621,-17.384246826171875
clip_vit_b_32,baseline,5603,5,15.673774719238281,-11.545307159423828
clip_vit_b_32,baseline,1715,5,13.175024032592773,-13.7513427734375
clip_vit_b_32,baseline,7577,5,18.1503849029541,-13.087286949157715
clip_vit_b_32,baseline,4917,5,7.839975357055664,-1.572006344795227
clip_vit_b_32,baseline,6930,5,14.470597267150879,-10.067535400390625
clip_vit_b_32,baseline,78,5,12.455192565917969,-15.767260551452637
clip_vit_b_32,baseline,123,5,10.351768493652344,-11.16991138458252
clip_vit_b_32,baseline,7179,5,12.390594482421875,-18.698116302490234
clip_vit_b_32,baseline,5234,5,16.06135368347168,-14.577927589416504
clip_vit_b_32,baseline,1057,5,8.53242015838623,-2.503523588180542
clip_vit_b_32,baseline,5288,5,14.960716247558594,-8.420382499694824
clip_vit_b_32,baseline,1677,5,12.420493125915527,-8.036921501159668
clip_vit_b_32,baseline,4526,5,15.360373497009277,-12.903082847595215
clip_vit_b_32,baseline,6019,5,23.342798233032227,-13.607239723205566
clip_vit_b_32,baseline,7672,5,10.365815162658691,-12.82646369934082
clip_vit_b_32,baseline,840,5,12.155214309692383,-11.021193504333496
clip_vit_b_32,baseline,4870,5,12.03555679321289,-1.1395447254180908
clip_vit_b_32,baseline,162,5,24.49650764465332,-5.736778736114502
clip_vit_b_32,baseline,1361,5,14.213484764099121,-11.661320686340332
clip_vit_b_32,baseline,5281,5,10.485465049743652,-0.41512781381607056
clip_vit_b_32,baseline,2332,5,19.925413131713867,-13.097193717956543
clip_vit_b_32,baseline,6822,5,11.969900131225586,-5.934844017028809
clip_vit_b_32,baseline,2453,5,30.417675018310547,-2.085986375808716
clip_vit_b_32,baseline,6970,5,7.351367950439453,-8.553629875183105
clip_vit_b_32,baseline,39,5,19.292699813842773,-10.687882423400879
clip_vit_b_32,baseline,7429,5,15.095662117004395,-15.353107452392578
clip_vit_b_32,baseline,3892,5,16.628082275390625,-15.536782264709473
clip_vit_b_32,baseline,5794,5,17.047163009643555,-14.397390365600586
clip_vit_b_32,baseline,7343,5,20.319578170776367,-13.925226211547852
clip_vit_b_32,baseline,5646,5,14.69704532623291,-3.1229019165039062
clip_vit_b_32,baseline,3080,5,11.433972358703613,-3.951566457748413
clip_vit_b_32,baseline,6989,5,23.749134063720703,-9.471658706665039
clip_vit_b_32,baseline,4265,5,12.243081092834473,1.3086448907852173
clip_vit_b_32,baseline,5687,5,16.361555099487305,-16.33544921875
clip_vit_b_32,baseline,567,5,7.961498260498047,-9.547698974609375
clip_vit_b_32,baseline,4862,5,24.446598052978516,-11.101492881774902
clip_vit_b_32,baseline,5767,5,17.81063461303711,-18.73113441467285
clip_vit_b_32,baseline,4597,5,21.60443115234375,-11.435324668884277
clip_vit_b_32,baseline,4966,5,10.82252311706543,-6.820998668670654
clip_vit_b_32,baseline,5417,5,19.376420974731445,-15.080587387084961
clip_vit_b_32,baseline,1823,5,14.074604034423828,1.7884585857391357
clip_vit_b_32,baseline,7771,5,19.48089027404785,-2.3213918209075928
clip_vit_b_32,baseline,1889,5,12.751389503479004,-2.917310953140259
clip_vit_b_32,baseline,1010,5,22.04569435119629,-9.661235809326172
clip_vit_b_32,baseline,6614,6,43.040916442871094,-15.315032005310059
clip_vit_b_32,baseline,813,6,37.92850875854492,-16.903343200683594
clip_vit_b_32,baseline,2485,6,44.121700286865234,-16.161270141601562
clip_vit_b_32,baseline,4430,6,47.70551681518555,-25.4371395111084
clip_vit_b_32,baseline,6485,6,48.27228927612305,-26.049367904663086
clip_vit_b_32,baseline,1770,6,36.6645393371582,-17.328458786010742
clip_vit_b_32,baseline,2201,6,38.485557556152344,-14.759981155395508
clip_vit_b_32,baseline,3193,6,46.45592498779297,-15.33881664276123
clip_vit_b_32,baseline,3628,6,49.754817962646484,-24.685272216796875
clip_vit_b_32,baseline,2647,6,50.895877838134766,-14.777055740356445
clip_vit_b_32,baseline,1890,6,43.13352966308594,-29.471044540405273
clip_vit_b_32,baseline,5986,6,37.067474365234375,-18.722593307495117
clip_vit_b_32,baseline,1330,6,45.940608978271484,-17.14839744567871
clip_vit_b_32,baseline,6746,6,47.153263092041016,-24.10118293762207
clip_vit_b_32,baseline,7622,6,40.63018798828125,-19.447195053100586
clip_vit_b_32,baseline,7962,6,41.620174407958984,-16.384746551513672
clip_vit_b_32,baseline,7745,6,47.853458404541016,-16.444923400878906
clip_vit_b_32,baseline,2566,6,40.45014190673828,-13.012774467468262
clip_vit_b_32,baseline,19,6,41.87495040893555,-12.224055290222168
clip_vit_b_32,baseline,6411,6,47.828346252441406,-14.902506828308105
clip_vit_b_32,baseline,2561,6,47.51374816894531,-15.515472412109375
clip_vit_b_32,baseline,3418,6,48.84796142578125,-21.432546615600586
clip_vit_b_32,baseline,5854,6,41.62408447265625,-28.301179885864258
clip_vit_b_32,baseline,3802,6,42.33123016357422,-29.221168518066406
clip_vit_b_32,baseline,4685,6,42.40983963012695,-17.485883712768555
clip_vit_b_32,baseline,4251,6,47.835121154785156,-14.946237564086914
clip_vit_b_32,baseline,4798,6,52.13688278198242,-16.06099510192871
clip_vit_b_32,baseline,2565,6,45.98818588256836,-27.4288387298584
clip_vit_b_32,baseline,4476,6,49.22449493408203,-16.54182243347168
clip_vit_b_32,baseline,2969,6,44.797550201416016,-16.127792358398438
clip_vit_b_32,baseline,3661,6,3.8430233001708984,-5.317646026611328
clip_vit_b_32,baseline,629,6,47.242061614990234,-27.13687515258789
clip_vit_b_32,baseline,5722,6,36.65807342529297,-17.767663955688477
clip_vit_b_32,baseline,6790,6,47.1348991394043,-25.866785049438477
clip_vit_b_32,baseline,6920,6,41.11004638671875,-25.123743057250977
clip_vit_b_32,baseline,6154,6,40.16608428955078,-16.2270565032959
clip_vit_b_32,baseline,3137,6,41.40494155883789,-29.11705207824707
clip_vit_b_32,baseline,4411,6,39.02552032470703,-26.779415130615234
clip_vit_b_32,baseline,1912,6,44.78132247924805,-29.074989318847656
clip_vit_b_32,baseline,7108,6,45.35512924194336,-13.107577323913574
clip_vit_b_32,baseline,1077,6,42.25634765625,-29.996196746826172
clip_vit_b_32,baseline,432,6,46.64590835571289,-16.245765686035156
clip_vit_b_32,baseline,1481,6,39.031795501708984,-25.364686965942383
clip_vit_b_32,baseline,7187,6,44.39411926269531,-10.282303810119629
clip_vit_b_32,baseline,4746,6,49.56095886230469,-15.966137886047363
clip_vit_b_32,baseline,5732,6,47.547454833984375,-12.765010833740234
clip_vit_b_32,baseline,1157,6,35.788719177246094,-16.69135284423828
clip_vit_b_32,baseline,4968,6,49.357913970947266,-14.442610740661621
clip_vit_b_32,baseline,4869,6,45.20428466796875,-22.33907699584961
clip_vit_b_32,baseline,760,6,44.266258239746094,-7.434564113616943
clip_vit_b_32,baseline,864,7,33.301979064941406,39.19223403930664
clip_vit_b_32,baseline,2982,7,25.028606414794922,32.664798736572266
clip_vit_b_32,baseline,7778,7,31.297616958618164,40.31003952026367
clip_vit_b_32,baseline,6876,7,18.76410675048828,16.676774978637695
clip_vit_b_32,baseline,2756,7,38.73521423339844,40.39117431640625
clip_vit_b_32,baseline,6225,7,26.546791076660156,37.29740905761719
clip_vit_b_32,baseline,1514,7,26.428647994995117,38.52001953125
clip_vit_b_32,baseline,4951,7,35.49476623535156,31.52471923828125
clip_vit_b_32,baseline,7608,7,36.63572311401367,38.67394256591797
clip_vit_b_32,baseline,7769,7,31.78123664855957,36.0385627746582
clip_vit_b_32,baseline,3590,7,34.82173538208008,40.379634857177734
clip_vit_b_32,baseline,2808,7,28.278579711914062,35.401554107666016
clip_vit_b_32,baseline,230,7,28.735925674438477,40.64567565917969
clip_vit_b_32,baseline,2787,7,27.906415939331055,38.655967712402344
clip_vit_b_32,baseline,4080,7,31.68921661376953,37.427181243896484
clip_vit_b_32,baseline,6301,7,35.31074523925781,35.96561050415039
clip_vit_b_32,baseline,6840,7,38.37762451171875,35.87200164794922
clip_vit_b_32,baseline,6882,7,24.33770179748535,31.729381561279297
clip_vit_b_32,baseline,1473,7,32.7973518371582,33.636417388916016
clip_vit_b_32,baseline,1237,7,33.20460891723633,41.14912796020508
clip_vit_b_32,baseline,6869,7,22.174802780151367,37.98518753051758
clip_vit_b_32,baseline,1656,7,27.65264892578125,39.67601776123047
clip_vit_b_32,baseline,493,7,29.9832763671875,36.36100387573242
clip_vit_b_32,baseline,6663,7,32.3348388671875,41.89741516113281
clip_vit_b_32,baseline,2100,7,35.05046081542969,39.51753616333008
clip_vit_b_32,baseline,6725,7,30.562702178955078,33.3797607421875
clip_vit_b_32,baseline,4773,7,26.85387420654297,32.91477584838867
clip_vit_b_32,baseline,2207,7,33.53683853149414,36.968177795410156
clip_vit_b_32,baseline,1122,7,30.76148223876953,42.580718994140625
clip_vit_b_32,baseline,7695,7,33.7944450378418,38.61661148071289
clip_vit_b_32,baseline,2063,7,26.64087677001953,42.57793426513672
clip_vit_b_32,baseline,5697,7,33.97644805908203,34.79656219482422
clip_vit_b_32,baseline,2581,7,33.546295166015625,33.02088928222656
clip_vit_b_32,baseline,5995,7,27.393444061279297,41.88391876220703
clip_vit_b_32,baseline,1985,7,26.9580135345459,39.71376419067383
clip_vit_b_32,baseline,2773,7,34.49739456176758,43.45618438720703
clip_vit_b_32,baseline,6322,7,29.990827560424805,38.36567306518555
clip_vit_b_32,baseline,3411,7,28.638526916503906,33.22612762451172
clip_vit_b_32,baseline,6149,7,24.804359436035156,42.06528091430664
clip_vit_b_32,baseline,7505,7,39.8609504699707,32.41579818725586
clip_vit_b_32,baseline,6374,7,25.831222534179688,38.97330856323242
clip_vit_b_32,baseline,57,7,30.865243911743164,35.22023010253906
clip_vit_b_32,baseline,4441,7,35.19446563720703,37.46641159057617
clip_vit_b_32,baseline,3581,7,30.900602340698242,39.56425094604492
clip_vit_b_32,baseline,5586,7,24.03284454345703,37.855655670166016
clip_vit_b_32,baseline,3140,7,26.293689727783203,30.088163375854492
clip_vit_b_32,baseline,5535,7,31.931119918823242,38.87946701049805
clip_vit_b_32,baseline,1224,7,28.36576271057129,41.96975326538086
clip_vit_b_32,baseline,680,7,23.47964859008789,33.94358825683594
clip_vit_b_32,baseline,3230,7,35.72476577758789,42.96196746826172
clip_vit_b_32,baseline,6797,8,-60.75825500488281,-13.248682022094727
clip_vit_b_32,baseline,7508,8,-61.82734298706055,-13.450249671936035
clip_vit_b_32,baseline,6365,8,-58.39474868774414,-7.747654914855957
clip_vit_b_32,baseline,4058,8,-59.60741424560547,-6.897957801818848
clip_vit_b_32,baseline,6110,8,-47.85385513305664,-17.592979431152344
clip_vit_b_32,baseline,2335,8,-46.365020751953125,-15.688899993896484
clip_vit_b_32,baseline,4844,8,-56.67455291748047,-3.370325803756714
clip_vit_b_32,baseline,3479,8,-48.88167953491211,-7.507777214050293
clip_vit_b_32,baseline,4876,8,-46.87310028076172,-15.692014694213867
clip_vit_b_32,baseline,3551,8,-59.83609390258789,-2.8238818645477295
clip_vit_b_32,baseline,4072,8,-62.03018569946289,-7.837616443634033
clip_vit_b_32,baseline,5959,8,-60.68191909790039,-12.165288925170898
clip_vit_b_32,baseline,4655,8,-61.16096496582031,-9.359374046325684
clip_vit_b_32,baseline,6302,8,-60.68522644042969,-3.8532066345214844
clip_vit_b_32,baseline,4690,8,-51.003028869628906,-15.927104949951172
clip_vit_b_32,baseline,4030,8,-59.795433044433594,-5.532614231109619
clip_vit_b_32,baseline,7596,8,-57.562416076660156,-4.67572546005249
clip_vit_b_32,baseline,7300,8,-46.49886703491211,-7.751357555389404
clip_vit_b_32,baseline,2355,8,-59.980281829833984,-3.897346258163452
clip_vit_b_32,baseline,2657,8,-50.96057891845703,-5.237711429595947
clip_vit_b_32,baseline,1002,8,-62.60835266113281,-8.877275466918945
clip_vit_b_32,baseline,7907,8,-61.000606536865234,-2.0654563903808594
clip_vit_b_32,baseline,460,8,-59.78925704956055,-12.057893753051758
clip_vit_b_32,baseline,4632,8,-47.38812255859375,-16.47926139831543
clip_vit_b_32,baseline,6832,8,-46.37199783325195,-12.768619537353516
clip_vit_b_32,baseline,5398,8,-59.91310119628906,-13.379919052124023
clip_vit_b_32,baseline,6643,8,-47.64019012451172,-9.200068473815918
clip_vit_b_32,baseline,6274,8,-49.41154479980469,-16.773082733154297
clip_vit_b_32,baseline,1166,8,-46.90039825439453,-7.029393196105957
clip_vit_b_32,baseline,5040,8,-58.380226135253906,-5.2470245361328125
clip_vit_b_32,baseline,1658,8,-54.27119445800781,-5.046451091766357
clip_vit_b_32,baseline,6001,8,-58.499732971191406,-3.4127066135406494
clip_vit_b_32,baseline,5320,8,-56.84083938598633,-10.530009269714355
clip_vit_b_32,baseline,2038,8,-53.72663879394531,-3.9968464374542236
clip_vit_b_32,baseline,2099,8,-58.4488410949707,-1.888070821762085
clip_vit_b_32,baseline,6870,8,-59.75014877319336,-8.146448135375977
clip_vit_b_32,baseline,5479,8,-46.973819732666016,-14.657408714294434
clip_vit_b_32,baseline,266,8,-52.91181945800781,-1.5641939640045166
clip_vit_b_32,baseline,6162,8,-49.58447265625,-2.409839630126953
clip_vit_b_32,baseline,3816,8,-46.319644927978516,-9.052804946899414
clip_vit_b_32,baseline,3900,8,-56.00657653808594,-5.065650939941406
clip_vit_b_32,baseline,2059,8,-60.97147750854492,-6.722729206085205
clip_vit_b_32,baseline,6131,8,-45.78158950805664,-14.664806365966797
clip_vit_b_32,baseline,273,8,-61.72422790527344,-6.70878267288208
clip_vit_b_32,baseline,1255,8,-61.31623840332031,-11.443302154541016
clip_vit_b_32,baseline,6862,8,-47.508819580078125,-15.650547981262207
clip_vit_b_32,baseline,7976,8,-55.696468353271484,-2.6684601306915283
clip_vit_b_32,baseline,1616,8,-59.33019256591797,-3.4920389652252197
clip_vit_b_32,baseline,602,8,-53.72660827636719,-15.414135932922363
clip_vit_b_32,baseline,5134,8,-50.39643478393555,-17.17213249206543
clip_vit_b_32,baseline,932,9,-41.832191467285156,10.987930297851562
clip_vit_b_32,baseline,2674,9,-44.60392379760742,14.605828285217285
clip_vit_b_32,baseline,5655,9,-40.98796081542969,25.03363800048828
clip_vit_b_32,baseline,7705,9,-41.10423278808594,17.81661033630371
clip_vit_b_32,baseline,952,9,-40.6005859375,18.54183578491211
clip_vit_b_32,baseline,1836,9,-39.249855041503906,14.00638484954834
clip_vit_b_32,baseline,6202,9,-29.588768005371094,15.700708389282227
clip_vit_b_32,baseline,7701,9,-15.728649139404297,21.29841423034668
clip_vit_b_32,baseline,7147,9,-42.280120849609375,17.132476806640625
clip_vit_b_32,baseline,243,9,-45.99515914916992,18.28786849975586
clip_vit_b_32,baseline,7330,9,-35.32400131225586,20.080358505249023
clip_vit_b_32,baseline,2379,9,-41.36682891845703,22.520828247070312
clip_vit_b_32,baseline,5210,9,-30.390207290649414,14.300331115722656
clip_vit_b_32,baseline,3103,9,-32.09806442260742,12.543220520019531
clip_vit_b_32,baseline,7049,9,-28.029579162597656,16.51614761352539
clip_vit_b_32,baseline,7921,9,-45.6477165222168,16.15840721130371
clip_vit_b_32,baseline,2667,9,-39.70954132080078,20.18593406677246
clip_vit_b_32,baseline,1240,9,-28.884857177734375,13.184708595275879
clip_vit_b_32,baseline,2166,9,-43.75472640991211,12.897085189819336
clip_vit_b_32,baseline,4362,9,-34.4804801940918,12.024949073791504
clip_vit_b_32,baseline,757,9,-38.85525131225586,11.819263458251953
clip_vit_b_32,baseline,5211,9,-24.873004913330078,13.847010612487793
clip_vit_b_32,baseline,4049,9,-37.85166931152344,21.176651000976562
clip_vit_b_32,baseline,5301,9,-30.6043758392334,17.073772430419922
clip_vit_b_32,baseline,352,9,-44.05003356933594,19.145238876342773
clip_vit_b_32,baseline,3428,9,-37.09440231323242,14.244874000549316
clip_vit_b_32,baseline,3690,9,-30.047014236450195,11.300938606262207
clip_vit_b_32,baseline,2682,9,-47.34661102294922,16.42011260986328
clip_vit_b_32,baseline,7767,9,-28.868854522705078,23.352712631225586
clip_vit_b_32,baseline,6747,9,-36.9619140625,24.46224021911621
clip_vit_b_32,baseline,4721,9,-36.03908157348633,13.596149444580078
clip_vit_b_32,baseline,7654,9,-46.25115203857422,13.699750900268555
clip_vit_b_32,baseline,3200,9,-40.60651397705078,21.652536392211914
clip_vit_b_32,baseline,7671,9,-42.93503189086914,21.873001098632812
clip_vit_b_32,baseline,6451,9,-38.763309478759766,7.226668834686279
clip_vit_b_32,baseline,732,9,-40.77848434448242,12.00925350189209
clip_vit_b_32,baseline,7845,9,-28.403162002563477,15.406109809875488
clip_vit_b_32,baseline,6496,9,-34.11103820800781,21.80574607849121
clip_vit_b_32,baseline,4956,9,-34.27052307128906,13.88737964630127
clip_vit_b_32,baseline,6536,9,-43.0028190612793,15.524796485900879
clip_vit_b_32,baseline,852,9,-40.624237060546875,20.55511474609375
clip_vit_b_32,baseline,4320,9,-32.22065353393555,14.590301513671875
clip_vit_b_32,baseline,5621,9,-38.27214050292969,16.052732467651367
clip_vit_b_32,baseline,4095,9,-36.95717239379883,11.736040115356445
clip_vit_b_32,baseline,1163,9,-41.546531677246094,18.628807067871094
clip_vit_b_32,baseline,3249,9,-26.956806182861328,23.63736343383789
clip_vit_b_32,baseline,2414,9,-31.752708435058594,9.786918640136719
clip_vit_b_32,baseline,3993,9,-35.72985076904297,9.514372825622559
clip_vit_b_32,baseline,3076,9,-44.22494125366211,16.935483932495117
clip_vit_b_32,baseline,1522,9,-41.079551696777344,19.573022842407227
clip_vit_b_32,grey_scale,2937,0,-17.55290985107422,0.10042300075292587
clip_vit_b_32,grey_scale,2210,0,-20.135835647583008,-14.918034553527832
clip_vit_b_32,grey_scale,4533,0,-27.808012008666992,-4.638307094573975
clip_vit_b_32,grey_scale,5067,0,21.16759490966797,24.80862808227539
clip_vit_b_32,grey_scale,3488,0,-20.605310440063477,-13.296346664428711
clip_vit_b_32,grey_scale,808,0,-21.319726943969727,-13.750631332397461
clip_vit_b_32,grey_scale,298,0,-17.80708122253418,1.7949743270874023
clip_vit_b_32,grey_scale,6817,0,-20.193958282470703,-14.91921615600586
clip_vit_b_32,grey_scale,597,0,-27.12320327758789,-5.805179119110107
clip_vit_b_32,grey_scale,339,0,-21.761192321777344,2.0795140266418457
clip_vit_b_32,grey_scale,241,0,-17.894304275512695,1.0541658401489258
clip_vit_b_32,grey_scale,6420,0,-16.11032485961914,0.6673937439918518
clip_vit_b_32,grey_scale,422,0,-28.461063385009766,-3.5233139991760254
clip_vit_b_32,grey_scale,7782,0,-10.33132553100586,-3.6316606998443604
clip_vit_b_32,grey_scale,7869,0,-15.835211753845215,-4.412850379943848
clip_vit_b_32,grey_scale,5999,0,-13.484742164611816,-2.833218812942505
clip_vit_b_32,grey_scale,7975,0,-17.670276641845703,-7.325686931610107
clip_vit_b_32,grey_scale,7101,0,-19.464744567871094,-14.832475662231445
clip_vit_b_32,grey_scale,6762,0,-17.81514549255371,0.28767070174217224
clip_vit_b_32,grey_scale,3999,0,-8.51066780090332,-3.0885467529296875
clip_vit_b_32,grey_scale,5255,0,-13.549291610717773,-3.4296538829803467
clip_vit_b_32,grey_scale,5276,0,-16.52611541748047,0.2863767445087433
clip_vit_b_32,grey_scale,7165,0,-16.581045150756836,-13.159502983093262
clip_vit_b_32,grey_scale,5624,0,-14.802716255187988,-12.39428997039795
clip_vit_b_32,grey_scale,480,0,-14.55063247680664,-11.603419303894043
clip_vit_b_32,grey_scale,4819,0,-18.75090789794922,0.44301798939704895
clip_vit_b_32,grey_scale,7334,0,-18.244091033935547,-0.46647214889526367
clip_vit_b_32,grey_scale,6065,0,-16.124176025390625,-12.979223251342773
clip_vit_b_32,grey_scale,5785,0,-21.363189697265625,-0.45258891582489014
clip_vit_b_32,grey_scale,359,0,-20.23052215576172,-12.979275703430176
clip_vit_b_32,grey_scale,4045,0,-30.43393325805664,-5.919667720794678
clip_vit_b_32,grey_scale,7128,0,-10.961199760437012,-2.0140795707702637
clip_vit_b_32,grey_scale,7260,0,-21.099632263183594,2.035646915435791
clip_vit_b_32,grey_scale,3151,0,-10.929844856262207,-3.424389362335205
clip_vit_b_32,grey_scale,1463,0,-12.123580932617188,-3.121262550354004
clip_vit_b_32,grey_scale,5068,0,-29.569990158081055,-4.386687278747559
clip_vit_b_32,grey_scale,3759,0,-16.246461868286133,-12.423063278198242
clip_vit_b_32,grey_scale,6500,0,-15.257635116577148,-11.334528923034668
clip_vit_b_32,grey_scale,1548,0,-22.00092887878418,-10.00541877746582
clip_vit_b_32,grey_scale,728,0,-15.871744155883789,-12.323592185974121
clip_vit_b_32,grey_scale,5711,0,-18.593324661254883,2.4330453872680664
clip_vit_b_32,grey_scale,1977,0,-10.725807189941406,-3.4434683322906494
clip_vit_b_32,grey_scale,3285,0,-27.610313415527344,-5.206131935119629
clip_vit_b_32,grey_scale,6429,0,-14.33434772491455,-11.331470489501953
clip_vit_b_32,grey_scale,60,0,-15.297560691833496,-11.798650741577148
clip_vit_b_32,grey_scale,3397,0,-15.238395690917969,-12.95492172241211
clip_vit_b_32,grey_scale,7430,0,-21.161535263061523,-10.007794380187988
clip_vit_b_32,grey_scale,4982,0,-27.222900390625,-0.26810428500175476
clip_vit_b_32,grey_scale,752,0,-13.716075897216797,-12.878873825073242
clip_vit_b_32,grey_scale,4151,0,-13.082810401916504,-5.252373218536377
clip_vit_b_32,grey_scale,5093,1,11.703241348266602,46.59923553466797
clip_vit_b_32,grey_scale,4709,1,9.076519012451172,47.04051971435547
clip_vit_b_32,grey_scale,3530,1,8.237077713012695,46.66143035888672
clip_vit_b_32,grey_scale,6068,1,10.065662384033203,46.53105926513672
clip_vit_b_32,grey_scale,2673,1,8.134190559387207,45.21132278442383
clip_vit_b_32,grey_scale,3161,1,9.849447250366211,46.15945816040039
clip_vit_b_32,grey_scale,3254,1,11.617903709411621,40.08914566040039
clip_vit_b_32,grey_scale,7217,1,7.784039497375488,43.07175827026367
clip_vit_b_32,grey_scale,5546,1,-1.4554556608200073,33.99691390991211
clip_vit_b_32,grey_scale,6498,1,12.856979370117188,30.145586013793945
clip_vit_b_32,grey_scale,5425,1,-6.488944053649902,34.24388122558594
clip_vit_b_32,grey_scale,3537,1,9.548295021057129,42.90244674682617
clip_vit_b_32,grey_scale,463,1,12.735466003417969,47.972354888916016
clip_vit_b_32,grey_scale,4733,1,12.510831832885742,46.285438537597656
clip_vit_b_32,grey_scale,5240,1,9.19708251953125,46.05615997314453
clip_vit_b_32,grey_scale,3223,1,9.028820991516113,47.60487747192383
clip_vit_b_32,grey_scale,1740,1,7.285386085510254,48.08950424194336
clip_vit_b_32,grey_scale,6410,1,11.810555458068848,47.10395812988281
clip_vit_b_32,grey_scale,3834,1,8.992046356201172,44.49774932861328
clip_vit_b_32,grey_scale,1302,1,7.851633071899414,45.49079895019531
clip_vit_b_32,grey_scale,1218,1,9.715435028076172,44.540283203125
clip_vit_b_32,grey_scale,1428,1,9.188582420349121,50.64474868774414
clip_vit_b_32,grey_scale,564,1,11.978218078613281,45.492515563964844
clip_vit_b_32,grey_scale,6072,1,9.219584465026855,44.63224792480469
clip_vit_b_32,grey_scale,2988,1,11.032430648803711,45.04800033569336
clip_vit_b_32,grey_scale,3556,1,22.025310516357422,23.970762252807617
clip_vit_b_32,grey_scale,1053,1,11.863937377929688,47.40660095214844
clip_vit_b_32,grey_scale,6880,1,-6.487106800079346,42.78446578979492
clip_vit_b_32,grey_scale,5830,1,-6.675577163696289,34.81893539428711
clip_vit_b_32,grey_scale,5394,1,10.023059844970703,42.11445236206055
clip_vit_b_32,grey_scale,963,1,23.104190826416016,24.178464889526367
clip_vit_b_32,grey_scale,5122,1,10.788098335266113,47.405521392822266
clip_vit_b_32,grey_scale,7052,1,10.114608764648438,45.5234489440918
clip_vit_b_32,grey_scale,1081,1,11.169999122619629,40.77571487426758
clip_vit_b_32,grey_scale,3588,1,9.284869194030762,41.19794464111328
clip_vit_b_32,grey_scale,1491,1,-6.572383880615234,34.66946029663086
clip_vit_b_32,grey_scale,4188,1,12.204825401306152,44.08753967285156
clip_vit_b_32,grey_scale,1353,1,-2.3993101119995117,37.7824592590332
clip_vit_b_32,grey_scale,3388,1,10.71842098236084,48.30994415283203
clip_vit_b_32,grey_scale,7066,1,10.49151611328125,47.96358871459961
clip_vit_b_32,grey_scale,275,1,-6.729499816894531,37.042667388916016
clip_vit_b_32,grey_scale,225,1,-6.147998809814453,34.445587158203125
clip_vit_b_32,grey_scale,61,1,5.10875940322876,-3.8359627723693848
clip_vit_b_32,grey_scale,5929,1,10.882771492004395,44.214595794677734
clip_vit_b_32,grey_scale,3144,1,9.150184631347656,41.23450469970703
clip_vit_b_32,grey_scale,6982,1,8.118812561035156,44.470577239990234
clip_vit_b_32,grey_scale,6938,1,8.360015869140625,45.85934829711914
clip_vit_b_32,grey_scale,6014,1,9.218770980834961,45.31082534790039
clip_vit_b_32,grey_scale,4361,1,10.128557205200195,48.36504364013672
clip_vit_b_32,grey_scale,6022,1,9.526825904846191,42.775333404541016
clip_vit_b_32,grey_scale,2915,2,-39.646080017089844,35.55775451660156
clip_vit_b_32,grey_scale,2338,2,-27.83817481994629,40.344661712646484
clip_vit_b_32,grey_scale,7327,2,-39.836429595947266,36.233177185058594
clip_vit_b_32,grey_scale,4201,2,-29.165241241455078,45.061256408691406
clip_vit_b_32,grey_scale,1731,2,-34.799705505371094,42.82984924316406
clip_vit_b_32,grey_scale,7826,2,-36.31508255004883,34.81663513183594
clip_vit_b_32,grey_scale,4041,2,-37.274871826171875,45.05276107788086
clip_vit_b_32,grey_scale,313,2,-35.07952117919922,42.2531852722168
clip_vit_b_32,grey_scale,2392,2,-38.33206558227539,44.0089111328125
clip_vit_b_32,grey_scale,1750,2,-26.855070114135742,42.39341735839844
clip_vit_b_32,grey_scale,6053,2,-36.20879364013672,41.56285095214844
clip_vit_b_32,grey_scale,5463,2,-32.2422981262207,23.754634857177734
clip_vit_b_32,grey_scale,5484,2,-34.86626434326172,48.80094528198242
clip_vit_b_32,grey_scale,6683,2,-33.2526969909668,45.315956115722656
clip_vit_b_32,grey_scale,2611,2,-37.337799072265625,1.007737159729004
clip_vit_b_32,grey_scale,1059,2,-25.303321838378906,40.57201385498047
clip_vit_b_32,grey_scale,5177,2,-35.17277908325195,28.07595443725586
clip_vit_b_32,grey_scale,6981,2,-30.237070083618164,46.19694900512695
clip_vit_b_32,grey_scale,6347,2,-31.400012969970703,43.331939697265625
clip_vit_b_32,grey_scale,6216,2,-30.993785858154297,42.22085952758789
clip_vit_b_32,grey_scale,655,2,-31.91899299621582,37.26118087768555
clip_vit_b_32,grey_scale,7392,2,-39.11469650268555,37.45574951171875
clip_vit_b_32,grey_scale,6548,2,-39.676048278808594,34.03481674194336
clip_vit_b_32,grey_scale,6271,2,-36.77490997314453,48.973236083984375
clip_vit_b_32,grey_scale,2252,2,-36.192901611328125,32.22174072265625
clip_vit_b_32,grey_scale,3363,2,-40.087440490722656,34.54462432861328
clip_vit_b_32,grey_scale,7843,2,-35.19802474975586,44.987613677978516
clip_vit_b_32,grey_scale,6795,2,-36.929813385009766,48.68206024169922
clip_vit_b_32,grey_scale,4605,2,-25.217790603637695,40.38066101074219
clip_vit_b_32,grey_scale,5011,2,-26.79788589477539,38.421226501464844
clip_vit_b_32,grey_scale,2436,2,-35.04041290283203,38.72742462158203
clip_vit_b_32,grey_scale,3944,2,-39.23896789550781,33.69635772705078
clip_vit_b_32,grey_scale,517,2,-22.10601806640625,43.061763763427734
clip_vit_b_32,grey_scale,2200,2,-36.12287521362305,45.53377151489258
clip_vit_b_32,grey_scale,3067,2,-38.971641540527344,43.34498596191406
clip_vit_b_32,grey_scale,5004,2,-29.38976287841797,41.274173736572266
clip_vit_b_32,grey_scale,6738,2,-31.66917610168457,46.299015045166016
clip_vit_b_32,grey_scale,905,2,-37.99884033203125,39.35067367553711
clip_vit_b_32,grey_scale,4316,2,-36.491600036621094,43.804569244384766
clip_vit_b_32,grey_scale,332,2,-40.71483612060547,35.49971008300781
clip_vit_b_32,grey_scale,2503,2,-40.672054290771484,35.5506706237793
clip_vit_b_32,grey_scale,2748,2,-39.69719696044922,34.88861083984375
clip_vit_b_32,grey_scale,1179,2,-41.28357696533203,36.03441619873047
clip_vit_b_32,grey_scale,3641,2,-33.904457092285156,44.060245513916016
clip_vit_b_32,grey_scale,5663,2,-29.5384578704834,40.230010986328125
clip_vit_b_32,grey_scale,4440,2,-24.728300094604492,43.70064163208008
clip_vit_b_32,grey_scale,2909,2,-35.645347595214844,45.14816665649414
clip_vit_b_32,grey_scale,7711,2,-35.2757682800293,35.78741455078125
clip_vit_b_32,grey_scale,88,2,-30.27613067626953,20.784366607666016
clip_vit_b_32,grey_scale,5577,2,-24.310483932495117,40.863739013671875
clip_vit_b_32,grey_scale,6459,3,27.081417083740234,17.52691078186035
clip_vit_b_32,grey_scale,4174,3,32.13277053833008,20.935413360595703
clip_vit_b_32,grey_scale,6324,3,27.717702865600586,14.976943016052246
clip_vit_b_32,grey_scale,2785,3,5.780466079711914,-6.714515209197998
clip_vit_b_32,grey_scale,4473,3,26.50735092163086,21.899038314819336
clip_vit_b_32,grey_scale,2480,3,16.84749984741211,6.164201259613037
clip_vit_b_32,grey_scale,7360,3,26.176664352416992,22.33754539489746
clip_vit_b_32,grey_scale,5976,3,10.6443452835083,5.827678203582764
clip_vit_b_32,grey_scale,7416,3,11.505562782287598,6.500298500061035
clip_vit_b_32,grey_scale,1563,3,30.04559326171875,14.261815071105957
clip_vit_b_32,grey_scale,2206,3,5.236658573150635,2.729433298110962
clip_vit_b_32,grey_scale,5551,3,11.970616340637207,7.435269355773926
clip_vit_b_32,grey_scale,5635,3,22.091718673706055,15.881027221679688
clip_vit_b_32,grey_scale,6632,3,24.80490493774414,18.770721435546875
clip_vit_b_32,grey_scale,7891,3,32.672630310058594,20.697986602783203
clip_vit_b_32,grey_scale,2434,3,12.388962745666504,8.738213539123535
clip_vit_b_32,grey_scale,6575,3,14.28276538848877,6.335048198699951
clip_vit_b_32,grey_scale,589,3,27.008590698242188,17.431995391845703
clip_vit_b_32,grey_scale,897,3,27.65570831298828,15.009400367736816
clip_vit_b_32,grey_scale,874,3,30.824459075927734,17.97620391845703
clip_vit_b_32,grey_scale,1622,3,35.97468566894531,18.565637588500977
clip_vit_b_32,grey_scale,249,3,32.42761993408203,17.266857147216797
clip_vit_b_32,grey_scale,2360,3,26.838659286499023,21.09329605102539
clip_vit_b_32,grey_scale,1343,3,26.916566848754883,16.30721664428711
clip_vit_b_32,grey_scale,4720,3,14.047709465026855,7.2504706382751465
clip_vit_b_32,grey_scale,6385,3,12.742621421813965,5.952703952789307
clip_vit_b_32,grey_scale,1241,3,30.293842315673828,10.925448417663574
clip_vit_b_32,grey_scale,495,3,35.32838439941406,18.643747329711914
clip_vit_b_32,grey_scale,1531,3,31.944293975830078,16.74308967590332
clip_vit_b_32,grey_scale,2454,3,13.125070571899414,5.816466331481934
clip_vit_b_32,grey_scale,6641,3,27.994293212890625,17.998538970947266
clip_vit_b_32,grey_scale,3681,3,27.149677276611328,15.520159721374512
clip_vit_b_32,grey_scale,185,3,12.260687828063965,8.618634223937988
clip_vit_b_32,grey_scale,7421,3,10.760808944702148,7.549505233764648
clip_vit_b_32,grey_scale,6826,3,26.672117233276367,18.630840301513672
clip_vit_b_32,grey_scale,2222,3,31.9953670501709,17.331472396850586
clip_vit_b_32,grey_scale,1968,3,12.438949584960938,6.642001628875732
clip_vit_b_32,grey_scale,3202,3,12.659151077270508,5.404782295227051
clip_vit_b_32,grey_scale,5522,3,11.446930885314941,6.7004194259643555
clip_vit_b_32,grey_scale,1946,3,26.765600204467773,15.660698890686035
clip_vit_b_32,grey_scale,6094,3,29.34435272216797,21.852611541748047
clip_vit_b_32,grey_scale,6647,3,28.145742416381836,18.119857788085938
clip_vit_b_32,grey_scale,1187,3,14.039542198181152,7.141302585601807
clip_vit_b_32,grey_scale,3375,3,31.424819946289062,16.36832618713379
clip_vit_b_32,grey_scale,4184,3,24.950117111206055,18.444625854492188
clip_vit_b_32,grey_scale,4858,3,11.870660781860352,9.080680847167969
clip_vit_b_32,grey_scale,2225,3,27.03124237060547,21.871477127075195
clip_vit_b_32,grey_scale,5294,3,13.99189567565918,4.747310161590576
clip_vit_b_32,grey_scale,7527,3,7.916234016418457,2.5958502292633057
clip_vit_b_32,grey_scale,4856,3,31.41902732849121,17.923246383666992
clip_vit_b_32,grey_scale,321,4,39.92017364501953,17.793376922607422
clip_vit_b_32,grey_scale,4155,4,48.51811218261719,14.43307113647461
clip_vit_b_32,grey_scale,3928,4,43.78431701660156,18.362152099609375
clip_vit_b_32,grey_scale,7910,4,45.64035415649414,14.177865982055664
clip_vit_b_32,grey_scale,1669,4,46.43833923339844,15.81595516204834
clip_vit_b_32,grey_scale,2021,4,41.57915115356445,14.946096420288086
clip_vit_b_32,grey_scale,3861,4,26.131649017333984,21.586633682250977
clip_vit_b_32,grey_scale,3339,4,40.53845977783203,17.5183162689209
clip_vit_b_32,grey_scale,7728,4,42.044132232666016,15.258054733276367
clip_vit_b_32,grey_scale,5181,4,40.9448127746582,15.646437644958496
clip_vit_b_32,grey_scale,6913,4,44.20774459838867,17.608169555664062
clip_vit_b_32,grey_scale,4089,4,40.89864730834961,15.685809135437012
clip_vit_b_32,grey_scale,1550,4,44.513999938964844,15.668438911437988
clip_vit_b_32,grey_scale,3890,4,39.28416442871094,16.991121292114258
clip_vit_b_32,grey_scale,5467,4,42.162776947021484,14.347064971923828
clip_vit_b_32,grey_scale,7661,4,43.84657669067383,13.430741310119629
clip_vit_b_32,grey_scale,1694,4,43.274169921875,14.78905200958252
clip_vit_b_32,grey_scale,2064,4,45.534976959228516,15.225383758544922
clip_vit_b_32,grey_scale,490,4,40.5667839050293,16.903915405273438
clip_vit_b_32,grey_scale,6123,4,44.05826187133789,14.70034122467041
clip_vit_b_32,grey_scale,5888,4,43.315673828125,16.446496963500977
clip_vit_b_32,grey_scale,6441,4,42.64915084838867,17.15365982055664
clip_vit_b_32,grey_scale,7054,4,36.67829513549805,18.264894485473633
clip_vit_b_32,grey_scale,2125,4,39.916385650634766,18.050453186035156
clip_vit_b_32,grey_scale,1592,4,44.86882781982422,15.62890911102295
clip_vit_b_32,grey_scale,7154,4,45.43840408325195,16.859020233154297
clip_vit_b_32,grey_scale,1223,4,45.544410705566406,13.814471244812012
clip_vit_b_32,grey_scale,4384,4,46.16400909423828,16.065494537353516
clip_vit_b_32,grey_scale,3069,4,41.89620590209961,16.58038902282715
clip_vit_b_32,grey_scale,4262,4,44.23249435424805,-6.065359592437744
clip_vit_b_32,grey_scale,2653,4,38.976253509521484,14.112931251525879
clip_vit_b_32,grey_scale,1209,4,44.911476135253906,14.955841064453125
clip_vit_b_32,grey_scale,5765,4,20.854230880737305,22.486759185791016
clip_vit_b_32,grey_scale,3078,4,44.637020111083984,17.20478057861328
clip_vit_b_32,grey_scale,2862,4,39.74691390991211,15.032598495483398
clip_vit_b_32,grey_scale,5708,4,38.900474548339844,18.008438110351562
clip_vit_b_32,grey_scale,4616,4,43.94041061401367,15.473031997680664
clip_vit_b_32,grey_scale,3444,4,44.83251190185547,16.41569709777832
clip_vit_b_32,grey_scale,650,4,20.755563735961914,22.289243698120117
clip_vit_b_32,grey_scale,1050,4,44.566246032714844,13.790424346923828
clip_vit_b_32,grey_scale,7387,4,31.235111236572266,-18.5596923828125
clip_vit_b_32,grey_scale,3012,4,45.20336151123047,18.635921478271484
clip_vit_b_32,grey_scale,51,4,41.1070671081543,17.601770401000977
clip_vit_b_32,grey_scale,6587,4,42.50220489501953,15.614655494689941
clip_vit_b_32,grey_scale,6122,4,43.38595962524414,18.046218872070312
clip_vit_b_32,grey_scale,1011,4,41.865150451660156,17.549577713012695
clip_vit_b_32,grey_scale,7574,4,45.06646728515625,14.534181594848633
clip_vit_b_32,grey_scale,4006,4,36.56410217285156,18.311521530151367
clip_vit_b_32,grey_scale,2875,4,44.33122253417969,16.942668914794922
clip_vit_b_32,grey_scale,3568,4,42.10972595214844,19.08253288269043
clip_vit_b_32,grey_scale,3825,5,14.557313919067383,4.957067012786865
clip_vit_b_32,grey_scale,2451,5,9.024192810058594,-5.952662467956543
clip_vit_b_32,grey_scale,533,5,17.450063705444336,-6.894689559936523
clip_vit_b_32,grey_scale,6959,5,19.4010066986084,-7.564008712768555
clip_vit_b_32,grey_scale,6376,5,17.698171615600586,-9.615777969360352
clip_vit_b_32,grey_scale,3625,5,17.0963191986084,-7.106523036956787
clip_vit_b_32,grey_scale,5603,5,19.483692169189453,-5.806264400482178
clip_vit_b_32,grey_scale,1715,5,13.905871391296387,-5.970824718475342
clip_vit_b_32,grey_scale,7577,5,19.847333908081055,-7.681537628173828
clip_vit_b_32,grey_scale,4917,5,14.970104217529297,4.872696399688721
clip_vit_b_32,grey_scale,6930,5,14.506387710571289,-6.265025615692139
clip_vit_b_32,grey_scale,78,5,12.179178237915039,-15.761889457702637
clip_vit_b_32,grey_scale,123,5,11.088995933532715,-10.236332893371582
clip_vit_b_32,grey_scale,7179,5,12.249478340148926,-18.815752029418945
clip_vit_b_32,grey_scale,5234,5,19.584423065185547,-7.566051006317139
clip_vit_b_32,grey_scale,1057,5,8.403653144836426,-2.5008366107940674
clip_vit_b_32,grey_scale,5288,5,15.518234252929688,-7.042233467102051
clip_vit_b_32,grey_scale,1677,5,17.147735595703125,-9.283646583557129
clip_vit_b_32,grey_scale,4526,5,19.10848617553711,-6.175501346588135
clip_vit_b_32,grey_scale,6019,5,20.547489166259766,-8.310708045959473
clip_vit_b_32,grey_scale,7672,5,10.129191398620605,-12.66592025756836
clip_vit_b_32,grey_scale,840,5,11.669686317443848,-10.320845603942871
clip_vit_b_32,grey_scale,4870,5,11.087908744812012,-2.018756151199341
clip_vit_b_32,grey_scale,162,5,21.22685432434082,-6.090351104736328
clip_vit_b_32,grey_scale,1361,5,15.057781219482422,-6.567075252532959
clip_vit_b_32,grey_scale,5281,5,10.553678512573242,-1.573887586593628
clip_vit_b_32,grey_scale,2332,5,20.788131713867188,-7.420896530151367
clip_vit_b_32,grey_scale,6822,5,13.37803840637207,-5.741689682006836
clip_vit_b_32,grey_scale,2453,5,17.19571304321289,-5.230845928192139
clip_vit_b_32,grey_scale,6970,5,5.791597843170166,-3.868814468383789
clip_vit_b_32,grey_scale,39,5,19.02569580078125,-10.202642440795898
clip_vit_b_32,grey_scale,7429,5,17.369298934936523,-6.182676792144775
clip_vit_b_32,grey_scale,3892,5,18.651592254638672,-7.387480735778809
clip_vit_b_32,grey_scale,5794,5,19.620468139648438,-6.431957244873047
clip_vit_b_32,grey_scale,7343,5,21.531707763671875,-6.807304382324219
clip_vit_b_32,grey_scale,5646,5,15.658736228942871,-3.2310402393341064
clip_vit_b_32,grey_scale,3080,5,11.225988388061523,-3.2313835620880127
clip_vit_b_32,grey_scale,6989,5,22.64325714111328,-8.715473175048828
clip_vit_b_32,grey_scale,4265,5,12.516676902770996,0.8368025422096252
clip_vit_b_32,grey_scale,5687,5,18.240293502807617,-7.490331172943115
clip_vit_b_32,grey_scale,567,5,8.087964057922363,-9.705343246459961
clip_vit_b_32,grey_scale,4862,5,21.59672737121582,-8.803130149841309
clip_vit_b_32,grey_scale,5767,5,17.97530174255371,-18.97589683532715
clip_vit_b_32,grey_scale,4597,5,21.44453239440918,-10.96514892578125
clip_vit_b_32,grey_scale,4966,5,9.81214714050293,-6.01006555557251
clip_vit_b_32,grey_scale,5417,5,21.458147048950195,-5.288092613220215
clip_vit_b_32,grey_scale,1823,5,16.784637451171875,5.79021692276001
clip_vit_b_32,grey_scale,7771,5,19.0992488861084,-2.580660820007324
clip_vit_b_32,grey_scale,1889,5,11.169597625732422,-2.6735570430755615
clip_vit_b_32,grey_scale,1010,5,21.814970016479492,-9.200715065002441
clip_vit_b_32,grey_scale,6614,6,44.25442886352539,-20.111225128173828
clip_vit_b_32,grey_scale,813,6,40.233543395996094,-18.952816009521484
clip_vit_b_32,grey_scale,2485,6,41.80242156982422,-20.2474365234375
clip_vit_b_32,grey_scale,4430,6,45.3855094909668,-25.11618423461914
clip_vit_b_32,grey_scale,6485,6,45.395851135253906,-25.2960205078125
clip_vit_b_32,grey_scale,1770,6,38.96004104614258,-20.00819969177246
clip_vit_b_32,grey_scale,2201,6,40.08588409423828,-20.97308921813965
clip_vit_b_32,grey_scale,3193,6,45.20571517944336,-19.757516860961914
clip_vit_b_32,grey_scale,3628,6,49.48814392089844,-24.32600212097168
clip_vit_b_32,grey_scale,2647,6,50.25663375854492,-17.63277816772461
clip_vit_b_32,grey_scale,1890,6,43.50755310058594,-27.549877166748047
clip_vit_b_32,grey_scale,5986,6,39.57312774658203,-20.462980270385742
clip_vit_b_32,grey_scale,1330,6,45.52663040161133,-19.16923713684082
clip_vit_b_32,grey_scale,6746,6,39.39855194091797,-23.10279655456543
clip_vit_b_32,grey_scale,7622,6,40.63026428222656,-19.447229385375977
clip_vit_b_32,grey_scale,7962,6,41.198211669921875,-18.6965274810791
clip_vit_b_32,grey_scale,7745,6,46.59733200073242,-20.22922134399414
clip_vit_b_32,grey_scale,2566,6,40.969703674316406,-20.5089054107666
clip_vit_b_32,grey_scale,19,6,42.29853057861328,-19.96957778930664
clip_vit_b_32,grey_scale,6411,6,47.533145904541016,-18.761249542236328
clip_vit_b_32,grey_scale,2561,6,47.63753890991211,-18.532087326049805
clip_vit_b_32,grey_scale,3418,6,48.413963317871094,-21.099149703979492
clip_vit_b_32,grey_scale,5854,6,42.35352325439453,-27.802600860595703
clip_vit_b_32,grey_scale,3802,6,43.64270782470703,-27.414426803588867
clip_vit_b_32,grey_scale,4685,6,41.942726135253906,-18.945722579956055
clip_vit_b_32,grey_scale,4251,6,48.24446487426758,-18.446060180664062
clip_vit_b_32,grey_scale,4798,6,51.1800651550293,-17.613550186157227
clip_vit_b_32,grey_scale,2565,6,45.48413848876953,-26.872806549072266
clip_vit_b_32,grey_scale,4476,6,49.56814193725586,-17.220972061157227
clip_vit_b_32,grey_scale,2969,6,43.84532165527344,-20.07502555847168
clip_vit_b_32,grey_scale,3661,6,4.298468589782715,-4.56393575668335
clip_vit_b_32,grey_scale,629,6,44.714622497558594,-23.830509185791016
clip_vit_b_32,grey_scale,5722,6,38.89645767211914,-20.015865325927734
clip_vit_b_32,grey_scale,6790,6,45.39948272705078,-25.514509201049805
clip_vit_b_32,grey_scale,6920,6,40.377349853515625,-21.94508171081543
clip_vit_b_32,grey_scale,6154,6,40.15351104736328,-17.780010223388672
clip_vit_b_32,grey_scale,3137,6,42.63633346557617,-27.91370391845703
clip_vit_b_32,grey_scale,4411,6,39.44219207763672,-23.194459915161133
clip_vit_b_32,grey_scale,1912,6,45.006507873535156,-27.767969131469727
clip_vit_b_32,grey_scale,7108,6,42.27778244018555,-19.975486755371094
clip_vit_b_32,grey_scale,1077,6,42.6427001953125,-27.576303482055664
clip_vit_b_32,grey_scale,432,6,46.482601165771484,-19.785503387451172
clip_vit_b_32,grey_scale,1481,6,40.16948318481445,-22.356870651245117
clip_vit_b_32,grey_scale,7187,6,42.95718002319336,-4.865179061889648
clip_vit_b_32,grey_scale,4746,6,49.54574966430664,-17.792335510253906
clip_vit_b_32,grey_scale,5732,6,47.795318603515625,-12.932045936584473
clip_vit_b_32,grey_scale,1157,6,42.08228302001953,-22.288774490356445
clip_vit_b_32,grey_scale,4968,6,48.82618713378906,-18.307886123657227
clip_vit_b_32,grey_scale,4869,6,43.30572509765625,-21.92032814025879
clip_vit_b_32,grey_scale,760,6,43.54758071899414,-5.647822380065918
clip_vit_b_32,grey_scale,864,7,32.380794525146484,29.410627365112305
clip_vit_b_32,grey_scale,2982,7,25.206850051879883,31.861820220947266
clip_vit_b_32,grey_scale,7778,7,31.57121467590332,28.47098731994629
clip_vit_b_32,grey_scale,6876,7,29.21214485168457,21.9863224029541
clip_vit_b_32,grey_scale,2756,7,29.41901397705078,28.855731964111328
clip_vit_b_32,grey_scale,6225,7,26.34584617614746,36.39777374267578
clip_vit_b_32,grey_scale,1514,7,25.822551727294922,36.33238220214844
clip_vit_b_32,grey_scale,4951,7,35.1053466796875,31.2727108001709
clip_vit_b_32,grey_scale,7608,7,31.235567092895508,27.700624465942383
clip_vit_b_32,grey_scale,7769,7,29.12000846862793,29.55743408203125
clip_vit_b_32,grey_scale,3590,7,32.12397384643555,26.673696517944336
clip_vit_b_32,grey_scale,2808,7,27.814899444580078,29.2728328704834
clip_vit_b_32,grey_scale,230,7,27.557836532592773,26.228252410888672
clip_vit_b_32,grey_scale,2787,7,29.486431121826172,30.214807510375977
clip_vit_b_32,grey_scale,4080,7,32.18043518066406,28.34473991394043
clip_vit_b_32,grey_scale,6301,7,31.93536949157715,29.947599411010742
clip_vit_b_32,grey_scale,6840,7,25.03333854675293,22.882326126098633
clip_vit_b_32,grey_scale,6882,7,24.23146629333496,30.76620864868164
clip_vit_b_32,grey_scale,1473,7,31.263391494750977,31.499286651611328
clip_vit_b_32,grey_scale,1237,7,29.35284423828125,30.88018798828125
clip_vit_b_32,grey_scale,6869,7,31.9953556060791,24.416919708251953
clip_vit_b_32,grey_scale,1656,7,25.027843475341797,26.52431297302246
clip_vit_b_32,grey_scale,493,7,30.032363891601562,30.787992477416992
clip_vit_b_32,grey_scale,6663,7,29.796140670776367,27.893325805664062
clip_vit_b_32,grey_scale,2100,7,28.499313354492188,31.854753494262695
clip_vit_b_32,grey_scale,6725,7,30.621288299560547,25.149709701538086
clip_vit_b_32,grey_scale,4773,7,27.364009857177734,31.892105102539062
clip_vit_b_32,grey_scale,2207,7,32.70066833496094,28.827817916870117
clip_vit_b_32,grey_scale,1122,7,24.633684158325195,25.98883819580078
clip_vit_b_32,grey_scale,7695,7,32.0493278503418,29.146663665771484
clip_vit_b_32,grey_scale,2063,7,26.244997024536133,26.568063735961914
clip_vit_b_32,grey_scale,5697,7,32.219879150390625,31.336559295654297
clip_vit_b_32,grey_scale,2581,7,32.89316177368164,32.09212112426758
clip_vit_b_32,grey_scale,5995,7,22.823806762695312,25.840505599975586
clip_vit_b_32,grey_scale,1985,7,25.829851150512695,26.932239532470703
clip_vit_b_32,grey_scale,2773,7,31.90384292602539,27.583646774291992
clip_vit_b_32,grey_scale,6322,7,30.132307052612305,30.021778106689453
clip_vit_b_32,grey_scale,3411,7,28.666414260864258,31.846637725830078
clip_vit_b_32,grey_scale,6149,7,27.398283004760742,27.891454696655273
clip_vit_b_32,grey_scale,7505,7,31.303686141967773,24.320423126220703
clip_vit_b_32,grey_scale,6374,7,23.863121032714844,24.202184677124023
clip_vit_b_32,grey_scale,57,7,29.7430419921875,25.455608367919922
clip_vit_b_32,grey_scale,4441,7,30.636911392211914,30.977489471435547
clip_vit_b_32,grey_scale,3581,7,28.10679817199707,26.669408798217773
clip_vit_b_32,grey_scale,5586,7,23.982669830322266,23.974552154541016
clip_vit_b_32,grey_scale,3140,7,26.405452728271484,29.643766403198242
clip_vit_b_32,grey_scale,5535,7,32.645259857177734,30.319795608520508
clip_vit_b_32,grey_scale,1224,7,29.388914108276367,27.730199813842773
clip_vit_b_32,grey_scale,680,7,25.145702362060547,29.09530258178711
clip_vit_b_32,grey_scale,3230,7,36.22917556762695,42.95427322387695
clip_vit_b_32,grey_scale,6797,8,-56.137325286865234,-13.166321754455566
clip_vit_b_32,grey_scale,7508,8,-56.61215591430664,-11.640270233154297
clip_vit_b_32,grey_scale,6365,8,-52.99081039428711,-8.945384979248047
clip_vit_b_32,grey_scale,4058,8,-57.68126678466797,-6.740629196166992
clip_vit_b_32,grey_scale,6110,8,-49.01852035522461,-13.809253692626953
clip_vit_b_32,grey_scale,2335,8,-48.72429275512695,-14.601227760314941
clip_vit_b_32,grey_scale,4844,8,-53.66790771484375,-9.524632453918457
clip_vit_b_32,grey_scale,3479,8,-49.393890380859375,-7.930165767669678
clip_vit_b_32,grey_scale,4876,8,-47.8536376953125,-14.967181205749512
clip_vit_b_32,grey_scale,3551,8,-53.002227783203125,-7.271152019500732
clip_vit_b_32,grey_scale,4072,8,-57.44203567504883,-11.263675689697266
clip_vit_b_32,grey_scale,5959,8,-55.326446533203125,-12.940390586853027
clip_vit_b_32,grey_scale,4655,8,-60.801212310791016,-9.337284088134766
clip_vit_b_32,grey_scale,6302,8,-53.46448516845703,-8.147200584411621
clip_vit_b_32,grey_scale,4690,8,-50.502410888671875,-14.697497367858887
clip_vit_b_32,grey_scale,4030,8,-53.44815444946289,-8.685708045959473
clip_vit_b_32,grey_scale,7596,8,-54.386287689208984,-6.84596586227417
clip_vit_b_32,grey_scale,7300,8,-48.985130310058594,-8.81392765045166
clip_vit_b_32,grey_scale,2355,8,-54.98059844970703,-7.020115852355957
clip_vit_b_32,grey_scale,2657,8,-51.477081298828125,-5.781641483306885
clip_vit_b_32,grey_scale,1002,8,-54.425697326660156,-11.18272876739502
clip_vit_b_32,grey_scale,7907,8,-52.69810104370117,-6.73214864730835
clip_vit_b_32,grey_scale,460,8,-54.951393127441406,-12.707317352294922
clip_vit_b_32,grey_scale,4632,8,-49.198631286621094,-14.09538745880127
clip_vit_b_32,grey_scale,6832,8,-50.78124237060547,-12.621665000915527
clip_vit_b_32,grey_scale,5398,8,-55.624847412109375,-13.140908241271973
clip_vit_b_32,grey_scale,6643,8,-48.569252014160156,-9.10809326171875
clip_vit_b_32,grey_scale,6274,8,-49.865264892578125,-15.428912162780762
clip_vit_b_32,grey_scale,1166,8,-49.9920654296875,-8.91962718963623
clip_vit_b_32,grey_scale,5040,8,-53.97200012207031,-6.703145503997803
clip_vit_b_32,grey_scale,1658,8,-53.656776428222656,-5.819619178771973
clip_vit_b_32,grey_scale,6001,8,-54.49853515625,-7.755317687988281
clip_vit_b_32,grey_scale,5320,8,-56.37534713745117,-10.99057674407959
clip_vit_b_32,grey_scale,2038,8,-54.04560470581055,-6.484731197357178
clip_vit_b_32,grey_scale,2099,8,-55.77676773071289,-7.207834720611572
clip_vit_b_32,grey_scale,6870,8,-55.52239990234375,-10.290650367736816
clip_vit_b_32,grey_scale,5479,8,-49.42531204223633,-13.605639457702637
clip_vit_b_32,grey_scale,266,8,-52.14699172973633,-9.90440559387207
clip_vit_b_32,grey_scale,6162,8,-48.98799514770508,-2.118773937225342
clip_vit_b_32,grey_scale,3816,8,-51.11720275878906,-9.58194351196289
clip_vit_b_32,grey_scale,3900,8,-53.72416305541992,-7.829346656799316
clip_vit_b_32,grey_scale,2059,8,-55.590972900390625,-9.486235618591309
clip_vit_b_32,grey_scale,6131,8,-50.34379577636719,-12.767473220825195
clip_vit_b_32,grey_scale,273,8,-61.82140350341797,-6.17597770690918
clip_vit_b_32,grey_scale,1255,8,-55.943206787109375,-12.823614120483398
clip_vit_b_32,grey_scale,6862,8,-48.3994026184082,-14.197608947753906
clip_vit_b_32,grey_scale,7976,8,-54.352333068847656,-8.920555114746094
clip_vit_b_32,grey_scale,1616,8,-54.53996658325195,-7.730416297912598
clip_vit_b_32,grey_scale,602,8,-52.90359115600586,-10.513389587402344
clip_vit_b_32,grey_scale,5134,8,-51.345577239990234,-11.138151168823242
clip_vit_b_32,grey_scale,932,9,-42.00901412963867,12.768816947937012
clip_vit_b_32,grey_scale,2674,9,-44.0108528137207,14.289177894592285
clip_vit_b_32,grey_scale,5655,9,-37.73616027832031,31.73931312561035
clip_vit_b_32,grey_scale,7705,9,-40.441749572753906,17.44314193725586
clip_vit_b_32,grey_scale,952,9,-38.25041198730469,17.990772247314453
clip_vit_b_32,grey_scale,1836,9,-39.39303207397461,14.169022560119629
clip_vit_b_32,grey_scale,6202,9,-32.521270751953125,18.925931930541992
clip_vit_b_32,grey_scale,7701,9,4.362603664398193,-3.6397018432617188
clip_vit_b_32,grey_scale,7147,9,-41.4093017578125,16.20320701599121
clip_vit_b_32,grey_scale,243,9,-41.056575775146484,15.299077987670898
clip_vit_b_32,grey_scale,7330,9,-34.96958923339844,18.432575225830078
clip_vit_b_32,grey_scale,2379,9,-35.65995788574219,17.864179611206055
clip_vit_b_32,grey_scale,5210,9,-32.850494384765625,15.811050415039062
clip_vit_b_32,grey_scale,3103,9,-32.20389175415039,12.74365234375
clip_vit_b_32,grey_scale,7049,9,-33.27769088745117,17.683979034423828
clip_vit_b_32,grey_scale,7921,9,-41.4220085144043,14.75697135925293
clip_vit_b_32,grey_scale,2667,9,-37.579898834228516,20.489582061767578
clip_vit_b_32,grey_scale,1240,9,-33.44298553466797,18.09640121459961
clip_vit_b_32,grey_scale,2166,9,-42.83901596069336,13.645950317382812
clip_vit_b_32,grey_scale,4362,9,-35.35036087036133,15.634757995605469
clip_vit_b_32,grey_scale,757,9,-34.669898986816406,16.755205154418945
clip_vit_b_32,grey_scale,5211,9,-32.939388275146484,20.594701766967773
clip_vit_b_32,grey_scale,4049,9,-37.422203063964844,20.63396453857422
clip_vit_b_32,grey_scale,5301,9,-31.764812469482422,17.537033081054688
clip_vit_b_32,grey_scale,352,9,-30.620561599731445,20.32321548461914
clip_vit_b_32,grey_scale,3428,9,-35.2165412902832,17.130516052246094
clip_vit_b_32,grey_scale,3690,9,-32.40549087524414,16.57321548461914
clip_vit_b_32,grey_scale,2682,9,-36.880104064941406,17.232702255249023
clip_vit_b_32,grey_scale,7767,9,-31.00811004638672,21.01991844177246
clip_vit_b_32,grey_scale,6747,9,-37.04663848876953,24.31471824645996
clip_vit_b_32,grey_scale,4721,9,-33.46246337890625,16.393390655517578
clip_vit_b_32,grey_scale,7654,9,-45.626678466796875,13.655550956726074
clip_vit_b_32,grey_scale,3200,9,-36.95939254760742,18.558734893798828
clip_vit_b_32,grey_scale,7671,9,-37.15740966796875,18.0034236907959
clip_vit_b_32,grey_scale,6451,9,-38.76374053955078,7.226577281951904
clip_vit_b_32,grey_scale,732,9,-41.40419387817383,12.975521087646484
clip_vit_b_32,grey_scale,7845,9,-33.0788459777832,18.021759033203125
clip_vit_b_32,grey_scale,6496,9,-32.958251953125,20.52086067199707
clip_vit_b_32,grey_scale,4956,9,-34.44108200073242,15.430187225341797
clip_vit_b_32,grey_scale,6536,9,-41.90730667114258,14.889389038085938
clip_vit_b_32,grey_scale,852,9,-39.374629974365234,18.437570571899414
clip_vit_b_32,grey_scale,4320,9,-32.47102737426758,15.544718742370605
clip_vit_b_32,grey_scale,5621,9,-38.10698699951172,16.74896240234375
clip_vit_b_32,grey_scale,4095,9,-35.96886444091797,16.019161224365234
clip_vit_b_32,grey_scale,1163,9,-39.90353775024414,17.898841857910156
clip_vit_b_32,grey_scale,3249,9,-31.502939224243164,21.50674057006836
clip_vit_b_32,grey_scale,2414,9,-30.91748809814453,20.03118324279785
clip_vit_b_32,grey_scale,3993,9,-35.12980651855469,9.743175506591797
clip_vit_b_32,grey_scale,3076,9,-42.511688232421875,13.946725845336914
clip_vit_b_32,grey_scale,1522,9,-38.79680252075195,18.426008224487305
clip_vit_b_32,cue_conflict,c0_s1_0000_7975_3588,0,-13.006379127502441,24.730316162109375
clip_vit_b_32,cue_conflict,c0_s1_0001_6500_5425,0,-15.876137733459473,-9.314170837402344
clip_vit_b_32,cue_conflict,c0_s1_0002_359_3161,0,-11.492347717285156,21.772918701171875
clip_vit_b_32,cue_conflict,c0_s1_0003_808_6982,0,-9.970291137695312,22.209627151489258
clip_vit_b_32,cue_conflict,c0_s1_0004_422_5240,0,-7.631340026855469,21.021753311157227
clip_vit_b_32,cue_conflict,c0_s1_0005_7782_4188,0,-12.222684860229492,-0.6852696537971497
clip_vit_b_32,cue_conflict,c0_s1_0009_5067_5093,0,-4.232977867126465,29.44199562072754
clip_vit_b_32,cue_conflict,c0_s1_0010_5276_1428,0,-11.02833080291748,17.513059616088867
clip_vit_b_32,cue_conflict,c0_s1_0011_298_4361,0,-11.196819305419922,18.810834884643555
clip_vit_b_32,cue_conflict,c0_s1_0012_480_4188,0,-11.35152530670166,-0.8952122926712036
clip_vit_b_32,cue_conflict,c0_s1_0013_5068_6498,0,-11.849325180053711,20.078250885009766
clip_vit_b_32,cue_conflict,c0_s1_0014_5068_564,0,-11.2654390335083,20.306594848632812
clip_vit_b_32,cue_conflict,c0_s1_0015_241_1428,0,-9.360480308532715,19.349327087402344
clip_vit_b_32,cue_conflict,c0_s1_0016_1463_3530,0,-12.284667015075684,-0.8780084252357483
clip_vit_b_32,cue_conflict,c0_s1_0017_2937_5394,0,-7.786539554595947,21.652267456054688
clip_vit_b_32,cue_conflict,c0_s1_0018_5624_5830,0,-14.401721000671387,-14.50998306274414
clip_vit_b_32,cue_conflict,c0_s1_0020_5068_4709,0,-11.777085304260254,19.896137237548828
clip_vit_b_32,cue_conflict,c0_s1_0022_1463_3834,0,-5.26248836517334,25.916358947753906
clip_vit_b_32,cue_conflict,c0_s1_0023_241_6410,0,-9.889016151428223,19.0598201751709
clip_vit_b_32,cue_conflict,c0_s1_0024_5785_1428,0,-11.212238311767578,18.123977661132812
clip_vit_b_32,cue_conflict,c1_s0_0000_6014_4533,1,3.5975265502929688,38.88132858276367
clip_vit_b_32,cue_conflict,c1_s0_0001_3144_7165,1,4.843648910522461,37.53885269165039
clip_vit_b_32,cue_conflict,c1_s0_0002_963_7334,1,-7.59431791305542,24.26824951171875
clip_vit_b_32,cue_conflict,c1_s0_0003_1428_3999,1,-3.444577693939209,24.769086837768555
clip_vit_b_32,cue_conflict,c1_s0_0005_4709_2210,1,1.9177502393722534,36.59547424316406
clip_vit_b_32,cue_conflict,c1_s0_0008_4188_7334,1,-2.8084144592285156,26.110088348388672
clip_vit_b_32,cue_conflict,c1_s0_0010_5830_3999,1,-5.125086307525635,31.304920196533203
clip_vit_b_32,cue_conflict,c1_s0_0011_2988_339,1,2.100196599960327,39.26286315917969
clip_vit_b_32,cue_conflict,c1_s0_0012_5546_60,1,-1.9577878713607788,33.71352767944336
clip_vit_b_32,cue_conflict,c1_s0_0013_1218_5276,1,0.7957038879394531,45.81998825073242
clip_vit_b_32,cue_conflict,c1_s0_0014_3161_728,1,-4.1776442527771,29.470441818237305
clip_vit_b_32,cue_conflict,c1_s0_0015_5929_3759,1,-1.3500534296035767,32.63087844848633
clip_vit_b_32,cue_conflict,c1_s0_0016_1302_7975,1,1.236840844154358,42.154266357421875
clip_vit_b_32,cue_conflict,c1_s0_0017_5425_60,1,-3.8518807888031006,35.3486328125
clip_vit_b_32,cue_conflict,c1_s0_0018_963_3397,1,-7.31773042678833,24.32961082458496
clip_vit_b_32,cue_conflict,c1_s0_0020_3834_298,1,1.7580715417861938,40.793601989746094
clip_vit_b_32,cue_conflict,c1_s0_0021_5929_4533,1,-2.4192872047424316,26.61631202697754
clip_vit_b_32,cue_conflict,c1_s0_0022_1353_1977,1,-3.8295111656188965,33.50908279418945
clip_vit_b_32,cue_conflict,c1_s0_0023_4709_60,1,2.8488895893096924,39.471805572509766
clip_vit_b_32,cue_conflict,c1_s0_0024_225_3999,1,-4.24597692489624,33.638465881347656
clip_vit_b_32,cue_conflict,c1_s2_0000_1740_6683,1,-2.03792142868042,23.812658309936523
clip_vit_b_32,cue_conflict,c1_s2_0001_225_5577,1,-4.915106773376465,26.296329498291016
clip_vit_b_32,cue_conflict,c1_s2_0002_6022_7711,1,3.949812173843384,38.14259719848633
clip_vit_b_32,cue_conflict,c1_s2_0003_5546_6683,1,-2.37803316116333,33.14177322387695
clip_vit_b_32,cue_conflict,c1_s2_0004_5240_2436,1,2.1907382011413574,40.41072463989258
clip_vit_b_32,cue_conflict,c1_s2_0006_7066_3067,1,-6.676228046417236,22.784500122070312
clip_vit_b_32,cue_conflict,c1_s2_0007_1428_5463,1,3.944505214691162,36.969642639160156
clip_vit_b_32,cue_conflict,c1_s2_0009_2988_7327,1,1.8821215629577637,38.57651138305664
clip_vit_b_32,cue_conflict,c1_s2_0010_5093_2909,1,1.0433964729309082,38.067710876464844
clip_vit_b_32,cue_conflict,c1_s2_0011_1740_1179,1,-2.0317111015319824,23.774169921875
clip_vit_b_32,cue_conflict,c1_s2_0012_6014_6548,1,-4.449952602386475,24.789648056030273
clip_vit_b_32,cue_conflict,c1_s2_0014_5425_6548,1,-13.141435623168945,24.809539794921875
clip_vit_b_32,cue_conflict,c1_s2_0015_5929_2252,1,-2.867687225341797,25.687602996826172
clip_vit_b_32,cue_conflict,c1_s2_0016_3537_6795,1,-4.908819198608398,25.979412078857422
clip_vit_b_32,cue_conflict,c1_s2_0017_2673_313,1,-3.6922202110290527,24.648107528686523
clip_vit_b_32,cue_conflict,c1_s2_0018_3530_2611,1,3.416166067123413,40.03760528564453
clip_vit_b_32,cue_conflict,c1_s2_0019_275_6548,1,-3.4711127281188965,30.560821533203125
clip_vit_b_32,cue_conflict,c1_s2_0021_5093_6738,1,0.8366006016731262,38.42877960205078
clip_vit_b_32,cue_conflict,c1_s2_0022_275_2915,1,-3.396437168121338,30.798484802246094
clip_vit_b_32,cue_conflict,c1_s2_0024_225_4316,1,-4.376139163970947,33.46532440185547
clip_vit_b_32,cue_conflict,c2_s1_0000_7392_3588,2,-26.741928100585938,31.564388275146484
clip_vit_b_32,cue_conflict,c2_s1_0001_5011_5929,2,-25.891132354736328,36.774723052978516
clip_vit_b_32,cue_conflict,c2_s1_0002_6216_4733,2,-25.661640167236328,33.03862762451172
clip_vit_b_32,cue_conflict,c2_s1_0004_2436_1302,2,-27.027252197265625,32.46743392944336
clip_vit_b_32,cue_conflict,c2_s1_0005_2611_5425,2,-24.244234085083008,30.026042938232422
clip_vit_b_32,cue_conflict,c2_s1_0006_2392_3161,2,-29.422632217407227,35.744781494140625
clip_vit_b_32,cue_conflict,c2_s1_0007_1731_4709,2,-26.060819625854492,32.910804748535156
clip_vit_b_32,cue_conflict,c2_s1_0008_1179_6938,2,-29.8037052154541,32.12979507446289
clip_vit_b_32,cue_conflict,c2_s1_0009_6548_1428,2,-28.257104873657227,31.774402618408203
clip_vit_b_32,cue_conflict,c2_s1_0010_1731_6498,2,-25.64202308654785,35.567893981933594
clip_vit_b_32,cue_conflict,c2_s1_0012_4605_7066,2,-24.415279388427734,38.29940414428711
clip_vit_b_32,cue_conflict,c2_s1_0013_1179_3588,2,-29.51793670654297,32.09027099609375
clip_vit_b_32,cue_conflict,c2_s1_0014_2503_3530,2,-37.87977600097656,36.774024963378906
clip_vit_b_32,cue_conflict,c2_s1_0015_5577_5093,2,-23.015790939331055,38.27524948120117
clip_vit_b_32,cue_conflict,c2_s1_0016_6981_3254,2,-28.010391235351562,37.017154693603516
clip_vit_b_32,cue_conflict,c2_s1_0018_3067_3834,2,-29.43020248413086,34.68128967285156
clip_vit_b_32,cue_conflict,c2_s1_0019_6738_1081,2,-27.584875106811523,36.56760787963867
clip_vit_b_32,cue_conflict,c2_s1_0022_2611_7066,2,-24.42144012451172,30.240266799926758
clip_vit_b_32,cue_conflict,c2_s1_0023_5004_3161,2,-27.371999740600586,34.45753860473633
clip_vit_b_32,cue_conflict,c2_s1_0024_1179_6072,2,-29.830482482910156,32.12875747680664
clip_vit_b_32,cue_conflict,c1_s3_0001_6938_6094,1,2.594726324081421,42.584747314453125
clip_vit_b_32,cue_conflict,c1_s3_0002_4733_3375,1,4.699781894683838,35.314552307128906
clip_vit_b_32,cue_conflict,c1_s3_0003_3388_3375,1,1.3710713386535645,41.09241485595703
clip_vit_b_32,cue_conflict,c1_s3_0004_5425_897,1,-5.578489780426025,27.756851196289062
clip_vit_b_32,cue_conflict,c1_s3_0005_3223_2785,1,2.867932081222534,37.27019500732422
clip_vit_b_32,cue_conflict,c1_s3_0006_1081_1563,1,-5.782416820526123,24.052433013916016
clip_vit_b_32,cue_conflict,c1_s3_0007_6068_6459,1,2.1700828075408936,41.90073776245117
clip_vit_b_32,cue_conflict,c1_s3_0008_1491_6094,1,-4.602583885192871,31.219738006591797
clip_vit_b_32,cue_conflict,c1_s3_0009_1353_1531,1,-4.810794830322266,27.388011932373047
clip_vit_b_32,cue_conflict,c1_s3_0010_4709_1622,1,3.143465280532837,48.27970504760742
clip_vit_b_32,cue_conflict,c1_s3_0011_5830_6385,1,-5.160984039306641,32.11823654174805
clip_vit_b_32,cue_conflict,c1_s3_0013_5394_5294,1,4.066427707672119,39.197505950927734
clip_vit_b_32,cue_conflict,c1_s3_0014_4361_6632,1,-8.905499458312988,22.492996215820312
clip_vit_b_32,cue_conflict,c1_s3_0015_5122_1968,1,2.5443058013916016,37.833282470703125
clip_vit_b_32,cue_conflict,c1_s3_0016_3161_1968,1,-6.222657680511475,24.554285049438477
clip_vit_b_32,cue_conflict,c1_s3_0019_7066_874,1,3.1279330253601074,40.80032730102539
clip_vit_b_32,cue_conflict,c1_s3_0020_3144_4184,1,4.55794620513916,37.08161163330078
clip_vit_b_32,cue_conflict,c1_s3_0021_2988_3202,1,1.8502851724624634,38.75362014770508
clip_vit_b_32,cue_conflict,c1_s3_0022_6022_6575,1,4.794950008392334,37.87666320800781
clip_vit_b_32,cue_conflict,c1_s3_0024_6498_6324,1,12.561946868896484,30.16118812561035
clip_vit_b_32,cue_conflict,c3_s1_0000_1563_6938,3,2.496325969696045,24.523303985595703
clip_vit_b_32,cue_conflict,c3_s1_0001_3202_6938,3,8.757661819458008,3.748009443283081
clip_vit_b_32,cue_conflict,c3_s1_0002_5522_6498,3,7.559957027435303,5.158986568450928
clip_vit_b_32,cue_conflict,c3_s1_0004_589_1302,3,2.025075674057007,33.559967041015625
clip_vit_b_32,cue_conflict,c3_s1_0006_6385_2988,3,6.135591983795166,6.343143939971924
clip_vit_b_32,cue_conflict,c3_s1_0007_4858_6498,3,5.052834510803223,6.420869827270508
clip_vit_b_32,cue_conflict,c3_s1_0008_6324_1302,3,-0.7586888670921326,16.745725631713867
clip_vit_b_32,cue_conflict,c3_s1_0009_6826_6498,3,-8.735016822814941,21.522865295410156
clip_vit_b_32,cue_conflict,c3_s1_0010_2785_6068,3,3.570549726486206,17.144498825073242
clip_vit_b_32,cue_conflict,c3_s1_0011_3375_225,3,-3.201765298843384,18.553081512451172
clip_vit_b_32,cue_conflict,c3_s1_0012_4856_6880,3,3.2154741287231445,17.92129898071289
clip_vit_b_32,cue_conflict,c3_s1_0013_5294_4733,3,6.930562973022461,5.559741973876953
clip_vit_b_32,cue_conflict,c3_s1_0014_6459_963,3,-0.7449312210083008,16.749874114990234
clip_vit_b_32,cue_conflict,c3_s1_0017_2434_5929,3,6.1255292892456055,7.00669002532959
clip_vit_b_32,cue_conflict,c3_s1_0018_5976_7217,3,4.157384395599365,6.868675231933594
clip_vit_b_32,cue_conflict,c3_s1_0019_5551_5830,3,4.7090744972229,6.896539688110352
clip_vit_b_32,cue_conflict,c3_s1_0020_4858_3834,3,4.873553276062012,6.585451126098633
clip_vit_b_32,cue_conflict,c3_s1_0022_6459_3223,3,24.00107765197754,12.590350151062012
clip_vit_b_32,cue_conflict,c3_s1_0023_1187_1218,3,5.726748943328857,7.913841247558594
clip_vit_b_32,cue_conflict,c3_s1_0024_2480_3223,3,19.093685150146484,6.610342025756836
clip_vit_b_32,cue_conflict,c2_s4_0001_6053_6441,2,-28.405794143676758,33.17098617553711
clip_vit_b_32,cue_conflict,c2_s4_0002_6981_6122,2,-27.613420486450195,36.667808532714844
clip_vit_b_32,cue_conflict,c2_s4_0003_3944_3078,2,-27.89504623413086,31.27823257446289
clip_vit_b_32,cue_conflict,c2_s4_0004_7327_1694,2,-37.869171142578125,36.89672088623047
clip_vit_b_32,cue_conflict,c2_s4_0005_6347_490,2,-25.388744354248047,34.84548568725586
clip_vit_b_32,cue_conflict,c2_s4_0006_5577_1223,2,-23.2297306060791,38.678863525390625
clip_vit_b_32,cue_conflict,c2_s4_0008_7843_1223,2,-26.252960205078125,32.00481414794922
clip_vit_b_32,cue_conflict,c2_s4_0009_2252_4262,2,-34.90143966674805,32.470176696777344
clip_vit_b_32,cue_conflict,c2_s4_0010_7711_321,2,-25.336328506469727,27.304885864257812
clip_vit_b_32,cue_conflict,c2_s4_0011_6053_4616,2,-28.370664596557617,33.112525939941406
clip_vit_b_32,cue_conflict,c2_s4_0012_5484_6122,2,-24.5728759765625,34.287147521972656
clip_vit_b_32,cue_conflict,c2_s4_0013_7392_1223,2,-26.3974609375,31.362133026123047
clip_vit_b_32,cue_conflict,c2_s4_0016_3067_650,2,-29.223840713500977,34.390769958496094
clip_vit_b_32,cue_conflict,c2_s4_0017_4316_3012,2,-28.042970657348633,30.720233917236328
clip_vit_b_32,cue_conflict,c2_s4_0018_6216_1669,2,-25.723196029663086,32.892578125
clip_vit_b_32,cue_conflict,c2_s4_0019_1059_2875,2,-23.58974838256836,38.472076416015625
clip_vit_b_32,cue_conflict,c2_s4_0020_88_3444,2,-9.586402893066406,21.174720764160156
clip_vit_b_32,cue_conflict,c2_s4_0021_6053_490,2,-28.45551872253418,33.14768600463867
clip_vit_b_32,cue_conflict,c2_s4_0022_4440_7728,2,-25.688039779663086,31.254846572875977
clip_vit_b_32,cue_conflict,c2_s4_0024_3067_4616,2,-29.415735244750977,34.56108093261719
clip_vit_b_32,cue_conflict,c4_s2_0002_6587_2915,4,2.909010171890259,20.243162155151367
clip_vit_b_32,cue_conflict,c4_s2_0003_321_6683,4,2.8361635208129883,18.821298599243164
clip_vit_b_32,cue_conflict,c4_s2_0004_5765_5663,4,-4.153178691864014,19.087366104125977
clip_vit_b_32,cue_conflict,c4_s2_0005_7910_6548,4,-0.1904415488243103,21.42196273803711
clip_vit_b_32,cue_conflict,c4_s2_0006_1550_1731,4,1.458937644958496,20.4429874420166
clip_vit_b_32,cue_conflict,c4_s2_0007_1694_3641,4,-0.5864470601081848,21.41216468811035
clip_vit_b_32,cue_conflict,c4_s2_0008_4089_4605,4,-7.760175704956055,23.907228469848633
clip_vit_b_32,cue_conflict,c4_s2_0009_650_517,4,-8.188105583190918,22.365203857421875
clip_vit_b_32,cue_conflict,c4_s2_0010_4616_1731,4,1.6799129247665405,19.48929214477539
clip_vit_b_32,cue_conflict,c4_s2_0011_5708_1750,4,-4.273041248321533,19.022066116333008
clip_vit_b_32,cue_conflict,c4_s2_0013_4006_1731,4,-5.857690334320068,21.151254653930664
clip_vit_b_32,cue_conflict,c4_s2_0014_7910_6053,4,0.9492238163948059,22.216781616210938
clip_vit_b_32,cue_conflict,c4_s2_0015_1209_7711,4,1.131157398223877,21.079360961914062
clip_vit_b_32,cue_conflict,c4_s2_0016_2021_1750,4,-0.978733241558075,21.541589736938477
clip_vit_b_32,cue_conflict,c4_s2_0017_4155_7327,4,0.39638179540634155,20.326553344726562
clip_vit_b_32,cue_conflict,c4_s2_0018_1550_2611,4,1.665814995765686,20.3144588470459
clip_vit_b_32,cue_conflict,c4_s2_0019_3928_332,4,-4.686329364776611,18.450029373168945
clip_vit_b_32,cue_conflict,c4_s2_0020_4155_5177,4,0.036356378346681595,20.23310661315918
clip_vit_b_32,cue_conflict,c4_s2_0021_7910_2915,4,0.7492761611938477,22.124744415283203
clip_vit_b_32,cue_conflict,c4_s2_0023_4616_313,4,0.872101902961731,19.726503372192383
clip_vit_b_32,cue_conflict,c7_s9_0000_6149_7921,7,-10.396713256835938,25.655059814453125
clip_vit_b_32,cue_conflict,c7_s9_0001_7769_1163,7,-3.8244168758392334,19.54383659362793
clip_vit_b_32,cue_conflict,c7_s9_0002_680_7705,7,-4.7576584815979,21.06494140625
clip_vit_b_32,cue_conflict,c7_s9_0004_2581_3200,7,-4.780528545379639,22.18720245361328
clip_vit_b_32,cue_conflict,c7_s9_0005_2207_852,7,-4.2863969802856445,20.442352294921875
clip_vit_b_32,cue_conflict,c7_s9_0006_7695_1163,7,1.9862977266311646,24.826845169067383
clip_vit_b_32,cue_conflict,c7_s9_0007_2982_7671,7,-6.576145172119141,21.66049575805664
clip_vit_b_32,cue_conflict,c7_s9_0008_7505_852,7,4.843594074249268,35.0546875
clip_vit_b_32,cue_conflict,c7_s9_0009_2581_7671,7,-6.06634521484375,21.289752960205078
clip_vit_b_32,cue_conflict,c7_s9_0011_1473_7767,7,32.702693939208984,35.32087707519531
clip_vit_b_32,cue_conflict,c7_s9_0012_230_7767,7,2.460578203201294,24.891220092773438
clip_vit_b_32,cue_conflict,c7_s9_0014_1656_7701,7,-3.462782144546509,21.69523811340332
clip_vit_b_32,cue_conflict,c7_s9_0015_1122_3103,7,-12.69139575958252,18.200727462768555
clip_vit_b_32,cue_conflict,c7_s9_0016_1224_1522,7,-6.425848484039307,22.854917526245117
clip_vit_b_32,cue_conflict,c7_s9_0017_2787_3249,7,-3.351090908050537,21.903629302978516
clip_vit_b_32,cue_conflict,c7_s9_0018_5535_243,7,-10.315827369689941,25.647558212280273
clip_vit_b_32,cue_conflict,c7_s9_0019_2581_243,7,-4.6244425773620605,22.298723220825195
clip_vit_b_32,cue_conflict,c7_s9_0020_6225_7049,7,-2.891716718673706,20.361406326293945
clip_vit_b_32,cue_conflict,c7_s9_0021_6840_4049,7,-7.434703350067139,23.266319274902344
clip_vit_b_32,cue_conflict,c7_s9_0022_864_2674,7,-5.187651634216309,20.547658920288086
clip_vit_b_32,cue_conflict,c9_s7_0001_852_680,9,-26.97557258605957,19.51125717163086
clip_vit_b_32,cue_conflict,c9_s7_0002_3428_2207,9,-23.828073501586914,23.062942504882812
clip_vit_b_32,cue_conflict,c9_s7_0003_7147_2982,9,-27.851675033569336,19.053163528442383
clip_vit_b_32,cue_conflict,c9_s7_0004_7330_5697,9,-27.102121353149414,19.548175811767578
clip_vit_b_32,cue_conflict,c9_s7_0005_5211_4773,9,-24.924734115600586,23.01253890991211
clip_vit_b_32,cue_conflict,c9_s7_0006_4956_5535,9,-10.756936073303223,21.75143814086914
clip_vit_b_32,cue_conflict,c9_s7_0007_6496_4951,9,-24.648048400878906,23.262754440307617
clip_vit_b_32,cue_conflict,c9_s7_0008_3249_6374,9,-6.803669452667236,20.466238021850586
clip_vit_b_32,cue_conflict,c9_s7_0009_4049_6322,9,-25.553035736083984,18.961843490600586
clip_vit_b_32,cue_conflict,c9_s7_0010_5621_2773,9,-23.59471321105957,23.868894577026367
clip_vit_b_32,cue_conflict,c9_s7_0011_7654_6869,9,-23.42505645751953,21.095048904418945
clip_vit_b_32,cue_conflict,c9_s7_0012_4049_3590,9,-26.212217330932617,18.486238479614258
clip_vit_b_32,cue_conflict,c9_s7_0013_7654_6840,9,-23.86982536315918,20.578411102294922
clip_vit_b_32,cue_conflict,c9_s7_0014_5621_1985,9,-23.635395050048828,23.79166603088379
clip_vit_b_32,cue_conflict,c9_s7_0015_7049_6149,9,-24.695926666259766,19.27918815612793
clip_vit_b_32,cue_conflict,c9_s7_0017_6536_864,9,-25.968061447143555,20.31113052368164
clip_vit_b_32,cue_conflict,c9_s7_0019_4721_7695,9,-6.13822078704834,19.196632385253906
clip_vit_b_32,cue_conflict,c9_s7_0020_4721_4951,9,-5.61208438873291,19.838272094726562
clip_vit_b_32,cue_conflict,c9_s7_0021_4049_6149,9,-26.12913703918457,18.630582809448242
clip_vit_b_32,cue_conflict,c9_s7_0023_243_2773,9,-23.466655731201172,22.359560012817383
clip_vit_b_32,translation_right_32,2937,0,-17.103254318237305,-0.5718880891799927
clip_vit_b_32,translation_right_32,2210,0,-18.77094078063965,-13.780557632446289
clip_vit_b_32,translation_right_32,4533,0,-26.887874603271484,-3.443352460861206
clip_vit_b_32,translation_right_32,5067,0,21.210302352905273,24.74909019470215
clip_vit_b_32,translation_right_32,3488,0,-20.552249908447266,-11.804927825927734
clip_vit_b_32,translation_right_32,808,0,-22.587188720703125,-12.926314353942871
clip_vit_b_32,translation_right_32,298,0,-16.74765968322754,2.9565703868865967
clip_vit_b_32,translation_right_32,6817,0,-18.447967529296875,-16.78228759765625
clip_vit_b_32,translation_right_32,597,0,-26.157304763793945,-6.478257179260254
clip_vit_b_32,translation_right_32,339,0,-19.213943481445312,-4.979687690734863
clip_vit_b_32,translation_right_32,241,0,-19.582916259765625,0.4204331040382385
clip_vit_b_32,translation_right_32,6420,0,-14.868525505065918,0.5665241479873657
clip_vit_b_32,translation_right_32,422,0,-28.25737190246582,-3.021695613861084
clip_vit_b_32,translation_right_32,7782,0,-10.257851600646973,-5.384685039520264
clip_vit_b_32,translation_right_32,7869,0,-16.193735122680664,-4.785560607910156
clip_vit_b_32,translation_right_32,5999,0,-13.486040115356445,-2.4899046421051025
clip_vit_b_32,translation_right_32,7975,0,-18.392595291137695,-6.806166172027588
clip_vit_b_32,translation_right_32,7101,0,-17.93688201904297,-14.13035774230957
clip_vit_b_32,translation_right_32,6762,0,-19.848011016845703,-2.8428866863250732
clip_vit_b_32,translation_right_32,3999,0,-8.281304359436035,-3.304288625717163
clip_vit_b_32,translation_right_32,5255,0,-14.55323600769043,-6.160704612731934
clip_vit_b_32,translation_right_32,5276,0,-19.630029678344727,-1.9698997735977173
clip_vit_b_32,translation_right_32,7165,0,-18.375642776489258,-12.776884078979492
clip_vit_b_32,translation_right_32,5624,0,-15.255051612854004,-14.282731056213379
clip_vit_b_32,translation_right_32,480,0,-15.195366859436035,-9.975946426391602
clip_vit_b_32,translation_right_32,4819,0,-19.5004940032959,-1.3671201467514038
clip_vit_b_32,translation_right_32,7334,0,-20.4103946685791,-1.6915085315704346
clip_vit_b_32,translation_right_32,6065,0,-17.468372344970703,-9.035698890686035
clip_vit_b_32,translation_right_32,5785,0,-21.18731117248535,-1.055626630783081
clip_vit_b_32,translation_right_32,359,0,-19.53390121459961,-12.061460494995117
clip_vit_b_32,translation_right_32,4045,0,-32.075565338134766,-6.2465057373046875
clip_vit_b_32,translation_right_32,7128,0,-10.025457382202148,-2.8171567916870117
clip_vit_b_32,translation_right_32,7260,0,-25.15457534790039,-3.279188871383667
clip_vit_b_32,translation_right_32,3151,0,-10.229521751403809,-4.515379428863525
clip_vit_b_32,translation_right_32,1463,0,-11.324926376342773,-2.436659574508667
clip_vit_b_32,translation_right_32,5068,0,-30.17583465576172,-3.739525556564331
clip_vit_b_32,translation_right_32,3759,0,-18.428722381591797,-11.384321212768555
clip_vit_b_32,translation_right_32,6500,0,-16.46006965637207,-9.944428443908691
clip_vit_b_32,translation_right_32,1548,0,-21.436824798583984,-9.439764022827148
clip_vit_b_32,translation_right_32,728,0,-18.186307907104492,-10.342985153198242
clip_vit_b_32,translation_right_32,5711,0,-18.66265296936035,2.5622315406799316
clip_vit_b_32,translation_right_32,1977,0,-9.450569152832031,-4.473141670227051
clip_vit_b_32,translation_right_32,3285,0,-26.21859359741211,-5.285518646240234
clip_vit_b_32,translation_right_32,6429,0,-19.829700469970703,-6.196385383605957
clip_vit_b_32,translation_right_32,60,0,-17.293649673461914,-11.852198600769043
clip_vit_b_32,translation_right_32,3397,0,-15.972068786621094,-14.523372650146484
clip_vit_b_32,translation_right_32,7430,0,-21.23609733581543,-8.908771514892578
clip_vit_b_32,translation_right_32,4982,0,-27.66448211669922,-1.1536504030227661
clip_vit_b_32,translation_right_32,752,0,-14.219626426696777,-13.88710880279541
clip_vit_b_32,translation_right_32,4151,0,-12.976140022277832,-5.5618205070495605
clip_vit_b_32,translation_right_32,5093,1,5.655728340148926,51.02280044555664
clip_vit_b_32,translation_right_32,4709,1,2.310124397277832,47.9997673034668
clip_vit_b_32,translation_right_32,3530,1,5.385469436645508,46.40663146972656
clip_vit_b_32,translation_right_32,6068,1,5.0226054191589355,49.92281723022461
clip_vit_b_32,translation_right_32,2673,1,-0.7702005505561829,48.18212127685547
clip_vit_b_32,translation_right_32,3161,1,1.3341494798660278,54.016815185546875
clip_vit_b_32,translation_right_32,3254,1,11.652609825134277,39.56161117553711
clip_vit_b_32,translation_right_32,7217,1,6.5170512199401855,43.85676193237305
clip_vit_b_32,translation_right_32,5546,1,-1.671101689338684,34.476566314697266
clip_vit_b_32,translation_right_32,6498,1,12.996673583984375,30.136512756347656
clip_vit_b_32,translation_right_32,5425,1,-5.036458492279053,35.05788040161133
clip_vit_b_32,translation_right_32,3537,1,4.824303150177002,44.3028678894043
clip_vit_b_32,translation_right_32,463,1,5.675978183746338,33.37748718261719
clip_vit_b_32,translation_right_32,4733,1,-1.4125348329544067,43.574066162109375
clip_vit_b_32,translation_right_32,5240,1,1.1046843528747559,53.37651443481445
clip_vit_b_32,translation_right_32,3223,1,5.926585674285889,41.601173400878906
clip_vit_b_32,translation_right_32,1740,1,6.609414577484131,48.331520080566406
clip_vit_b_32,translation_right_32,6410,1,4.548343658447266,50.7882194519043
clip_vit_b_32,translation_right_32,3834,1,0.44165167212486267,47.905704498291016
clip_vit_b_32,translation_right_32,1302,1,-1.099312663078308,49.09455871582031
clip_vit_b_32,translation_right_32,1218,1,1.082075595855713,46.7666130065918
clip_vit_b_32,translation_right_32,1428,1,7.921118259429932,51.570919036865234
clip_vit_b_32,translation_right_32,564,1,-5.804832935333252,24.498525619506836
clip_vit_b_32,translation_right_32,6072,1,-0.10353456437587738,49.3977165222168
clip_vit_b_32,translation_right_32,2988,1,-2.867375612258911,44.53448486328125
clip_vit_b_32,translation_right_32,3556,1,6.6161956787109375,29.789766311645508
clip_vit_b_32,translation_right_32,1053,1,1.9974504709243774,35.41457748413086
clip_vit_b_32,translation_right_32,6880,1,-6.415419101715088,42.2119140625
clip_vit_b_32,translation_right_32,5830,1,-6.755309581756592,35.891517639160156
clip_vit_b_32,translation_right_32,5394,1,3.986260414123535,44.91914749145508
clip_vit_b_32,translation_right_32,963,1,8.713966369628906,34.477352142333984
clip_vit_b_32,translation_right_32,5122,1,-3.0263280868530273,47.28728485107422
clip_vit_b_32,translation_right_32,7052,1,-1.3973702192306519,50.56405258178711
clip_vit_b_32,translation_right_32,1081,1,10.18585205078125,38.12371826171875
clip_vit_b_32,translation_right_32,3588,1,3.3402416706085205,44.48533630371094
clip_vit_b_32,translation_right_32,1491,1,-5.530914783477783,36.58198547363281
clip_vit_b_32,translation_right_32,4188,1,-4.333127498626709,40.21461868286133
clip_vit_b_32,translation_right_32,1353,1,-2.49222469329834,37.643043518066406
clip_vit_b_32,translation_right_32,3388,1,-2.6537728309631348,48.29427719116211
clip_vit_b_32,translation_right_32,7066,1,-2.537548303604126,49.41341781616211
clip_vit_b_32,translation_right_32,275,1,-6.255967617034912,37.362762451171875
clip_vit_b_32,translation_right_32,225,1,-3.787595748901367,34.815223693847656
clip_vit_b_32,translation_right_32,61,1,-0.929183840751648,41.00700759887695
clip_vit_b_32,translation_right_32,5929,1,2.1873793601989746,50.515560150146484
clip_vit_b_32,translation_right_32,3144,1,-0.889281153678894,45.455352783203125
clip_vit_b_32,translation_right_32,6982,1,2.086301326751709,46.65754318237305
clip_vit_b_32,translation_right_32,6938,1,3.156930685043335,47.13484191894531
clip_vit_b_32,translation_right_32,6014,1,1.6357187032699585,52.92074966430664
clip_vit_b_32,translation_right_32,4361,1,1.1584312915802002,44.0913200378418
clip_vit_b_32,translation_right_32,6022,1,4.5845160484313965,43.01080322265625
clip_vit_b_32,translation_right_32,2915,2,-43.200714111328125,33.729591369628906
clip_vit_b_32,translation_right_32,2338,2,-27.471569061279297,40.89599609375
clip_vit_b_32,translation_right_32,7327,2,-43.51679611206055,34.28974151611328
clip_vit_b_32,translation_right_32,4201,2,-28.579492568969727,45.18406295776367
clip_vit_b_32,translation_right_32,1731,2,-32.94194030761719,41.769065856933594
clip_vit_b_32,translation_right_32,7826,2,-36.465240478515625,34.48249816894531
clip_vit_b_32,translation_right_32,4041,2,-38.234920501708984,45.38515090942383
clip_vit_b_32,translation_right_32,313,2,-34.622467041015625,41.2446174621582
clip_vit_b_32,translation_right_32,2392,2,-39.01868438720703,44.7392692565918
clip_vit_b_32,translation_right_32,1750,2,-26.29018783569336,42.79058074951172
clip_vit_b_32,translation_right_32,6053,2,-36.692352294921875,40.99403762817383
clip_vit_b_32,translation_right_32,5463,2,-32.059051513671875,24.351825714111328
clip_vit_b_32,translation_right_32,5484,2,-34.461856842041016,48.76775360107422
clip_vit_b_32,translation_right_32,6683,2,-32.82395935058594,45.9090576171875
clip_vit_b_32,translation_right_32,2611,2,-37.47412872314453,1.0407977104187012
clip_vit_b_32,translation_right_32,1059,2,-23.78731346130371,40.81942367553711
clip_vit_b_32,translation_right_32,5177,2,-35.45305252075195,27.598325729370117
clip_vit_b_32,translation_right_32,6981,2,-29.790210723876953,46.19260787963867
clip_vit_b_32,translation_right_32,6347,2,-30.897294998168945,43.820796966552734
clip_vit_b_32,translation_right_32,6216,2,-31.593523025512695,41.03122329711914
clip_vit_b_32,translation_right_32,655,2,-31.802038192749023,36.48466491699219
clip_vit_b_32,translation_right_32,7392,2,-38.740638732910156,37.41470718383789
clip_vit_b_32,translation_right_32,6548,2,-40.84394836425781,32.71908187866211
clip_vit_b_32,translation_right_32,6271,2,-37.365638732910156,49.43585205078125
clip_vit_b_32,translation_right_32,2252,2,-35.56394577026367,32.38529968261719
clip_vit_b_32,translation_right_32,3363,2,-41.39613723754883,33.93095779418945
clip_vit_b_32,translation_right_32,7843,2,-35.87518310546875,46.792137145996094
clip_vit_b_32,translation_right_32,6795,2,-38.094974517822266,48.87950134277344
clip_vit_b_32,translation_right_32,4605,2,-24.504905700683594,39.545692443847656
clip_vit_b_32,translation_right_32,5011,2,-26.051774978637695,37.41943359375
clip_vit_b_32,translation_right_32,2436,2,-34.14781188964844,38.57997512817383
clip_vit_b_32,translation_right_32,3944,2,-42.22169876098633,31.261499404907227
clip_vit_b_32,translation_right_32,517,2,-22.001863479614258,43.065242767333984
clip_vit_b_32,translation_right_32,2200,2,-36.77891159057617,46.707496643066406
clip_vit_b_32,translation_right_32,3067,2,-39.50971603393555,44.0518798828125
clip_vit_b_32,translation_right_32,5004,2,-29.037294387817383,41.867130279541016
clip_vit_b_32,translation_right_32,6738,2,-31.62470817565918,46.90576934814453
clip_vit_b_32,translation_right_32,905,2,-37.48530197143555,39.83372497558594
clip_vit_b_32,translation_right_32,4316,2,-37.31117630004883,43.566917419433594
clip_vit_b_32,translation_right_32,332,2,-42.32600021362305,35.28933334350586
clip_vit_b_32,translation_right_32,2503,2,-42.83339309692383,35.70414733886719
clip_vit_b_32,translation_right_32,2748,2,-42.423622131347656,32.704288482666016
clip_vit_b_32,translation_right_32,1179,2,-42.122154235839844,36.91670227050781
clip_vit_b_32,translation_right_32,3641,2,-33.07210159301758,43.42152786254883
clip_vit_b_32,translation_right_32,5663,2,-31.424427032470703,39.42414474487305
clip_vit_b_32,translation_right_32,4440,2,-24.93025779724121,43.64988708496094
clip_vit_b_32,translation_right_32,2909,2,-38.248863220214844,47.51720428466797
clip_vit_b_32,translation_right_32,7711,2,-34.34037780761719,35.93964767456055
clip_vit_b_32,translation_right_32,88,2,-28.51396942138672,25.174325942993164
clip_vit_b_32,translation_right_32,5577,2,-23.293027877807617,40.59050750732422
clip_vit_b_32,translation_right_32,6459,3,23.956043243408203,13.036959648132324
clip_vit_b_32,translation_right_32,4174,3,29.196659088134766,7.038855075836182
clip_vit_b_32,translation_right_32,6324,3,28.129653930664062,10.265142440795898
clip_vit_b_32,translation_right_32,2785,3,4.853108882904053,-6.70920991897583
clip_vit_b_32,translation_right_32,4473,3,21.077611923217773,11.69412899017334
clip_vit_b_32,translation_right_32,2480,3,18.87380599975586,6.362916469573975
clip_vit_b_32,translation_right_32,7360,3,21.77762794494629,11.306011199951172
clip_vit_b_32,translation_right_32,5976,3,9.639534950256348,5.339651107788086
clip_vit_b_32,translation_right_32,7416,3,8.422972679138184,6.70851469039917
clip_vit_b_32,translation_right_32,1563,3,29.811100006103516,13.554275512695312
clip_vit_b_32,translation_right_32,2206,3,5.262170791625977,3.2067854404449463
clip_vit_b_32,translation_right_32,5551,3,8.53805923461914,8.147254943847656
clip_vit_b_32,translation_right_32,5635,3,20.719268798828125,15.139676094055176
clip_vit_b_32,translation_right_32,6632,3,22.142908096313477,11.999752044677734
clip_vit_b_32,translation_right_32,7891,3,16.62820053100586,0.5165910124778748
clip_vit_b_32,translation_right_32,2434,3,9.5675048828125,10.476348876953125
clip_vit_b_32,translation_right_32,6575,3,16.437501907348633,2.0887293815612793
clip_vit_b_32,translation_right_32,589,3,23.535051345825195,10.818532943725586
clip_vit_b_32,translation_right_32,897,3,27.63916015625,12.369768142700195
clip_vit_b_32,translation_right_32,874,3,23.424951553344727,5.540424823760986
clip_vit_b_32,translation_right_32,1622,3,41.35266876220703,1.6903213262557983
clip_vit_b_32,translation_right_32,249,3,27.03629493713379,6.390383243560791
clip_vit_b_32,translation_right_32,2360,3,36.62647247314453,2.9425323009490967
clip_vit_b_32,translation_right_32,1343,3,24.42815399169922,12.227810859680176
clip_vit_b_32,translation_right_32,4720,3,6.087367534637451,3.7733142375946045
clip_vit_b_32,translation_right_32,6385,3,10.621648788452148,4.088447093963623
clip_vit_b_32,translation_right_32,1241,3,30.310829162597656,10.451700210571289
clip_vit_b_32,translation_right_32,495,3,31.713254928588867,13.83578872680664
clip_vit_b_32,translation_right_32,1531,3,26.76749610900879,4.243912696838379
clip_vit_b_32,translation_right_32,2454,3,9.680137634277344,3.944912910461426
clip_vit_b_32,translation_right_32,6641,3,25.432693481445312,8.582469940185547
clip_vit_b_32,translation_right_32,3681,3,25.184616088867188,11.780359268188477
clip_vit_b_32,translation_right_32,185,3,9.420967102050781,9.53207778930664
clip_vit_b_32,translation_right_32,7421,3,9.822588920593262,7.578895092010498
clip_vit_b_32,translation_right_32,6826,3,23.832406997680664,9.889201164245605
clip_vit_b_32,translation_right_32,2222,3,31.748371124267578,7.06048059463501
clip_vit_b_32,translation_right_32,1968,3,8.186306953430176,8.094346046447754
clip_vit_b_32,translation_right_32,3202,3,10.965255737304688,2.8796560764312744
clip_vit_b_32,translation_right_32,5522,3,8.331060409545898,5.491575241088867
clip_vit_b_32,translation_right_32,1946,3,26.026683807373047,12.662261962890625
clip_vit_b_32,translation_right_32,6094,3,32.360511779785156,5.144374847412109
clip_vit_b_32,translation_right_32,6647,3,25.406015396118164,8.630263328552246
clip_vit_b_32,translation_right_32,1187,3,13.963722229003906,11.324850082397461
clip_vit_b_32,translation_right_32,3375,3,28.389829635620117,11.523285865783691
clip_vit_b_32,translation_right_32,4184,3,24.31962776184082,16.326234817504883
clip_vit_b_32,translation_right_32,4858,3,10.65723991394043,9.908814430236816
clip_vit_b_32,translation_right_32,2225,3,34.3768196105957,2.721933364868164
clip_vit_b_32,translation_right_32,5294,3,12.80136775970459,3.667877674102783
clip_vit_b_32,translation_right_32,7527,3,7.067080020904541,3.044384717941284
clip_vit_b_32,translation_right_32,4856,3,28.481689453125,4.727548599243164
clip_vit_b_32,translation_right_32,321,4,38.267784118652344,4.87342643737793
clip_vit_b_32,translation_right_32,4155,4,49.860076904296875,13.840336799621582
clip_vit_b_32,translation_right_32,3928,4,42.95701217651367,7.024024486541748
clip_vit_b_32,translation_right_32,7910,4,52.07650375366211,7.0132951736450195
clip_vit_b_32,translation_right_32,1669,4,52.08372497558594,9.688395500183105
clip_vit_b_32,translation_right_32,2021,4,51.80076217651367,4.161075115203857
clip_vit_b_32,translation_right_32,3861,4,39.81103515625,4.437475204467773
clip_vit_b_32,translation_right_32,3339,4,48.348365783691406,0.964600682258606
clip_vit_b_32,translation_right_32,7728,4,40.848838806152344,10.333487510681152
clip_vit_b_32,translation_right_32,5181,4,42.816688537597656,2.7173521518707275
clip_vit_b_32,translation_right_32,6913,4,45.34956741333008,8.610153198242188
clip_vit_b_32,translation_right_32,4089,4,47.14121627807617,4.267672538757324
clip_vit_b_32,translation_right_32,1550,4,49.681884765625,5.289772033691406
clip_vit_b_32,translation_right_32,3890,4,41.68198013305664,4.757350921630859
clip_vit_b_32,translation_right_32,5467,4,51.495849609375,7.609858512878418
clip_vit_b_32,translation_right_32,7661,4,49.88742446899414,8.973937034606934
clip_vit_b_32,translation_right_32,1694,4,49.32475280761719,6.159809112548828
clip_vit_b_32,translation_right_32,2064,4,47.741188049316406,5.9394917488098145
clip_vit_b_32,translation_right_32,490,4,37.68404006958008,6.059159278869629
clip_vit_b_32,translation_right_32,6123,4,49.56881332397461,4.84843111038208
clip_vit_b_32,translation_right_32,5888,4,48.024410247802734,3.4496493339538574
clip_vit_b_32,translation_right_32,6441,4,45.14634704589844,2.790647506713867
clip_vit_b_32,translation_right_32,7054,4,46.589107513427734,3.3372738361358643
clip_vit_b_32,translation_right_32,2125,4,40.506141662597656,3.34702730178833
clip_vit_b_32,translation_right_32,1592,4,48.345977783203125,11.944242477416992
clip_vit_b_32,translation_right_32,7154,4,47.062957763671875,9.921031951904297
clip_vit_b_32,translation_right_32,1223,4,51.10224914550781,6.611370086669922
clip_vit_b_32,translation_right_32,4384,4,48.75248336791992,2.9756293296813965
clip_vit_b_32,translation_right_32,3069,4,45.232906341552734,10.945134162902832
clip_vit_b_32,translation_right_32,4262,4,45.15563201904297,-6.222382545471191
clip_vit_b_32,translation_right_32,2653,4,53.36756896972656,6.885192394256592
clip_vit_b_32,translation_right_32,1209,4,48.200218200683594,7.465419769287109
clip_vit_b_32,translation_right_32,5765,4,53.98940658569336,10.589468002319336
clip_vit_b_32,translation_right_32,3078,4,46.42864227294922,17.257429122924805
clip_vit_b_32,translation_right_32,2862,4,45.45600891113281,0.711966872215271
clip_vit_b_32,translation_right_32,5708,4,38.842350006103516,2.42940092086792
clip_vit_b_32,translation_right_32,4616,4,51.51081848144531,8.730812072753906
clip_vit_b_32,translation_right_32,3444,4,46.72996139526367,8.653824806213379
clip_vit_b_32,translation_right_32,650,4,26.473918914794922,-3.484442949295044
clip_vit_b_32,translation_right_32,1050,4,49.204856872558594,10.270819664001465
clip_vit_b_32,translation_right_32,7387,4,30.91698455810547,-18.506134033203125
clip_vit_b_32,translation_right_32,3012,4,43.068138122558594,8.963478088378906
clip_vit_b_32,translation_right_32,51,4,42.98954391479492,4.206950664520264
clip_vit_b_32,translation_right_32,6587,4,44.504783630371094,4.536695957183838
clip_vit_b_32,translation_right_32,6122,4,44.10563659667969,7.545866966247559
clip_vit_b_32,translation_right_32,1011,4,45.146976470947266,5.792870998382568
clip_vit_b_32,translation_right_32,7574,4,51.407493591308594,6.5491557121276855
clip_vit_b_32,translation_right_32,4006,4,46.625484466552734,7.122716426849365
clip_vit_b_32,translation_right_32,2875,4,45.295997619628906,7.251378536224365
clip_vit_b_32,translation_right_32,3568,4,40.88086700439453,7.875558853149414
clip_vit_b_32,translation_right_32,3825,5,9.478148460388184,2.4118785858154297
clip_vit_b_32,translation_right_32,2451,5,8.719145774841309,-5.873868465423584
clip_vit_b_32,translation_right_32,533,5,15.707221031188965,-17.189788818359375
clip_vit_b_32,translation_right_32,6959,5,17.5231990814209,-12.311847686767578
clip_vit_b_32,translation_right_32,6376,5,17.551668167114258,-9.942151069641113
clip_vit_b_32,translation_right_32,3625,5,17.251806259155273,-17.988168716430664
clip_vit_b_32,translation_right_32,5603,5,15.671796798706055,-11.551877975463867
clip_vit_b_32,translation_right_32,1715,5,13.225311279296875,-13.816762924194336
clip_vit_b_32,translation_right_32,7577,5,18.14380645751953,-13.090084075927734
clip_vit_b_32,translation_right_32,4917,5,7.8273773193359375,-1.5604017972946167
clip_vit_b_32,translation_right_32,6930,5,14.467789649963379,-10.094743728637695
clip_vit_b_32,translation_right_32,78,5,12.50149917602539,-15.77246379852295
clip_vit_b_32,translation_right_32,123,5,10.338655471801758,-11.175783157348633
clip_vit_b_32,translation_right_32,7179,5,12.368457794189453,-18.724437713623047
clip_vit_b_32,translation_right_32,5234,5,15.95731258392334,-14.461471557617188
clip_vit_b_32,translation_right_32,1057,5,8.751296043395996,-2.661299228668213
clip_vit_b_32,translation_right_32,5288,5,14.977008819580078,-8.213403701782227
clip_vit_b_32,translation_right_32,1677,5,12.351313591003418,-8.010726928710938
clip_vit_b_32,translation_right_32,4526,5,15.342408180236816,-12.988171577453613
clip_vit_b_32,translation_right_32,6019,5,23.36679458618164,-13.658729553222656
clip_vit_b_32,translation_right_32,7672,5,10.344552993774414,-12.822863578796387
clip_vit_b_32,translation_right_32,840,5,12.191080093383789,-11.040072441101074
clip_vit_b_32,translation_right_32,4870,5,11.98635482788086,-1.2704068422317505
clip_vit_b_32,translation_right_32,162,5,24.544214248657227,-5.733517169952393
clip_vit_b_32,translation_right_32,1361,5,14.145221710205078,-11.80943489074707
clip_vit_b_32,translation_right_32,5281,5,10.273245811462402,-0.25915926694869995
clip_vit_b_32,translation_right_32,2332,5,20.25826644897461,-13.133963584899902
clip_vit_b_32,translation_right_32,6822,5,11.944414138793945,-5.951901435852051
clip_vit_b_32,translation_right_32,2453,5,30.441999435424805,-2.058549642562866
clip_vit_b_32,translation_right_32,6970,5,7.142727851867676,-8.286934852600098
clip_vit_b_32,translation_right_32,39,5,19.345138549804688,-10.797802925109863
clip_vit_b_32,translation_right_32,7429,5,15.032599449157715,-15.339439392089844
clip_vit_b_32,translation_right_32,3892,5,17.68317222595215,-15.98591423034668
clip_vit_b_32,translation_right_32,5794,5,16.98954200744629,-14.545706748962402
clip_vit_b_32,translation_right_32,7343,5,20.272727966308594,-13.890885353088379
clip_vit_b_32,translation_right_32,5646,5,14.68392276763916,-3.1410231590270996
clip_vit_b_32,translation_right_32,3080,5,11.41051959991455,-4.080094814300537
clip_vit_b_32,translation_right_32,6989,5,23.762962341308594,-9.56333065032959
clip_vit_b_32,translation_right_32,4265,5,12.147093772888184,1.3584023714065552
clip_vit_b_32,translation_right_32,5687,5,16.317523956298828,-16.459508895874023
clip_vit_b_32,translation_right_32,567,5,7.906967639923096,-9.45530891418457
clip_vit_b_32,translation_right_32,4862,5,24.427427291870117,-11.102739334106445
clip_vit_b_32,translation_right_32,5767,5,17.805400848388672,-18.73733901977539
clip_vit_b_32,translation_right_32,4597,5,21.635086059570312,-11.525542259216309
clip_vit_b_32,translation_right_32,4966,5,10.741789817810059,-6.903846263885498
clip_vit_b_32,translation_right_32,5417,5,19.415327072143555,-15.113546371459961
clip_vit_b_32,translation_right_32,1823,5,14.08022689819336,1.7627202272415161
clip_vit_b_32,translation_right_32,7771,5,19.55491065979004,-2.253797769546509
clip_vit_b_32,translation_right_32,1889,5,12.645589828491211,-2.8839075565338135
clip_vit_b_32,translation_right_32,1010,5,22.16722297668457,-9.946014404296875
clip_vit_b_32,translation_right_32,6614,6,43.01335144042969,-15.136411666870117
clip_vit_b_32,translation_right_32,813,6,38.03919982910156,-16.834678649902344
clip_vit_b_32,translation_right_32,2485,6,44.113773345947266,-15.972736358642578
clip_vit_b_32,translation_right_32,4430,6,47.72298812866211,-25.407835006713867
clip_vit_b_32,translation_right_32,6485,6,48.25685119628906,-26.064395904541016
clip_vit_b_32,translation_right_32,1770,6,36.481441497802734,-17.172000885009766
clip_vit_b_32,translation_right_32,2201,6,38.47932434082031,-14.753538131713867
clip_vit_b_32,translation_right_32,3193,6,46.36125564575195,-14.56957721710205
clip_vit_b_32,translation_right_32,3628,6,49.71955490112305,-24.700651168823242
clip_vit_b_32,translation_right_32,2647,6,50.889739990234375,-14.52929401397705
clip_vit_b_32,translation_right_32,1890,6,42.750179290771484,-29.632965087890625
clip_vit_b_32,translation_right_32,5986,6,37.09897232055664,-18.914052963256836
clip_vit_b_32,translation_right_32,1330,6,45.94646072387695,-17.187488555908203
clip_vit_b_32,translation_right_32,6746,6,47.150169372558594,-24.14518928527832
clip_vit_b_32,translation_right_32,7622,6,40.50051498413086,-19.869470596313477
clip_vit_b_32,translation_right_32,7962,6,41.527042388916016,-16.359149932861328
clip_vit_b_32,translation_right_32,7745,6,47.918304443359375,-16.45804786682129
clip_vit_b_32,translation_right_32,2566,6,40.49092483520508,-12.988093376159668
clip_vit_b_32,translation_right_32,19,6,42.00177764892578,-12.223479270935059
clip_vit_b_32,translation_right_32,6411,6,46.497806549072266,-13.35494613647461
clip_vit_b_32,translation_right_32,2561,6,46.152774810791016,-13.659269332885742
clip_vit_b_32,translation_right_32,3418,6,49.0020751953125,-21.65999984741211
clip_vit_b_32,translation_right_32,5854,6,41.23877716064453,-28.06453514099121
clip_vit_b_32,translation_right_32,3802,6,42.111576080322266,-29.21027183532715
clip_vit_b_32,translation_right_32,4685,6,42.33790969848633,-17.50644302368164
clip_vit_b_32,translation_right_32,4251,6,46.408565521240234,-13.157591819763184
clip_vit_b_32,translation_right_32,4798,6,52.15150451660156,-16.02385139465332
clip_vit_b_32,translation_right_32,2565,6,46.00013732910156,-27.47615623474121
clip_vit_b_32,translation_right_32,4476,6,49.16267395019531,-16.436744689941406
clip_vit_b_32,translation_right_32,2969,6,44.49722671508789,-15.928755760192871
clip_vit_b_32,translation_right_32,3661,6,3.7887167930603027,-5.384404182434082
clip_vit_b_32,translation_right_32,629,6,47.336753845214844,-27.272180557250977
clip_vit_b_32,translation_right_32,5722,6,36.419002532958984,-18.14173126220703
clip_vit_b_32,translation_right_32,6790,6,47.327171325683594,-25.623348236083984
clip_vit_b_32,translation_right_32,6920,6,40.967994689941406,-24.999515533447266
clip_vit_b_32,translation_right_32,6154,6,40.131168365478516,-16.04774284362793
clip_vit_b_32,translation_right_32,3137,6,41.0970458984375,-29.1185245513916
clip_vit_b_32,translation_right_32,4411,6,38.96773910522461,-26.63081932067871
clip_vit_b_32,translation_right_32,1912,6,44.77484893798828,-29.07038116455078
clip_vit_b_32,translation_right_32,7108,6,45.38982391357422,-12.948792457580566
clip_vit_b_32,translation_right_32,1077,6,42.06022262573242,-30.180906295776367
clip_vit_b_32,translation_right_32,432,6,46.319583892822266,-15.399747848510742
clip_vit_b_32,translation_right_32,1481,6,38.96577835083008,-25.31808090209961
clip_vit_b_32,translation_right_32,7187,6,44.317386627197266,-9.92300796508789
clip_vit_b_32,translation_right_32,4746,6,49.634647369384766,-15.850311279296875
clip_vit_b_32,translation_right_32,5732,6,47.45035171508789,-12.702071189880371
clip_vit_b_32,translation_right_32,1157,6,35.63439178466797,-16.559450149536133
clip_vit_b_32,translation_right_32,4968,6,49.18461990356445,-13.679845809936523
clip_vit_b_32,translation_right_32,4869,6,45.18458938598633,-22.300867080688477
clip_vit_b_32,translation_right_32,760,6,44.276790618896484,-7.431464672088623
clip_vit_b_32,translation_right_32,864,7,33.240516662597656,39.2371711730957
clip_vit_b_32,translation_right_32,2982,7,24.928932189941406,32.63959503173828
clip_vit_b_32,translation_right_32,7778,7,31.324750900268555,40.34364700317383
clip_vit_b_32,translation_right_32,6876,7,18.756580352783203,16.629915237426758
clip_vit_b_32,translation_right_32,2756,7,38.765621185302734,40.39113235473633
clip_vit_b_32,translation_right_32,6225,7,26.58088493347168,37.29865646362305
clip_vit_b_32,translation_right_32,1514,7,26.44782066345215,38.159873962402344
clip_vit_b_32,translation_right_32,4951,7,35.503379821777344,31.542518615722656
clip_vit_b_32,translation_right_32,7608,7,36.67045974731445,38.66505813598633
clip_vit_b_32,translation_right_32,7769,7,31.815200805664062,36.06306457519531
clip_vit_b_32,translation_right_32,3590,7,34.833309173583984,40.3057861328125
clip_vit_b_32,translation_right_32,2808,7,28.24591636657715,35.39042663574219
clip_vit_b_32,translation_right_32,230,7,28.77436637878418,40.014915466308594
clip_vit_b_32,translation_right_32,2787,7,27.740129470825195,38.46376037597656
clip_vit_b_32,translation_right_32,4080,7,31.68297004699707,37.41542434692383
clip_vit_b_32,translation_right_32,6301,7,35.249061584472656,35.973697662353516
clip_vit_b_32,translation_right_32,6840,7,38.41752243041992,35.85637664794922
clip_vit_b_32,translation_right_32,6882,7,23.300844192504883,31.149810791015625
clip_vit_b_32,translation_right_32,1473,7,32.79091262817383,33.66566467285156
clip_vit_b_32,translation_right_32,1237,7,33.218482971191406,41.183502197265625
clip_vit_b_32,translation_right_32,6869,7,-6.44720458984375,25.431310653686523
clip_vit_b_32,translation_right_32,1656,7,24.386241912841797,39.875335693359375
clip_vit_b_32,translation_right_32,493,7,29.908567428588867,36.504310607910156
clip_vit_b_32,translation_right_32,6663,7,32.370994567871094,41.83815002441406
clip_vit_b_32,translation_right_32,2100,7,35.0020866394043,39.60319519042969
clip_vit_b_32,translation_right_32,6725,7,30.56010627746582,33.3641357421875
clip_vit_b_32,translation_right_32,4773,7,26.830965042114258,32.97325897216797
clip_vit_b_32,translation_right_32,2207,7,33.41130447387695,37.1092529296875
clip_vit_b_32,translation_right_32,1122,7,30.688419342041016,42.61945343017578
clip_vit_b_32,translation_right_32,7695,7,33.78422927856445,38.718082427978516
clip_vit_b_32,translation_right_32,2063,7,26.69371795654297,42.529144287109375
clip_vit_b_32,translation_right_32,5697,7,33.98541259765625,34.719512939453125
clip_vit_b_32,translation_right_32,2581,7,33.953895568847656,33.293914794921875
clip_vit_b_32,translation_right_32,5995,7,27.47040367126465,41.69556427001953
clip_vit_b_32,translation_right_32,1985,7,27.059741973876953,39.693695068359375
clip_vit_b_32,translation_right_32,2773,7,34.482181549072266,43.453426361083984
clip_vit_b_32,translation_right_32,6322,7,29.815589904785156,38.50193786621094
clip_vit_b_32,translation_right_32,3411,7,28.647424697875977,33.28880310058594
clip_vit_b_32,translation_right_32,6149,7,24.73343849182129,42.11044692993164
clip_vit_b_32,translation_right_32,7505,7,39.85806655883789,32.418331146240234
clip_vit_b_32,translation_right_32,6374,7,24.668682098388672,39.105045318603516
clip_vit_b_32,translation_right_32,57,7,30.80516815185547,35.210594177246094
clip_vit_b_32,translation_right_32,4441,7,35.15508270263672,37.502906799316406
clip_vit_b_32,translation_right_32,3581,7,30.964811325073242,39.52748489379883
clip_vit_b_32,translation_right_32,5586,7,24.131065368652344,37.87595748901367
clip_vit_b_32,translation_right_32,3140,7,26.055788040161133,29.945432662963867
clip_vit_b_32,translation_right_32,5535,7,31.867177963256836,38.865787506103516
clip_vit_b_32,translation_right_32,1224,7,28.231542587280273,42.06998825073242
clip_vit_b_32,translation_right_32,680,7,23.41992950439453,33.84773635864258
clip_vit_b_32,translation_right_32,3230,7,35.745887756347656,42.94257354736328
clip_vit_b_32,translation_right_32,6797,8,-60.892784118652344,-13.232443809509277
clip_vit_b_32,translation_right_32,7508,8,-61.87689208984375,-13.435400009155273
clip_vit_b_32,translation_right_32,6365,8,-57.94630432128906,-7.735799789428711
clip_vit_b_32,translation_right_32,4058,8,-59.85260009765625,-6.960269451141357
clip_vit_b_32,translation_right_32,6110,8,-47.906585693359375,-17.671430587768555
clip_vit_b_32,translation_right_32,2335,8,-46.22038650512695,-16.148740768432617
clip_vit_b_32,translation_right_32,4844,8,-56.34394454956055,-3.0996649265289307
clip_vit_b_32,translation_right_32,3479,8,-48.87691116333008,-7.433627605438232
clip_vit_b_32,translation_right_32,4876,8,-46.6992301940918,-16.163368225097656
clip_vit_b_32,translation_right_32,3551,8,-59.583290100097656,-2.5551393032073975
clip_vit_b_32,translation_right_32,4072,8,-62.064208984375,-7.687640190124512
clip_vit_b_32,translation_right_32,5959,8,-60.97362518310547,-11.87348461151123
clip_vit_b_32,translation_right_32,4655,8,-61.15129852294922,-9.370830535888672
clip_vit_b_32,translation_right_32,6302,8,-60.721256256103516,-3.509563446044922
clip_vit_b_32,translation_right_32,4690,8,-51.07204055786133,-15.968988418579102
clip_vit_b_32,translation_right_32,4030,8,-59.88163375854492,-5.42543888092041
clip_vit_b_32,translation_right_32,7596,8,-57.520484924316406,-4.573365688323975
clip_vit_b_32,translation_right_32,7300,8,-46.489402770996094,-7.683210849761963
clip_vit_b_32,translation_right_32,2355,8,-59.853485107421875,-3.7001450061798096
clip_vit_b_32,translation_right_32,2657,8,-50.98530197143555,-5.196784973144531
clip_vit_b_32,translation_right_32,1002,8,-62.69517135620117,-9.001148223876953
clip_vit_b_32,translation_right_32,7907,8,-61.057960510253906,-2.0378663539886475
clip_vit_b_32,translation_right_32,460,8,-59.829837799072266,-12.048707008361816
clip_vit_b_32,translation_right_32,4632,8,-47.43059539794922,-16.622785568237305
clip_vit_b_32,translation_right_32,6832,8,-46.356319427490234,-12.621770858764648
clip_vit_b_32,translation_right_32,5398,8,-59.92308044433594,-13.391352653503418
clip_vit_b_32,translation_right_32,6643,8,-47.326560974121094,-9.17152214050293
clip_vit_b_32,translation_right_32,6274,8,-49.25652313232422,-16.820016860961914
clip_vit_b_32,translation_right_32,1166,8,-46.89086151123047,-6.9975504875183105
clip_vit_b_32,translation_right_32,5040,8,-58.22856521606445,-5.078249931335449
clip_vit_b_32,translation_right_32,1658,8,-54.38194274902344,-4.750879764556885
clip_vit_b_32,translation_right_32,6001,8,-58.44411849975586,-3.2790441513061523
clip_vit_b_32,translation_right_32,5320,8,-56.91484451293945,-10.483244895935059
clip_vit_b_32,translation_right_32,2038,8,-53.79051208496094,-4.028372764587402
clip_vit_b_32,translation_right_32,2099,8,-58.3850212097168,-1.7913764715194702
clip_vit_b_32,translation_right_32,6870,8,-59.69846725463867,-8.141521453857422
clip_vit_b_32,translation_right_32,5479,8,-47.0179328918457,-14.96995735168457
clip_vit_b_32,translation_right_32,266,8,-52.782318115234375,-1.3775935173034668
clip_vit_b_32,translation_right_32,6162,8,-49.439029693603516,-2.3546619415283203
clip_vit_b_32,translation_right_32,3816,8,-46.22261428833008,-9.07421588897705
clip_vit_b_32,translation_right_32,3900,8,-55.96067428588867,-5.081979751586914
clip_vit_b_32,translation_right_32,2059,8,-61.04408645629883,-6.054574966430664
clip_vit_b_32,translation_right_32,6131,8,-45.79791259765625,-14.869438171386719
clip_vit_b_32,translation_right_32,273,8,-61.625091552734375,-6.559798240661621
clip_vit_b_32,translation_right_32,1255,8,-61.35330581665039,-11.387633323669434
clip_vit_b_32,translation_right_32,6862,8,-47.507728576660156,-15.931992530822754
clip_vit_b_32,translation_right_32,7976,8,-55.65813064575195,-2.6441140174865723
clip_vit_b_32,translation_right_32,1616,8,-59.32406234741211,-3.2110555171966553
clip_vit_b_32,translation_right_32,602,8,-53.70955276489258,-15.420464515686035
clip_vit_b_32,translation_right_32,5134,8,-50.34138107299805,-17.184696197509766
clip_vit_b_32,translation_right_32,932,9,-41.82308578491211,10.925704002380371
clip_vit_b_32,translation_right_32,2674,9,-44.660789489746094,14.6424560546875
clip_vit_b_32,translation_right_32,5655,9,-41.01262664794922,24.82107925415039
clip_vit_b_32,translation_right_32,7705,9,-41.132225036621094,17.969213485717773
clip_vit_b_32,translation_right_32,952,9,-40.689796447753906,18.56355857849121
clip_vit_b_32,translation_right_32,1836,9,-39.252559661865234,14.02750301361084
clip_vit_b_32,translation_right_32,6202,9,-29.593263626098633,15.788789749145508
clip_vit_b_32,translation_right_32,7701,9,-14.3638334274292,21.512325286865234
clip_vit_b_32,translation_right_32,7147,9,-42.365318298339844,17.260543823242188
clip_vit_b_32,translation_right_32,243,9,-46.04005813598633,18.39620018005371
clip_vit_b_32,translation_right_32,7330,9,-35.403465270996094,20.119924545288086
clip_vit_b_32,translation_right_32,2379,9,-41.08070755004883,22.56780433654785
clip_vit_b_32,translation_right_32,5210,9,-30.325244903564453,14.410903930664062
clip_vit_b_32,translation_right_32,3103,9,-32.035728454589844,12.516857147216797
clip_vit_b_32,translation_right_32,7049,9,-27.932416915893555,16.476354598999023
clip_vit_b_32,translation_right_32,7921,9,-45.616050720214844,16.223142623901367
clip_vit_b_32,translation_right_32,2667,9,-39.959617614746094,20.092700958251953
clip_vit_b_32,translation_right_32,1240,9,-28.856813430786133,13.192573547363281
clip_vit_b_32,translation_right_32,2166,9,-43.7919807434082,12.885589599609375
clip_vit_b_32,translation_right_32,4362,9,-34.469520568847656,12.020896911621094
clip_vit_b_32,translation_right_32,757,9,-38.85383605957031,11.823378562927246
clip_vit_b_32,translation_right_32,5211,9,-24.86664390563965,13.84954833984375
clip_vit_b_32,translation_right_32,4049,9,-37.945838928222656,21.216598510742188
clip_vit_b_32,translation_right_32,5301,9,-30.408185958862305,17.0516414642334
clip_vit_b_32,translation_right_32,352,9,-44.0115966796875,19.149024963378906
clip_vit_b_32,translation_right_32,3428,9,-37.29355239868164,14.41755485534668
clip_vit_b_32,translation_right_32,3690,9,-30.032512664794922,11.327237129211426
clip_vit_b_32,translation_right_32,2682,9,-47.41886520385742,16.437318801879883
clip_vit_b_32,translation_right_32,7767,9,-28.83301544189453,23.34610366821289
clip_vit_b_32,translation_right_32,6747,9,-36.8187141418457,24.673789978027344
clip_vit_b_32,translation_right_32,4721,9,-36.20111083984375,13.64987850189209
clip_vit_b_32,translation_right_32,7654,9,-46.402137756347656,13.659512519836426
clip_vit_b_32,translation_right_32,3200,9,-40.68262481689453,21.861351013183594
clip_vit_b_32,translation_right_32,7671,9,-42.92293930053711,21.85953140258789
clip_vit_b_32,translation_right_32,6451,9,-38.771697998046875,7.237534046173096
clip_vit_b_32,translation_right_32,732,9,-40.781864166259766,11.995482444763184
clip_vit_b_32,translation_right_32,7845,9,-28.36357879638672,15.444043159484863
clip_vit_b_32,translation_right_32,6496,9,-34.129947662353516,21.825332641601562
clip_vit_b_32,translation_right_32,4956,9,-34.26154708862305,13.853659629821777
clip_vit_b_32,translation_right_32,6536,9,-42.96048355102539,15.813310623168945
clip_vit_b_32,translation_right_32,852,9,-40.71076583862305,20.90054702758789
clip_vit_b_32,translation_right_32,4320,9,-32.254703521728516,14.595311164855957
clip_vit_b_32,translation_right_32,5621,9,-38.29765701293945,15.98910903930664
clip_vit_b_32,translation_right_32,4095,9,-36.976993560791016,11.718557357788086
clip_vit_b_32,translation_right_32,1163,9,-41.85189437866211,18.739452362060547
clip_vit_b_32,translation_right_32,3249,9,-26.92694664001465,23.652156829833984
clip_vit_b_32,translation_right_32,2414,9,-31.745798110961914,9.794781684875488
clip_vit_b_32,translation_right_32,3993,9,-35.54182815551758,9.565245628356934
clip_vit_b_32,translation_right_32,3076,9,-44.318111419677734,16.961021423339844
clip_vit_b_32,translation_right_32,1522,9,-41.334659576416016,20.339664459228516
clip_vit_b_32,patch_shuffle,2937,0,-5.858358383178711,-43.2213020324707
clip_vit_b_32,patch_shuffle,2210,0,-15.734726905822754,-29.684329986572266
clip_vit_b_32,patch_shuffle,4533,0,-20.57550621032715,-35.87596893310547
clip_vit_b_32,patch_shuffle,5067,0,-5.519134998321533,-41.054317474365234
clip_vit_b_32,patch_shuffle,3488,0,-17.295473098754883,-31.04525375366211
clip_vit_b_32,patch_shuffle,808,0,-15.220926284790039,-29.4409122467041
clip_vit_b_32,patch_shuffle,298,0,-14.354485511779785,-34.53963851928711
clip_vit_b_32,patch_shuffle,6817,0,-16.398597717285156,-28.547489166259766
clip_vit_b_32,patch_shuffle,597,0,-21.39992904663086,-28.407169342041016
clip_vit_b_32,patch_shuffle,339,0,-11.318078994750977,-33.365928649902344
clip_vit_b_32,patch_shuffle,241,0,-7.8933634757995605,-43.404232025146484
clip_vit_b_32,patch_shuffle,6420,0,-14.069642066955566,-37.40027618408203
clip_vit_b_32,patch_shuffle,422,0,-19.982860565185547,-36.3793830871582
clip_vit_b_32,patch_shuffle,7782,0,-14.608469009399414,-31.30899429321289
clip_vit_b_32,patch_shuffle,7869,0,-13.244483947753906,-33.529090881347656
clip_vit_b_32,patch_shuffle,5999,0,-7.463743686676025,-41.082794189453125
clip_vit_b_32,patch_shuffle,7975,0,-12.659369468688965,-33.2495002746582
clip_vit_b_32,patch_shuffle,7101,0,-16.434398651123047,-29.679473876953125
clip_vit_b_32,patch_shuffle,6762,0,-12.213833808898926,-33.71737289428711
clip_vit_b_32,patch_shuffle,3999,0,-14.85986614227295,-33.641632080078125
clip_vit_b_32,patch_shuffle,5255,0,-15.996772766113281,-33.14418029785156
clip_vit_b_32,patch_shuffle,5276,0,-12.866006851196289,-34.67013931274414
clip_vit_b_32,patch_shuffle,7165,0,-15.41163158416748,-32.69136047363281
clip_vit_b_32,patch_shuffle,5624,0,-16.500633239746094,-31.009307861328125
clip_vit_b_32,patch_shuffle,480,0,-14.982193946838379,-31.780643463134766
clip_vit_b_32,patch_shuffle,4819,0,-15.934746742248535,-36.136146545410156
clip_vit_b_32,patch_shuffle,7334,0,-8.189510345458984,-40.35492706298828
clip_vit_b_32,patch_shuffle,6065,0,-9.202102661132812,-38.80949020385742
clip_vit_b_32,patch_shuffle,5785,0,-13.253293991088867,-35.10042953491211
clip_vit_b_32,patch_shuffle,359,0,-14.754246711730957,-29.628803253173828
clip_vit_b_32,patch_shuffle,4045,0,-21.54348373413086,-32.16233444213867
clip_vit_b_32,patch_shuffle,7128,0,-13.585079193115234,-32.359683990478516
clip_vit_b_32,patch_shuffle,7260,0,-14.299620628356934,-41.88508987426758
clip_vit_b_32,patch_shuffle,3151,0,-12.768768310546875,-31.92392349243164
clip_vit_b_32,patch_shuffle,1463,0,-14.359886169433594,-33.192256927490234
clip_vit_b_32,patch_shuffle,5068,0,-22.59129524230957,-34.08921813964844
clip_vit_b_32,patch_shuffle,3759,0,-14.937911987304688,-30.781423568725586
clip_vit_b_32,patch_shuffle,6500,0,-14.094335556030273,-32.7817268371582
clip_vit_b_32,patch_shuffle,1548,0,-16.977109909057617,-34.953392028808594
clip_vit_b_32,patch_shuffle,728,0,-14.437024116516113,-30.76959228515625
clip_vit_b_32,patch_shuffle,5711,0,-5.506232738494873,-40.5159797668457
clip_vit_b_32,patch_shuffle,1977,0,-12.6514310836792,-31.8480167388916
clip_vit_b_32,patch_shuffle,3285,0,-18.865503311157227,-34.01121520996094
clip_vit_b_32,patch_shuffle,6429,0,-13.72726058959961,-32.855064392089844
clip_vit_b_32,patch_shuffle,60,0,-15.989578247070312,-30.37491226196289
clip_vit_b_32,patch_shuffle,3397,0,-16.586822509765625,-32.15140151977539
clip_vit_b_32,patch_shuffle,7430,0,-19.118000030517578,-41.77850341796875
clip_vit_b_32,patch_shuffle,4982,0,-20.677101135253906,-35.989017486572266
clip_vit_b_32,patch_shuffle,752,0,-16.761898040771484,-31.830181121826172
clip_vit_b_32,patch_shuffle,4151,0,-16.009431838989258,-33.68009948730469
clip_vit_b_32,patch_shuffle,5093,1,-3.3444712162017822,-45.74414825439453
clip_vit_b_32,patch_shuffle,4709,1,-1.6522659063339233,-57.07469177246094
clip_vit_b_32,patch_shuffle,3530,1,-1.1840782165527344,-56.06736755371094
clip_vit_b_32,patch_shuffle,6068,1,-3.386962652206421,-46.31071090698242
clip_vit_b_32,patch_shuffle,2673,1,-2.61234450340271,-58.26536560058594
clip_vit_b_32,patch_shuffle,3161,1,-1.3781930208206177,-54.006038665771484
clip_vit_b_32,patch_shuffle,3254,1,-0.12791697680950165,-55.77826690673828
clip_vit_b_32,patch_shuffle,7217,1,-5.525937080383301,-43.05015563964844
clip_vit_b_32,patch_shuffle,5546,1,-5.750512599945068,-52.23347473144531
clip_vit_b_32,patch_shuffle,6498,1,-4.022353172302246,-43.116180419921875
clip_vit_b_32,patch_shuffle,5425,1,-5.398063659667969,-52.8250617980957
clip_vit_b_32,patch_shuffle,3537,1,-2.5247645378112793,-50.8474006652832
clip_vit_b_32,patch_shuffle,463,1,-3.9507601261138916,-49.70548629760742
clip_vit_b_32,patch_shuffle,4733,1,-0.6661205291748047,-50.998207092285156
clip_vit_b_32,patch_shuffle,5240,1,-1.238832712173462,-54.3147087097168
clip_vit_b_32,patch_shuffle,3223,1,-2.238948106765747,-57.261192321777344
clip_vit_b_32,patch_shuffle,1740,1,0.8022535443305969,-52.76969528198242
clip_vit_b_32,patch_shuffle,6410,1,7.846704959869385,-53.09444046020508
clip_vit_b_32,patch_shuffle,3834,1,-1.7725437879562378,-58.35498046875
clip_vit_b_32,patch_shuffle,1302,1,-2.310608148574829,-58.32315444946289
clip_vit_b_32,patch_shuffle,1218,1,-3.5169217586517334,-56.68716049194336
clip_vit_b_32,patch_shuffle,1428,1,-2.782130002975464,-38.62049102783203
clip_vit_b_32,patch_shuffle,564,1,-2.9623420238494873,-43.82270050048828
clip_vit_b_32,patch_shuffle,6072,1,-3.387547254562378,-58.33023452758789
clip_vit_b_32,patch_shuffle,2988,1,-0.4671477675437927,-50.271305084228516
clip_vit_b_32,patch_shuffle,3556,1,6.533832550048828,-52.87314224243164
clip_vit_b_32,patch_shuffle,1053,1,-3.5504729747772217,-50.18180847167969
clip_vit_b_32,patch_shuffle,6880,1,-4.985030174255371,-45.92182159423828
clip_vit_b_32,patch_shuffle,5830,1,-4.540843486785889,-52.767765045166016
clip_vit_b_32,patch_shuffle,5394,1,0.47409021854400635,-53.94875717163086
clip_vit_b_32,patch_shuffle,963,1,-1.7164627313613892,-46.9085578918457
clip_vit_b_32,patch_shuffle,5122,1,-3.3421273231506348,-57.99977493286133
clip_vit_b_32,patch_shuffle,7052,1,-2.707824945449829,-55.626461029052734
clip_vit_b_32,patch_shuffle,1081,1,-2.94307279586792,-50.81141662597656
clip_vit_b_32,patch_shuffle,3588,1,-1.9812507629394531,-50.09000778198242
clip_vit_b_32,patch_shuffle,1491,1,-3.3957629203796387,-53.154991149902344
clip_vit_b_32,patch_shuffle,4188,1,-3.4201149940490723,-52.99866485595703
clip_vit_b_32,patch_shuffle,1353,1,-3.0912108421325684,-49.70711898803711
clip_vit_b_32,patch_shuffle,3388,1,-2.571598529815674,-57.84270095825195
clip_vit_b_32,patch_shuffle,7066,1,-3.17647123336792,-56.73672103881836
clip_vit_b_32,patch_shuffle,275,1,-4.905505657196045,-52.8615608215332
clip_vit_b_32,patch_shuffle,225,1,-8.969852447509766,-39.16471862792969
clip_vit_b_32,patch_shuffle,61,1,-1.9746673107147217,-49.62538146972656
clip_vit_b_32,patch_shuffle,5929,1,-2.476445198059082,-55.17320251464844
clip_vit_b_32,patch_shuffle,3144,1,-2.0183911323547363,-48.54347229003906
clip_vit_b_32,patch_shuffle,6982,1,-3.2946434020996094,-51.45869445800781
clip_vit_b_32,patch_shuffle,6938,1,-1.4787185192108154,-56.601253509521484
clip_vit_b_32,patch_shuffle,6014,1,-1.4563578367233276,-55.82709503173828
clip_vit_b_32,patch_shuffle,4361,1,-2.8204879760742188,-50.027587890625
clip_vit_b_32,patch_shuffle,6022,1,-2.4100375175476074,-51.1241455078125
clip_vit_b_32,patch_shuffle,2915,2,-22.418054580688477,-50.36571502685547
clip_vit_b_32,patch_shuffle,2338,2,-18.4271297454834,-47.54064178466797
clip_vit_b_32,patch_shuffle,7327,2,-21.92795753479004,-49.13652038574219
clip_vit_b_32,patch_shuffle,4201,2,-16.85662078857422,-47.94447326660156
clip_vit_b_32,patch_shuffle,1731,2,-17.97517967224121,-47.644081115722656
clip_vit_b_32,patch_shuffle,7826,2,-19.29151153564453,-46.573036193847656
clip_vit_b_32,patch_shuffle,4041,2,-19.472566604614258,-50.381072998046875
clip_vit_b_32,patch_shuffle,313,2,-16.24667739868164,-46.44068908691406
clip_vit_b_32,patch_shuffle,2392,2,-18.437313079833984,-51.409305572509766
clip_vit_b_32,patch_shuffle,1750,2,-17.740745544433594,-46.6832160949707
clip_vit_b_32,patch_shuffle,6053,2,-20.126985549926758,-48.783729553222656
clip_vit_b_32,patch_shuffle,5463,2,-22.530771255493164,-48.35007095336914
clip_vit_b_32,patch_shuffle,5484,2,-17.469581604003906,-49.16680908203125
clip_vit_b_32,patch_shuffle,6683,2,-21.65008544921875,-49.08950424194336
clip_vit_b_32,patch_shuffle,2611,2,-26.645132064819336,-40.798336029052734
clip_vit_b_32,patch_shuffle,1059,2,-17.003385543823242,-45.86464309692383
clip_vit_b_32,patch_shuffle,5177,2,-10.085882186889648,-43.441654205322266
clip_vit_b_32,patch_shuffle,6981,2,-19.100221633911133,-48.44326400756836
clip_vit_b_32,patch_shuffle,6347,2,-18.545391082763672,-47.394222259521484
clip_vit_b_32,patch_shuffle,6216,2,-15.990240097045898,-44.51647186279297
clip_vit_b_32,patch_shuffle,655,2,-14.103208541870117,-42.781707763671875
clip_vit_b_32,patch_shuffle,7392,2,-11.09304428100586,-43.64638137817383
clip_vit_b_32,patch_shuffle,6548,2,-25.802810668945312,-46.19272994995117
clip_vit_b_32,patch_shuffle,6271,2,-16.683229446411133,-50.39865493774414
clip_vit_b_32,patch_shuffle,2252,2,-25.07785987854004,-46.71039962768555
clip_vit_b_32,patch_shuffle,3363,2,-14.682845115661621,-42.363243103027344
clip_vit_b_32,patch_shuffle,7843,2,-17.824403762817383,-49.78138732910156
clip_vit_b_32,patch_shuffle,6795,2,-16.50834083557129,-50.54219055175781
clip_vit_b_32,patch_shuffle,4605,2,-18.069881439208984,-46.88972091674805
clip_vit_b_32,patch_shuffle,5011,2,-21.10130500793457,-46.258995056152344
clip_vit_b_32,patch_shuffle,2436,2,-13.484309196472168,-44.639644622802734
clip_vit_b_32,patch_shuffle,3944,2,-19.797645568847656,-46.00187301635742
clip_vit_b_32,patch_shuffle,517,2,-17.799585342407227,-44.90985107421875
clip_vit_b_32,patch_shuffle,2200,2,-18.164701461791992,-49.54802703857422
clip_vit_b_32,patch_shuffle,3067,2,-17.916114807128906,-51.27320098876953
clip_vit_b_32,patch_shuffle,5004,2,-16.861154556274414,-48.43581008911133
clip_vit_b_32,patch_shuffle,6738,2,-21.110240936279297,-49.053035736083984
clip_vit_b_32,patch_shuffle,905,2,-20.39334487915039,-48.023136138916016
clip_vit_b_32,patch_shuffle,4316,2,-18.890052795410156,-49.167213439941406
clip_vit_b_32,patch_shuffle,332,2,-20.371755599975586,-49.26853942871094
clip_vit_b_32,patch_shuffle,2503,2,-22.817794799804688,-49.630462646484375
clip_vit_b_32,patch_shuffle,2748,2,-14.215177536010742,-43.167083740234375
clip_vit_b_32,patch_shuffle,1179,2,-19.733413696289062,-47.59001159667969
clip_vit_b_32,patch_shuffle,3641,2,-18.859771728515625,-48.91972351074219
clip_vit_b_32,patch_shuffle,5663,2,-16.706830978393555,-43.07171630859375
clip_vit_b_32,patch_shuffle,4440,2,-18.280183792114258,-46.48579406738281
clip_vit_b_32,patch_shuffle,2909,2,-17.484373092651367,-50.13298797607422
clip_vit_b_32,patch_shuffle,7711,2,-21.340534210205078,-50.30790710449219
clip_vit_b_32,patch_shuffle,88,2,-11.717205047607422,-42.37181091308594
clip_vit_b_32,patch_shuffle,5577,2,-17.374359130859375,-47.31611633300781
clip_vit_b_32,patch_shuffle,6459,3,5.611730575561523,-49.77688980102539
clip_vit_b_32,patch_shuffle,4174,3,0.8352826833724976,-40.73759078979492
clip_vit_b_32,patch_shuffle,6324,3,9.40091609954834,-50.811798095703125
clip_vit_b_32,patch_shuffle,2785,3,-0.5144456028938293,-41.73490905761719
clip_vit_b_32,patch_shuffle,4473,3,2.669612169265747,-52.93500518798828
clip_vit_b_32,patch_shuffle,2480,3,6.6794114112854,-46.562320709228516
clip_vit_b_32,patch_shuffle,7360,3,2.5252866744995117,-52.826297760009766
clip_vit_b_32,patch_shuffle,5976,3,3.8045575618743896,-40.614967346191406
clip_vit_b_32,patch_shuffle,7416,3,3.2530388832092285,-41.44682312011719
clip_vit_b_32,patch_shuffle,1563,3,5.507461071014404,-58.23331832885742
clip_vit_b_32,patch_shuffle,2206,3,1.5951790809631348,-42.57766342163086
clip_vit_b_32,patch_shuffle,5551,3,3.7929205894470215,-39.43775177001953
clip_vit_b_32,patch_shuffle,5635,3,4.468052864074707,-41.05015563964844
clip_vit_b_32,patch_shuffle,6632,3,5.396170139312744,-51.124717712402344
clip_vit_b_32,patch_shuffle,7891,3,-1.0093905925750732,-43.69232940673828
clip_vit_b_32,patch_shuffle,2434,3,3.4069416522979736,-39.82183074951172
clip_vit_b_32,patch_shuffle,6575,3,6.198571681976318,-38.814430236816406
clip_vit_b_32,patch_shuffle,589,3,5.3259687423706055,-49.75649642944336
clip_vit_b_32,patch_shuffle,897,3,5.531559467315674,-39.13761520385742
clip_vit_b_32,patch_shuffle,874,3,5.194129943847656,-45.36931610107422
clip_vit_b_32,patch_shuffle,1622,3,4.837291240692139,-54.08416748046875
clip_vit_b_32,patch_shuffle,249,3,10.715940475463867,-51.21821594238281
clip_vit_b_32,patch_shuffle,2360,3,9.912381172180176,-47.69460678100586
clip_vit_b_32,patch_shuffle,1343,3,5.69758415222168,-49.41483688354492
clip_vit_b_32,patch_shuffle,4720,3,3.1490671634674072,-38.688419342041016
clip_vit_b_32,patch_shuffle,6385,3,4.780154228210449,-44.81504821777344
clip_vit_b_32,patch_shuffle,1241,3,10.768169403076172,-48.736698150634766
clip_vit_b_32,patch_shuffle,495,3,5.391550540924072,-53.508426666259766
clip_vit_b_32,patch_shuffle,1531,3,14.61374568939209,-47.048377990722656
clip_vit_b_32,patch_shuffle,2454,3,4.125299453735352,-39.003028869628906
clip_vit_b_32,patch_shuffle,6641,3,7.480283260345459,-50.531707763671875
clip_vit_b_32,patch_shuffle,3681,3,5.885685443878174,-49.1756706237793
clip_vit_b_32,patch_shuffle,185,3,4.142901420593262,-39.69353485107422
clip_vit_b_32,patch_shuffle,7421,3,3.3666012287139893,-40.81681823730469
clip_vit_b_32,patch_shuffle,6826,3,5.441330909729004,-51.086421966552734
clip_vit_b_32,patch_shuffle,2222,3,6.66657829284668,-39.06828689575195
clip_vit_b_32,patch_shuffle,1968,3,4.940145015716553,-37.81388854980469
clip_vit_b_32,patch_shuffle,3202,3,4.6269049644470215,-37.24507141113281
clip_vit_b_32,patch_shuffle,5522,3,1.233862042427063,-42.984928131103516
clip_vit_b_32,patch_shuffle,1946,3,3.1346828937530518,-48.928138732910156
clip_vit_b_32,patch_shuffle,6094,3,-2.645094394683838,-45.166866302490234
clip_vit_b_32,patch_shuffle,6647,3,7.2067766189575195,-50.456298828125
clip_vit_b_32,patch_shuffle,1187,3,2.1513495445251465,-39.29908752441406
clip_vit_b_32,patch_shuffle,3375,3,9.297808647155762,-48.33018493652344
clip_vit_b_32,patch_shuffle,4184,3,3.3066625595092773,-43.313594818115234
clip_vit_b_32,patch_shuffle,4858,3,2.909477710723877,-40.122398376464844
clip_vit_b_32,patch_shuffle,2225,3,1.0642589330673218,-49.15650177001953
clip_vit_b_32,patch_shuffle,5294,3,6.651104927062988,-46.459632873535156
clip_vit_b_32,patch_shuffle,7527,3,-2.359739303588867,-42.481483459472656
clip_vit_b_32,patch_shuffle,4856,3,10.377881050109863,-50.04019546508789
clip_vit_b_32,patch_shuffle,321,4,16.167089462280273,-50.735782623291016
clip_vit_b_32,patch_shuffle,4155,4,-7.40507698059082,-46.49861145019531
clip_vit_b_32,patch_shuffle,3928,4,17.10738754272461,-49.56415939331055
clip_vit_b_32,patch_shuffle,7910,4,16.18863296508789,-54.05313491821289
clip_vit_b_32,patch_shuffle,1669,4,16.10342788696289,-54.151187896728516
clip_vit_b_32,patch_shuffle,2021,4,14.550858497619629,-53.83857345581055
clip_vit_b_32,patch_shuffle,3861,4,11.592445373535156,-49.51057815551758
clip_vit_b_32,patch_shuffle,3339,4,13.118017196655273,-52.758113861083984
clip_vit_b_32,patch_shuffle,7728,4,16.954370498657227,-52.41670608520508
clip_vit_b_32,patch_shuffle,5181,4,14.236549377441406,-50.50224685668945
clip_vit_b_32,patch_shuffle,6913,4,16.84604835510254,-50.5463752746582
clip_vit_b_32,patch_shuffle,4089,4,14.591944694519043,-52.71672058105469
clip_vit_b_32,patch_shuffle,1550,4,15.131752967834473,-53.384578704833984
clip_vit_b_32,patch_shuffle,3890,4,5.7606987953186035,-54.076751708984375
clip_vit_b_32,patch_shuffle,5467,4,17.89700698852539,-53.00362014770508
clip_vit_b_32,patch_shuffle,7661,4,17.589080810546875,-46.78903579711914
clip_vit_b_32,patch_shuffle,1694,4,14.981877326965332,-54.26032638549805
clip_vit_b_32,patch_shuffle,2064,4,15.288622856140137,-47.9577751159668
clip_vit_b_32,patch_shuffle,490,4,4.639544486999512,-60.31430435180664
clip_vit_b_32,patch_shuffle,6123,4,15.90584659576416,-53.26601028442383
clip_vit_b_32,patch_shuffle,5888,4,15.600029945373535,-53.02760696411133
clip_vit_b_32,patch_shuffle,6441,4,12.108593940734863,-50.46397018432617
clip_vit_b_32,patch_shuffle,7054,4,14.581833839416504,-51.80024719238281
clip_vit_b_32,patch_shuffle,2125,4,11.127596855163574,-44.70111083984375
clip_vit_b_32,patch_shuffle,1592,4,19.037752151489258,-53.133663177490234
clip_vit_b_32,patch_shuffle,7154,4,15.42847728729248,-51.6993408203125
clip_vit_b_32,patch_shuffle,1223,4,17.617050170898438,-53.45560073852539
clip_vit_b_32,patch_shuffle,4384,4,12.635347366333008,-51.54119110107422
clip_vit_b_32,patch_shuffle,3069,4,3.460294008255005,-57.38322448730469
clip_vit_b_32,patch_shuffle,4262,4,17.870582580566406,-45.43126678466797
clip_vit_b_32,patch_shuffle,2653,4,17.01152992248535,-54.08071517944336
clip_vit_b_32,patch_shuffle,1209,4,18.214357376098633,-51.0516242980957
clip_vit_b_32,patch_shuffle,5765,4,8.922040939331055,-53.14863586425781
clip_vit_b_32,patch_shuffle,3078,4,2.098088502883911,-50.37973403930664
clip_vit_b_32,patch_shuffle,2862,4,3.2713379859924316,-53.99180221557617
clip_vit_b_32,patch_shuffle,5708,4,9.477663040161133,-51.58100128173828
clip_vit_b_32,patch_shuffle,4616,4,10.332526206970215,-51.30052185058594
clip_vit_b_32,patch_shuffle,3444,4,16.069313049316406,-48.45484161376953
clip_vit_b_32,patch_shuffle,650,4,8.738653182983398,-52.340843200683594
clip_vit_b_32,patch_shuffle,1050,4,17.881364822387695,-52.63761520385742
clip_vit_b_32,patch_shuffle,7387,4,-8.38778018951416,-41.42184066772461
clip_vit_b_32,patch_shuffle,3012,4,-3.4423558712005615,-46.840816497802734
clip_vit_b_32,patch_shuffle,51,4,3.48677921295166,-56.817195892333984
clip_vit_b_32,patch_shuffle,6587,4,16.6549129486084,-51.11756896972656
clip_vit_b_32,patch_shuffle,6122,4,17.112024307250977,-50.82272720336914
clip_vit_b_32,patch_shuffle,1011,4,13.736798286437988,-49.58528137207031
clip_vit_b_32,patch_shuffle,7574,4,16.444534301757812,-53.60501480102539
clip_vit_b_32,patch_shuffle,4006,4,15.818777084350586,-50.11757278442383
clip_vit_b_32,patch_shuffle,2875,4,15.708035469055176,-52.295101165771484
clip_vit_b_32,patch_shuffle,3568,4,13.186979293823242,-40.29676818847656
clip_vit_b_32,patch_shuffle,3825,5,2.2579071521759033,-41.95893096923828
clip_vit_b_32,patch_shuffle,2451,5,-3.8560922145843506,-41.697105407714844
clip_vit_b_32,patch_shuffle,533,5,10.090963363647461,-42.55769348144531
clip_vit_b_32,patch_shuffle,6959,5,3.1560819149017334,-57.118614196777344
clip_vit_b_32,patch_shuffle,6376,5,0.3771775960922241,-37.36296463012695
clip_vit_b_32,patch_shuffle,3625,5,7.578961372375488,-48.4202995300293
clip_vit_b_32,patch_shuffle,5603,5,11.706830978393555,-43.98796463012695
clip_vit_b_32,patch_shuffle,1715,5,6.062023162841797,-41.42881774902344
clip_vit_b_32,patch_shuffle,7577,5,13.430222511291504,-45.11894989013672
clip_vit_b_32,patch_shuffle,4917,5,-3.0866758823394775,-39.055118560791016
clip_vit_b_32,patch_shuffle,6930,5,4.2184953689575195,-42.56122970581055
clip_vit_b_32,patch_shuffle,78,5,9.075373649597168,-41.29343795776367
clip_vit_b_32,patch_shuffle,123,5,9.338275909423828,-38.473567962646484
clip_vit_b_32,patch_shuffle,7179,5,-7.974643230438232,-46.06488800048828
clip_vit_b_32,patch_shuffle,5234,5,13.603657722473145,-49.53789138793945
clip_vit_b_32,patch_shuffle,1057,5,-3.0020835399627686,-39.05068588256836
clip_vit_b_32,patch_shuffle,5288,5,7.381054878234863,-43.529727935791016
clip_vit_b_32,patch_shuffle,1677,5,6.319277286529541,-41.467124938964844
clip_vit_b_32,patch_shuffle,4526,5,12.120882034301758,-44.12003707885742
clip_vit_b_32,patch_shuffle,6019,5,1.3495566844940186,-44.00519561767578
clip_vit_b_32,patch_shuffle,7672,5,9.417596817016602,-38.45860290527344
clip_vit_b_32,patch_shuffle,840,5,0.7480779886245728,-40.5179443359375
clip_vit_b_32,patch_shuffle,4870,5,3.3404335975646973,-42.077762603759766
clip_vit_b_32,patch_shuffle,162,5,14.361865997314453,-46.42873001098633
clip_vit_b_32,patch_shuffle,1361,5,8.58686637878418,-42.96195602416992
clip_vit_b_32,patch_shuffle,5281,5,-2.265120029449463,-44.178619384765625
clip_vit_b_32,patch_shuffle,2332,5,13.039383888244629,-45.23887252807617
clip_vit_b_32,patch_shuffle,6822,5,5.963221549987793,-42.05927276611328
clip_vit_b_32,patch_shuffle,2453,5,12.635891914367676,-47.82940673828125
clip_vit_b_32,patch_shuffle,6970,5,3.7536730766296387,-43.54433059692383
clip_vit_b_32,patch_shuffle,39,5,12.29149341583252,-42.45741271972656
clip_vit_b_32,patch_shuffle,7429,5,9.936084747314453,-43.19586181640625
clip_vit_b_32,patch_shuffle,3892,5,10.956493377685547,-42.85029602050781
clip_vit_b_32,patch_shuffle,5794,5,10.812305450439453,-42.3260383605957
clip_vit_b_32,patch_shuffle,7343,5,12.94058895111084,-45.65786361694336
clip_vit_b_32,patch_shuffle,5646,5,3.0030829906463623,-47.09596633911133
clip_vit_b_32,patch_shuffle,3080,5,0.6149159073829651,-39.05094528198242
clip_vit_b_32,patch_shuffle,6989,5,11.089227676391602,-45.849578857421875
clip_vit_b_32,patch_shuffle,4265,5,4.323784828186035,-38.2891960144043
clip_vit_b_32,patch_shuffle,5687,5,9.886874198913574,-42.0479621887207
clip_vit_b_32,patch_shuffle,567,5,4.595419406890869,-40.31578063964844
clip_vit_b_32,patch_shuffle,4862,5,9.384180068969727,-46.48052215576172
clip_vit_b_32,patch_shuffle,5767,5,10.53371524810791,-40.8033332824707
clip_vit_b_32,patch_shuffle,4597,5,10.032167434692383,-44.80097579956055
clip_vit_b_32,patch_shuffle,4966,5,0.8839054703712463,-36.791717529296875
clip_vit_b_32,patch_shuffle,5417,5,13.088905334472656,-40.6820182800293
clip_vit_b_32,patch_shuffle,1823,5,-3.6039443016052246,-44.80181884765625
clip_vit_b_32,patch_shuffle,7771,5,7.386127948760986,-41.7884521484375
clip_vit_b_32,patch_shuffle,1889,5,1.8850932121276855,-39.49789810180664
clip_vit_b_32,patch_shuffle,1010,5,10.583223342895508,-44.924312591552734
clip_vit_b_32,patch_shuffle,6614,6,-0.8804769515991211,-46.55445861816406
clip_vit_b_32,patch_shuffle,813,6,18.835346221923828,-41.657249450683594
clip_vit_b_32,patch_shuffle,2485,6,18.894760131835938,-42.56204605102539
clip_vit_b_32,patch_shuffle,4430,6,19.665264129638672,-41.1285285949707
clip_vit_b_32,patch_shuffle,6485,6,21.20366096496582,-42.059967041015625
clip_vit_b_32,patch_shuffle,1770,6,15.83133602142334,-37.41286849975586
clip_vit_b_32,patch_shuffle,2201,6,-11.737499237060547,-46.87953567504883
clip_vit_b_32,patch_shuffle,3193,6,18.667133331298828,-45.35796356201172
clip_vit_b_32,patch_shuffle,3628,6,19.056501388549805,-40.3474006652832
clip_vit_b_32,patch_shuffle,2647,6,17.462993621826172,-44.69709014892578
clip_vit_b_32,patch_shuffle,1890,6,21.63370132446289,-39.57758712768555
clip_vit_b_32,patch_shuffle,5986,6,15.798605918884277,-37.72739791870117
clip_vit_b_32,patch_shuffle,1330,6,19.94063377380371,-44.01567077636719
clip_vit_b_32,patch_shuffle,6746,6,18.72258186340332,-38.99179458618164
clip_vit_b_32,patch_shuffle,7622,6,-5.430173397064209,-40.53542709350586
clip_vit_b_32,patch_shuffle,7962,6,19.891021728515625,-40.823368072509766
clip_vit_b_32,patch_shuffle,7745,6,19.93802261352539,-44.350807189941406
clip_vit_b_32,patch_shuffle,2566,6,7.6228179931640625,-59.8914794921875
clip_vit_b_32,patch_shuffle,19,6,16.45012664794922,-42.86910629272461
clip_vit_b_32,patch_shuffle,6411,6,18.670822143554688,-44.7005500793457
clip_vit_b_32,patch_shuffle,2561,6,19.066913604736328,-45.718360900878906
clip_vit_b_32,patch_shuffle,3418,6,20.816877365112305,-43.116851806640625
clip_vit_b_32,patch_shuffle,5854,6,16.316917419433594,-41.16726303100586
clip_vit_b_32,patch_shuffle,3802,6,22.074256896972656,-39.18777847290039
clip_vit_b_32,patch_shuffle,4685,6,17.602994918823242,-40.87034606933594
clip_vit_b_32,patch_shuffle,4251,6,16.508106231689453,-42.70642852783203
clip_vit_b_32,patch_shuffle,4798,6,19.031213760375977,-46.629886627197266
clip_vit_b_32,patch_shuffle,2565,6,22.26409339904785,-40.44042205810547
clip_vit_b_32,patch_shuffle,4476,6,16.39025115966797,-41.15822982788086
clip_vit_b_32,patch_shuffle,2969,6,15.526956558227539,-44.307708740234375
clip_vit_b_32,patch_shuffle,3661,6,6.210151672363281,-43.43612289428711
clip_vit_b_32,patch_shuffle,629,6,19.94015884399414,-41.096153259277344
clip_vit_b_32,patch_shuffle,5722,6,16.094375610351562,-37.89314270019531
clip_vit_b_32,patch_shuffle,6790,6,20.073482513427734,-41.95932388305664
clip_vit_b_32,patch_shuffle,6920,6,19.521745681762695,-39.6614875793457
clip_vit_b_32,patch_shuffle,6154,6,19.857255935668945,-42.645530700683594
clip_vit_b_32,patch_shuffle,3137,6,21.99662971496582,-39.90851974487305
clip_vit_b_32,patch_shuffle,4411,6,-6.597027778625488,-36.983612060546875
clip_vit_b_32,patch_shuffle,1912,6,14.70995807647705,-40.19146728515625
clip_vit_b_32,patch_shuffle,7108,6,18.44056510925293,-44.51091003417969
clip_vit_b_32,patch_shuffle,1077,6,21.66080093383789,-39.82036590576172
clip_vit_b_32,patch_shuffle,432,6,18.247034072875977,-45.81464385986328
clip_vit_b_32,patch_shuffle,1481,6,17.818798065185547,-38.44520950317383
clip_vit_b_32,patch_shuffle,7187,6,19.16849136352539,-43.79896545410156
clip_vit_b_32,patch_shuffle,4746,6,17.02314567565918,-46.25261306762695
clip_vit_b_32,patch_shuffle,5732,6,21.10590171813965,-42.76445007324219
clip_vit_b_32,patch_shuffle,1157,6,-0.5374746918678284,-40.217132568359375
clip_vit_b_32,patch_shuffle,4968,6,19.271991729736328,-45.11581039428711
clip_vit_b_32,patch_shuffle,4869,6,17.447738647460938,-40.63393020629883
clip_vit_b_32,patch_shuffle,760,6,17.021690368652344,-41.809226989746094
clip_vit_b_32,patch_shuffle,864,7,8.990677833557129,-59.3580322265625
clip_vit_b_32,patch_shuffle,2982,7,10.808943748474121,-55.60956954956055
clip_vit_b_32,patch_shuffle,7778,7,9.704734802246094,-55.15546417236328
clip_vit_b_32,patch_shuffle,6876,7,3.1418352127075195,-44.431793212890625
clip_vit_b_32,patch_shuffle,2756,7,10.414645195007324,-56.107295989990234
clip_vit_b_32,patch_shuffle,6225,7,6.737261772155762,-57.087913513183594
clip_vit_b_32,patch_shuffle,1514,7,-3.2044625282287598,-42.849891662597656
clip_vit_b_32,patch_shuffle,4951,7,0.04190704599022865,-37.3531494140625
clip_vit_b_32,patch_shuffle,7608,7,8.856739044189453,-55.77688217163086
clip_vit_b_32,patch_shuffle,7769,7,8.130104064941406,-54.549495697021484
clip_vit_b_32,patch_shuffle,3590,7,9.302701950073242,-54.69001388549805
clip_vit_b_32,patch_shuffle,2808,7,-0.44160330295562744,-45.03554153442383
clip_vit_b_32,patch_shuffle,230,7,3.2873356342315674,-55.63584518432617
clip_vit_b_32,patch_shuffle,2787,7,6.491032123565674,-57.95936584472656
clip_vit_b_32,patch_shuffle,4080,7,9.066973686218262,-58.70069885253906
clip_vit_b_32,patch_shuffle,6301,7,5.48637580871582,-60.748661041259766
clip_vit_b_32,patch_shuffle,6840,7,0.8155141472816467,-48.680477142333984
clip_vit_b_32,patch_shuffle,6882,7,5.833327770233154,-58.38075256347656
clip_vit_b_32,patch_shuffle,1473,7,10.474544525146484,-57.55931854248047
clip_vit_b_32,patch_shuffle,1237,7,9.215057373046875,-59.207733154296875
clip_vit_b_32,patch_shuffle,6869,7,5.1075310707092285,-55.276527404785156
clip_vit_b_32,patch_shuffle,1656,7,5.715259075164795,-56.66679000854492
clip_vit_b_32,patch_shuffle,493,7,8.466339111328125,-57.454349517822266
clip_vit_b_32,patch_shuffle,6663,7,4.462587356567383,-53.05817413330078
clip_vit_b_32,patch_shuffle,2100,7,10.276667594909668,-55.51721954345703
clip_vit_b_32,patch_shuffle,6725,7,7.525798320770264,-58.15219497680664
clip_vit_b_32,patch_shuffle,4773,7,7.826622486114502,-59.435813903808594
clip_vit_b_32,patch_shuffle,2207,7,8.476428985595703,-56.543190002441406
clip_vit_b_32,patch_shuffle,1122,7,6.381356239318848,-56.08130645751953
clip_vit_b_32,patch_shuffle,7695,7,8.336421012878418,-58.53843688964844
clip_vit_b_32,patch_shuffle,2063,7,2.4168379306793213,-54.437049865722656
clip_vit_b_32,patch_shuffle,5697,7,6.302364826202393,-38.10347366333008
clip_vit_b_32,patch_shuffle,2581,7,10.655444145202637,-57.34343719482422
clip_vit_b_32,patch_shuffle,5995,7,6.696934700012207,-56.49348068237305
clip_vit_b_32,patch_shuffle,1985,7,5.635684490203857,-56.88203048706055
clip_vit_b_32,patch_shuffle,2773,7,11.42530345916748,-54.24213409423828
clip_vit_b_32,patch_shuffle,6322,7,7.965715408325195,-57.27294921875
clip_vit_b_32,patch_shuffle,3411,7,9.956315994262695,-57.012420654296875
clip_vit_b_32,patch_shuffle,6149,7,-4.638005256652832,-45.71290588378906
clip_vit_b_32,patch_shuffle,7505,7,6.0866241455078125,-54.07022476196289
clip_vit_b_32,patch_shuffle,6374,7,2.302495241165161,-50.63999938964844
clip_vit_b_32,patch_shuffle,57,7,8.03065299987793,-55.658721923828125
clip_vit_b_32,patch_shuffle,4441,7,5.131174087524414,-60.87599182128906
clip_vit_b_32,patch_shuffle,3581,7,8.102666854858398,-57.392616271972656
clip_vit_b_32,patch_shuffle,5586,7,-3.7117679119110107,-44.1043586730957
clip_vit_b_32,patch_shuffle,3140,7,-4.868666648864746,-44.61207962036133
clip_vit_b_32,patch_shuffle,5535,7,-1.2290185689926147,-43.587947845458984
clip_vit_b_32,patch_shuffle,1224,7,0.9698787331581116,-52.63888931274414
clip_vit_b_32,patch_shuffle,680,7,2.6309902667999268,-48.00303268432617
clip_vit_b_32,patch_shuffle,3230,7,0.8199396729469299,-46.830650329589844
clip_vit_b_32,patch_shuffle,6797,8,-25.918968200683594,-29.715810775756836
clip_vit_b_32,patch_shuffle,7508,8,-25.619047164916992,-29.12211036682129
clip_vit_b_32,patch_shuffle,6365,8,-26.525089263916016,-30.759750366210938
clip_vit_b_32,patch_shuffle,4058,8,-28.940006256103516,-29.652740478515625
clip_vit_b_32,patch_shuffle,6110,8,-24.055133819580078,-28.06973648071289
clip_vit_b_32,patch_shuffle,2335,8,-24.137226104736328,-27.791114807128906
clip_vit_b_32,patch_shuffle,4844,8,-25.482664108276367,-31.614316940307617
clip_vit_b_32,patch_shuffle,3479,8,-24.27628517150879,-32.934757232666016
clip_vit_b_32,patch_shuffle,4876,8,-24.08350372314453,-27.074600219726562
clip_vit_b_32,patch_shuffle,3551,8,-26.677906036376953,-32.23280334472656
clip_vit_b_32,patch_shuffle,4072,8,-27.646352767944336,-27.969528198242188
clip_vit_b_32,patch_shuffle,5959,8,-25.8123722076416,-29.674882888793945
clip_vit_b_32,patch_shuffle,4655,8,-27.59191131591797,-30.47933006286621
clip_vit_b_32,patch_shuffle,6302,8,-28.329910278320312,-30.39017105102539
clip_vit_b_32,patch_shuffle,4690,8,-22.6772403717041,-28.755054473876953
clip_vit_b_32,patch_shuffle,4030,8,-17.62942886352539,-40.72603988647461
clip_vit_b_32,patch_shuffle,7596,8,-25.3933048248291,-32.93241882324219
clip_vit_b_32,patch_shuffle,7300,8,-27.527645111083984,-32.366390228271484
clip_vit_b_32,patch_shuffle,2355,8,-28.398326873779297,-30.366107940673828
clip_vit_b_32,patch_shuffle,2657,8,-23.12547492980957,-31.02984619140625
clip_vit_b_32,patch_shuffle,1002,8,-26.49521255493164,-28.93675422668457
clip_vit_b_32,patch_shuffle,7907,8,-23.567312240600586,-32.451717376708984
clip_vit_b_32,patch_shuffle,460,8,-27.0179386138916,-27.830965042114258
clip_vit_b_32,patch_shuffle,4632,8,-23.644926071166992,-27.337926864624023
clip_vit_b_32,patch_shuffle,6832,8,-25.16231918334961,-29.714834213256836
clip_vit_b_32,patch_shuffle,5398,8,-24.635417938232422,-30.272132873535156
clip_vit_b_32,patch_shuffle,6643,8,-25.33501434326172,-31.266828536987305
clip_vit_b_32,patch_shuffle,6274,8,-24.033061981201172,-29.284929275512695
clip_vit_b_32,patch_shuffle,1166,8,-25.13189125061035,-32.19488525390625
clip_vit_b_32,patch_shuffle,5040,8,-27.182937622070312,-30.00473976135254
clip_vit_b_32,patch_shuffle,1658,8,-23.347578048706055,-31.849288940429688
clip_vit_b_32,patch_shuffle,6001,8,-26.432512283325195,-32.49209213256836
clip_vit_b_32,patch_shuffle,5320,8,-23.470304489135742,-30.674978256225586
clip_vit_b_32,patch_shuffle,2038,8,-26.531267166137695,-31.431154251098633
clip_vit_b_32,patch_shuffle,2099,8,-17.442806243896484,-41.23393630981445
clip_vit_b_32,patch_shuffle,6870,8,-27.589588165283203,-29.13187599182129
clip_vit_b_32,patch_shuffle,5479,8,-24.637563705444336,-27.40384864807129
clip_vit_b_32,patch_shuffle,266,8,-16.765745162963867,-39.72045135498047
clip_vit_b_32,patch_shuffle,6162,8,-25.838237762451172,-33.354923248291016
clip_vit_b_32,patch_shuffle,3816,8,-24.776409149169922,-31.542552947998047
clip_vit_b_32,patch_shuffle,3900,8,-24.912593841552734,-33.87186050415039
clip_vit_b_32,patch_shuffle,2059,8,-28.410934448242188,-29.706701278686523
clip_vit_b_32,patch_shuffle,6131,8,-25.182363510131836,-26.589550018310547
clip_vit_b_32,patch_shuffle,273,8,-28.123502731323242,-28.68313217163086
clip_vit_b_32,patch_shuffle,1255,8,-25.090469360351562,-30.235448837280273
clip_vit_b_32,patch_shuffle,6862,8,-24.120067596435547,-27.514543533325195
clip_vit_b_32,patch_shuffle,7976,8,-25.24618148803711,-32.52309036254883
clip_vit_b_32,patch_shuffle,1616,8,-28.903709411621094,-30.835159301757812
clip_vit_b_32,patch_shuffle,602,8,-22.805862426757812,-30.005380630493164
clip_vit_b_32,patch_shuffle,5134,8,-24.583019256591797,-28.939008712768555
clip_vit_b_32,patch_shuffle,932,9,-24.034631729125977,-43.436912536621094
clip_vit_b_32,patch_shuffle,2674,9,-22.499279022216797,-44.240333557128906
clip_vit_b_32,patch_shuffle,5655,9,-25.578842163085938,-46.382110595703125
clip_vit_b_32,patch_shuffle,7705,9,-23.44257926940918,-44.34482192993164
clip_vit_b_32,patch_shuffle,952,9,-23.166135787963867,-44.68265151977539
clip_vit_b_32,patch_shuffle,1836,9,-21.246784210205078,-44.02800369262695
clip_vit_b_32,patch_shuffle,6202,9,-21.614213943481445,-41.0674934387207
clip_vit_b_32,patch_shuffle,7701,9,1.969354510307312,-45.56726837158203
clip_vit_b_32,patch_shuffle,7147,9,-23.36696434020996,-45.11560821533203
clip_vit_b_32,patch_shuffle,243,9,-19.78237533569336,-43.309783935546875
clip_vit_b_32,patch_shuffle,7330,9,-21.300004959106445,-45.85691833496094
clip_vit_b_32,patch_shuffle,2379,9,-19.706262588500977,-45.081336975097656
clip_vit_b_32,patch_shuffle,5210,9,-20.418853759765625,-42.40144729614258
clip_vit_b_32,patch_shuffle,3103,9,-22.82729721069336,-40.881385803222656
clip_vit_b_32,patch_shuffle,7049,9,-18.36669158935547,-42.07106399536133
clip_vit_b_32,patch_shuffle,7921,9,-19.640085220336914,-43.9518928527832
clip_vit_b_32,patch_shuffle,2667,9,-19.32662582397461,-44.61592483520508
clip_vit_b_32,patch_shuffle,1240,9,-16.955402374267578,-38.45146942138672
clip_vit_b_32,patch_shuffle,2166,9,-20.36600112915039,-41.317848205566406
clip_vit_b_32,patch_shuffle,4362,9,-22.74956703186035,-41.862831115722656
clip_vit_b_32,patch_shuffle,757,9,-23.282634735107422,-46.29352951049805
clip_vit_b_32,patch_shuffle,5211,9,-26.151695251464844,-44.85330581665039
clip_vit_b_32,patch_shuffle,4049,9,-26.15488624572754,-43.94464111328125
clip_vit_b_32,patch_shuffle,5301,9,-10.078496932983398,-44.317264556884766
clip_vit_b_32,patch_shuffle,352,9,-21.72789764404297,-41.89165115356445
clip_vit_b_32,patch_shuffle,3428,9,-14.555438041687012,-41.19112777709961
clip_vit_b_32,patch_shuffle,3690,9,-14.906275749206543,-40.63634490966797
clip_vit_b_32,patch_shuffle,2682,9,-15.40598201751709,-41.7703857421875
clip_vit_b_32,patch_shuffle,7767,9,-12.4865083694458,-41.537994384765625
clip_vit_b_32,patch_shuffle,6747,9,-6.382077217102051,-43.51188278198242
clip_vit_b_32,patch_shuffle,4721,9,-22.635757446289062,-39.66300964355469
clip_vit_b_32,patch_shuffle,7654,9,-16.746902465820312,-42.57307434082031
clip_vit_b_32,patch_shuffle,3200,9,-20.448320388793945,-44.67218017578125
clip_vit_b_32,patch_shuffle,7671,9,-25.141143798828125,-45.043296813964844
clip_vit_b_32,patch_shuffle,6451,9,-24.69964599609375,-41.60148620605469
clip_vit_b_32,patch_shuffle,732,9,-24.479568481445312,-42.02839660644531
clip_vit_b_32,patch_shuffle,7845,9,-19.445009231567383,-39.85883712768555
clip_vit_b_32,patch_shuffle,6496,9,-26.06207275390625,-44.63298416137695
clip_vit_b_32,patch_shuffle,4956,9,-21.7067813873291,-42.47850799560547
clip_vit_b_32,patch_shuffle,6536,9,-23.494699478149414,-45.08950424194336
clip_vit_b_32,patch_shuffle,852,9,-18.463117599487305,-43.751686096191406
clip_vit_b_32,patch_shuffle,4320,9,-19.266422271728516,-42.794734954833984
clip_vit_b_32,patch_shuffle,5621,9,-22.676958084106445,-47.27082443237305
clip_vit_b_32,patch_shuffle,4095,9,-19.748809814453125,-42.662784576416016
clip_vit_b_32,patch_shuffle,1163,9,-21.795604705810547,-44.63212203979492
clip_vit_b_32,patch_shuffle,3249,9,-10.935379981994629,-43.46087646484375
clip_vit_b_32,patch_shuffle,2414,9,-22.23944664001465,-38.51611328125
clip_vit_b_32,patch_shuffle,3993,9,-23.621007919311523,-47.90097427368164
clip_vit_b_32,patch_shuffle,3076,9,-22.49862289428711,-42.97670364379883
clip_vit_b_32,patch_shuffle,1522,9,-19.242164611816406,-42.962520599365234
